path,source_archive_path,bytes,sha256,category,channels,sample_rate_hz,source_bits_per_sample
audio/Combat Weapons/Armor Shields and Movement/WEAPArmr_Armor equip 2_GfxSounds_FantasyGameBundle.wav,Fantasy Game Bundle/Combat Weapons/Armor Shields and Movement/WEAPArmr_Armor equip 2_GfxSounds_FantasyGameBundle.wav,64836,6b0945d9fe74082c37dd6ba5b2cecb7a977f2eceb211fd4785ed0154cb388358,Combat Weapons,2,44100,16
audio/Combat Weapons/Armor Shields and Movement/WEAPArmr_Armor equip 3_GfxSounds_FantasyGameBundle.wav,Fantasy Game Bundle/Combat Weapons/Armor Shields and Movement/WEAPArmr_Armor equip 3_GfxSounds_FantasyGameBundle.wav,106036,a6d3a6ad9572467e209759538f220b836cf48e813526ee91a8eacd11511cd922,Combat Weapons,2,44100,16
audio/Combat Weapons/Armor Shields and Movement/WEAPArmr_Armor equip_GfxSounds_FantasyGameBundle.wav,Fantasy Game Bundle/Combat Weapons/Armor Shields and Movement/WEAPArmr_Armor equip_GfxSounds_FantasyGameBundle.wav,170780,b3a9e53dae0b69ead70dabd5573112e3ca9d76f5171385984291b51d6ad048c0,Combat Weapons,2,44100,16
audio/Combat Weapons/Armor Shields and Movement/WEAPArmr_Armor leather dropping 2_GfxSounds_FantasyGameBundle.wav,Fantasy Game Bundle/Combat Weapons/Armor Shields and Movement/WEAPArmr_Armor leather dropping 2_GfxSounds_FantasyGameBundle.wav,659952,97a836a6c327899aeafa77d1b3edebe4a9f94e158760bd1f2f5c06a7111fbcf6,Combat Weapons,2,48000,16
audio/Combat Weapons/Armor Shields and Movement/WEAPArmr_Armor leather dropping 3_GfxSounds_FantasyGameBundle.wav,Fantasy Game Bundle/Combat Weapons/Armor Shields and Movement/WEAPArmr_Armor leather dropping 3_GfxSounds_FantasyGameBundle.wav,602292,0c98b606554f723965e99a14ec0567d9f4766fc002f9b89b482a95ee79259a41,Combat Weapons,2,48000,16
audio/Combat Weapons/Armor Shields and Movement/WEAPArmr_Armor leather dropping_GfxSounds_FantasyGameBundle.wav,Fantasy Game Bundle/Combat Weapons/Armor Shields and Movement/WEAPArmr_Armor leather dropping_GfxSounds_FantasyGameBundle.wav,512604,acc510d083455067d96b1c9464c0f4641a9052432650da4b8debc705ddb1c5e9,Combat Weapons,2,48000,16
audio/Combat Weapons/Armor Shields and Movement/WEAPArmr_Armor leather grabbing 2_GfxSounds_FantasyGameBundle.wav,Fantasy Game Bundle/Combat Weapons/Armor Shields and Movement/WEAPArmr_Armor leather grabbing 2_GfxSounds_FantasyGameBundle.wav,634324,f91257ecec353b1a468cac444fe6cc75125f03af25c435919660bc045785aa19,Combat Weapons,2,48000,16
audio/Combat Weapons/Armor Shields and Movement/WEAPArmr_Armor leather grabbing_GfxSounds_FantasyGameBundle.wav,Fantasy Game Bundle/Combat Weapons/Armor Shields and Movement/WEAPArmr_Armor leather grabbing_GfxSounds_FantasyGameBundle.wav,948240,c59f329fe65f8846a645b8285095d56724c94570957c572d4d37d5941e09cbe3,Combat Weapons,2,48000,16
audio/Combat Weapons/Armor Shields and Movement/WEAPArmr_Armor leather handling 2_GfxSounds_FantasyGameBundle.wav,Fantasy Game Bundle/Combat Weapons/Armor Shields and Movement/WEAPArmr_Armor leather handling 2_GfxSounds_FantasyGameBundle.wav,890584,399d7418b7398af46b0cc7e0f0d87d569a40cfed7aa0c09e77e701b7fb2ae5d4,Combat Weapons,2,48000,16
audio/Combat Weapons/Armor Shields and Movement/WEAPArmr_Armor leather handling_GfxSounds_FantasyGameBundle.wav,Fantasy Game Bundle/Combat Weapons/Armor Shields and Movement/WEAPArmr_Armor leather handling_GfxSounds_FantasyGameBundle.wav,845736,1c7af9329a50166d88711aec27bddd4ae6b80bb523feafdf228858b4ca1538e5,Combat Weapons,2,48000,16
audio/Combat Weapons/Armor Shields and Movement/WEAPArmr_Knight armor running_GfxSounds_FantasyGameBundle.wav,Fantasy Game Bundle/Combat Weapons/Armor Shields and Movement/WEAPArmr_Knight armor running_GfxSounds_FantasyGameBundle.wav,1153244,440756f505bd62c0a58b17972687da4f14743f378d913b54ecb0a94df2087e9b,Combat Weapons,2,48000,16
audio/Combat Weapons/Armor Shields and Movement/WEAPArmr_Knight armor walking 2_GfxSounds_FantasyGameBundle.wav,Fantasy Game Bundle/Combat Weapons/Armor Shields and Movement/WEAPArmr_Knight armor walking 2_GfxSounds_FantasyGameBundle.wav,1249340,dfc060ff3eb63a38eea6d3d6b6b16d67894f472f80f830151d80673cf7991811,Combat Weapons,2,48000,16
audio/Combat Weapons/Armor Shields and Movement/WEAPArmr_Knight armor walking_GfxSounds_FantasyGameBundle.wav,Fantasy Game Bundle/Combat Weapons/Armor Shields and Movement/WEAPArmr_Knight armor walking_GfxSounds_FantasyGameBundle.wav,1249340,4b49d051c283e40aa6cd699ca587d44346a38baaa825eadbd7781dc1e92ee8e2,Combat Weapons,2,48000,16
audio/Combat Weapons/Armor Shields and Movement/WEAPArmr_Mounted knight armor movement_GfxSounds_FantasyGameBundle.wav,Fantasy Game Bundle/Combat Weapons/Armor Shields and Movement/WEAPArmr_Mounted knight armor movement_GfxSounds_FantasyGameBundle.wav,1063556,19edf171ed1b54670d3fcb9bb796184837d5289e3e1b60b2afa89576e5620d99,Combat Weapons,2,48000,16
audio/Combat Weapons/Battle Axes/Axe Impacts/WEAPAxe_Battle axe against sword impact 2_GfxSounds_FantasyGameBundle.wav,Fantasy Game Bundle/Combat Weapons/Battle Axes/Axe Impacts/WEAPAxe_Battle axe against sword impact 2_GfxSounds_FantasyGameBundle.wav,223756,641cf3e580b668f02fe750698e82a3cabe877492adf9d849257a81351c8af0f5,Combat Weapons,2,44100,16
audio/Combat Weapons/Battle Axes/Axe Impacts/WEAPAxe_Battle axe against sword impact_GfxSounds_FantasyGameBundle.wav,Fantasy Game Bundle/Combat Weapons/Battle Axes/Axe Impacts/WEAPAxe_Battle axe against sword impact_GfxSounds_FantasyGameBundle.wav,194328,0a85781fef3a42c4a6bc4a1d44bf85bba5b064637139b583d5c8c03431b51a87,Combat Weapons,2,44100,16
audio/Combat Weapons/Battle Axes/Axe Impacts/WEAPAxe_Battle axe body impact 2_GfxSounds_FantasyGameBundle.wav,Fantasy Game Bundle/Combat Weapons/Battle Axes/Axe Impacts/WEAPAxe_Battle axe body impact 2_GfxSounds_FantasyGameBundle.wav,247296,112e9386e541e9d789da32eaf4a9534c3e552aac765d3286ac76b3c4ccba5da6,Combat Weapons,2,44100,16
audio/Combat Weapons/Battle Axes/Axe Impacts/WEAPAxe_Battle axe body impact 3_GfxSounds_FantasyGameBundle.wav,Fantasy Game Bundle/Combat Weapons/Battle Axes/Axe Impacts/WEAPAxe_Battle axe body impact 3_GfxSounds_FantasyGameBundle.wav,164896,eef1e862f02739a9c92c0e5843a3657d933aa9b45aa0bd999f7801ea8f325684,Combat Weapons,2,44100,16
audio/Combat Weapons/Battle Axes/Axe Impacts/WEAPAxe_Battle axe body impact 4_GfxSounds_FantasyGameBundle.wav,Fantasy Game Bundle/Combat Weapons/Battle Axes/Axe Impacts/WEAPAxe_Battle axe body impact 4_GfxSounds_FantasyGameBundle.wav,323816,d237db4259911b975fdad80b45d12f7ba4540d711f33c466082eaca8f4c13937,Combat Weapons,2,44100,16
audio/Combat Weapons/Battle Axes/Axe Impacts/WEAPAxe_Battle axe body impact_GfxSounds_FantasyGameBundle.wav,Fantasy Game Bundle/Combat Weapons/Battle Axes/Axe Impacts/WEAPAxe_Battle axe body impact_GfxSounds_FantasyGameBundle.wav,100152,af7fd8ed7e5d26af0d9a1fc943756dd63cc7c524ef4140de5ef7ca3cdc4ed8fd,Combat Weapons,2,44100,16
audio/Combat Weapons/Battle Axes/Axe Impacts/WEAPAxe_Battle axe chain armor hit 2_GfxSounds_FantasyGameBundle.wav,Fantasy Game Bundle/Combat Weapons/Battle Axes/Axe Impacts/WEAPAxe_Battle axe chain armor hit 2_GfxSounds_FantasyGameBundle.wav,147240,d9d1671114e3a9dd68de6c85b1f5f59c158181911e97791d7171e5477efff3c4,Combat Weapons,2,44100,16
audio/Combat Weapons/Battle Axes/Axe Impacts/WEAPAxe_Battle axe chain armor hit_GfxSounds_FantasyGameBundle.wav,Fantasy Game Bundle/Combat Weapons/Battle Axes/Axe Impacts/WEAPAxe_Battle axe chain armor hit_GfxSounds_FantasyGameBundle.wav,147240,641800d11596fd6de0d22bd94f008a161ac22c4e160d744132cfe410c251705c,Combat Weapons,2,44100,16
audio/Combat Weapons/Battle Axes/Axe Impacts/WEAPAxe_Battle axe shield impact 2_GfxSounds_FantasyGameBundle.wav,Fantasy Game Bundle/Combat Weapons/Battle Axes/Axe Impacts/WEAPAxe_Battle axe shield impact 2_GfxSounds_FantasyGameBundle.wav,200212,4001efa2fad3d8d91929d0268d9a282f2ad9b1e8ab0f4e489781003b4a81fd81,Combat Weapons,2,44100,16
audio/Combat Weapons/Battle Axes/Axe Impacts/WEAPAxe_Battle axe shield impact_GfxSounds_FantasyGameBundle.wav,Fantasy Game Bundle/Combat Weapons/Battle Axes/Axe Impacts/WEAPAxe_Battle axe shield impact_GfxSounds_FantasyGameBundle.wav,129584,dde2c851d6e7eb2a371d9e9c5d607232caa700f9e81edbcab9e9cc8dc2471de4,Combat Weapons,2,44100,16
audio/Combat Weapons/Battle Axes/Axe Impacts/WEAPAxe_Battle axe wood impact 2_GfxSounds_FantasyGameBundle.wav,Fantasy Game Bundle/Combat Weapons/Battle Axes/Axe Impacts/WEAPAxe_Battle axe wood impact 2_GfxSounds_FantasyGameBundle.wav,270840,0643be8bcedaf54a24e8a0734a2d0694311ff628c72d3a77372113a493dd594b,Combat Weapons,2,44100,16
audio/Combat Weapons/Battle Axes/Axe Impacts/WEAPAxe_Battle axe wood impact_GfxSounds_FantasyGameBundle.wav,Fantasy Game Bundle/Combat Weapons/Battle Axes/Axe Impacts/WEAPAxe_Battle axe wood impact_GfxSounds_FantasyGameBundle.wav,270840,49c41b14a4661915e972f50a3d8102e571e8ab7748fe4218112700342eb51d01,Combat Weapons,2,44100,16
audio/Combat Weapons/Battle Axes/Axe Scrapes Drops/WEAPAxe_Battle axe dirt drop 2_GfxSounds_FantasyGameBundle.wav,Fantasy Game Bundle/Combat Weapons/Battle Axes/Axe Scrapes Drops/WEAPAxe_Battle axe dirt drop 2_GfxSounds_FantasyGameBundle.wav,194328,458e53c1fb38f7ecc7654d251734f254fd36a8f50f97d1b9ce05a96d91adff28,Combat Weapons,2,44100,16
audio/Combat Weapons/Battle Axes/Axe Scrapes Drops/WEAPAxe_Battle axe dirt drop 3_GfxSounds_FantasyGameBundle.wav,Fantasy Game Bundle/Combat Weapons/Battle Axes/Axe Scrapes Drops/WEAPAxe_Battle axe dirt drop 3_GfxSounds_FantasyGameBundle.wav,176668,976a6e79a68352c36acd5f13cff2e936077977b928ae35052378ffc7629d6981,Combat Weapons,2,44100,16
audio/Combat Weapons/Battle Axes/Axe Scrapes Drops/WEAPAxe_Battle axe dirt drop_GfxSounds_FantasyGameBundle.wav,Fantasy Game Bundle/Combat Weapons/Battle Axes/Axe Scrapes Drops/WEAPAxe_Battle axe dirt drop_GfxSounds_FantasyGameBundle.wav,88380,2a646da24e461ac9db3e5dbb0ea10840ba39c0b77030eb1f587b53a5d72b2013,Combat Weapons,2,44100,16
audio/Combat Weapons/Battle Axes/Axe Scrapes Drops/WEAPAxe_Battle axe shield scrape 2_GfxSounds_FantasyGameBundle.wav,Fantasy Game Bundle/Combat Weapons/Battle Axes/Axe Scrapes Drops/WEAPAxe_Battle axe shield scrape 2_GfxSounds_FantasyGameBundle.wav,129584,784e438739d07a403436371671960c440fe52cca908312ee2885c2e8c812c712,Combat Weapons,2,44100,16
audio/Combat Weapons/Battle Axes/Axe Scrapes Drops/WEAPAxe_Battle axe shield scrape 3_GfxSounds_FantasyGameBundle.wav,Fantasy Game Bundle/Combat Weapons/Battle Axes/Axe Scrapes Drops/WEAPAxe_Battle axe shield scrape 3_GfxSounds_FantasyGameBundle.wav,153124,eccc541b496898297fcc8dc70bf0e9c9be3c6ae171e499df140973d5a66df2e2,Combat Weapons,2,44100,16
audio/Combat Weapons/Battle Axes/Axe Scrapes Drops/WEAPAxe_Battle axe shield scrape_GfxSounds_FantasyGameBundle.wav,Fantasy Game Bundle/Combat Weapons/Battle Axes/Axe Scrapes Drops/WEAPAxe_Battle axe shield scrape_GfxSounds_FantasyGameBundle.wav,141352,2f986d2aa14644f5480175c4bbb852b091919552895bc80d3ada3a7cdfb15050,Combat Weapons,2,44100,16
audio/Combat Weapons/Battle Axes/Axe Scrapes Drops/WEAPAxe_Battle axe stone scrape 2_GfxSounds_FantasyGameBundle.wav,Fantasy Game Bundle/Combat Weapons/Battle Axes/Axe Scrapes Drops/WEAPAxe_Battle axe stone scrape 2_GfxSounds_FantasyGameBundle.wav,253184,ae117fc4e5024a78d6829f7ef962066fbf7f8302d367a9edbf75ad51b1fb0ed2,Combat Weapons,2,44100,16
audio/Combat Weapons/Battle Axes/Axe Scrapes Drops/WEAPAxe_Battle axe stone scrape_GfxSounds_FantasyGameBundle.wav,Fantasy Game Bundle/Combat Weapons/Battle Axes/Axe Scrapes Drops/WEAPAxe_Battle axe stone scrape_GfxSounds_FantasyGameBundle.wav,223756,7b48a08d13704d9abb207cd43a0cbfa06df4d98be38c5f866ee3386cb40686cb,Combat Weapons,2,44100,16
audio/Combat Weapons/Battle Axes/Axe Swings/WEAPAxe_Battle axe swing 2_GfxSounds_FantasyGameBundle.wav,Fantasy Game Bundle/Combat Weapons/Battle Axes/Axe Swings/WEAPAxe_Battle axe swing 2_GfxSounds_FantasyGameBundle.wav,64836,3184543b1d24614214b1412b462446a56c1825ad04ec108da1a81e094b6d5179,Combat Weapons,2,44100,16
audio/Combat Weapons/Battle Axes/Axe Swings/WEAPAxe_Battle axe swing 3_GfxSounds_FantasyGameBundle.wav,Fantasy Game Bundle/Combat Weapons/Battle Axes/Axe Swings/WEAPAxe_Battle axe swing 3_GfxSounds_FantasyGameBundle.wav,64836,a4dd37a61a261bf51ee63ac14480aeb40e18508cae4fd50a50289b8d4ee77d58,Combat Weapons,2,44100,16
audio/Combat Weapons/Battle Axes/Axe Swings/WEAPAxe_Battle axe swing_GfxSounds_FantasyGameBundle.wav,Fantasy Game Bundle/Combat Weapons/Battle Axes/Axe Swings/WEAPAxe_Battle axe swing_GfxSounds_FantasyGameBundle.wav,70720,6a633359f3be80016fb68543c5c00536b72275ab60850cd5517e1728283034d8,Combat Weapons,2,44100,16
audio/Combat Weapons/Blacksmith Crafting/METLImpt_Blacksmith axe hammering_GfxSounds_FantasyGameBundle.wav,Fantasy Game Bundle/Combat Weapons/Blacksmith Crafting/METLImpt_Blacksmith axe hammering_GfxSounds_FantasyGameBundle.wav,1678568,b4afce28581149dd03edb72927ffa6e054b82e1d1b250da527dc3990530ce4a2,Combat Weapons,2,48000,16
audio/Combat Weapons/Blacksmith Crafting/METLImpt_Blacksmith sword hammering_GfxSounds_FantasyGameBundle.wav,Fantasy Game Bundle/Combat Weapons/Blacksmith Crafting/METLImpt_Blacksmith sword hammering_GfxSounds_FantasyGameBundle.wav,1409500,4f5a9d56b9f532bc4aea34236dc633838456ce9fe5a56f40cca18ac844fa8cdd,Combat Weapons,2,48000,16
audio/Combat Weapons/Blacksmith Crafting/METLImpt_Chainmail crafting 2_GfxSounds_FantasyGameBundle.wav,Fantasy Game Bundle/Combat Weapons/Blacksmith Crafting/METLImpt_Chainmail crafting 2_GfxSounds_FantasyGameBundle.wav,123692,8f5eef9c18b3512059596104eb1cb25fcec3bf885ce86445be181603da53ebd0,Combat Weapons,2,44100,16
audio/Combat Weapons/Blacksmith Crafting/METLImpt_Chainmail crafting 3_GfxSounds_FantasyGameBundle.wav,Fantasy Game Bundle/Combat Weapons/Blacksmith Crafting/METLImpt_Chainmail crafting 3_GfxSounds_FantasyGameBundle.wav,100152,e2d6a79acfe09099c9fdb6f1d9e62d00e10761bde5200ac68785f3c9bd13ff98,Combat Weapons,2,44100,16
audio/Combat Weapons/Blacksmith Crafting/METLImpt_Chainmail crafting_GfxSounds_FantasyGameBundle.wav,Fantasy Game Bundle/Combat Weapons/Blacksmith Crafting/METLImpt_Chainmail crafting_GfxSounds_FantasyGameBundle.wav,135468,4d45955182050bdbca60860807f996f11d0957e8adc3e9a884e8098130f20efa,Combat Weapons,2,44100,16
audio/Combat Weapons/Blacksmith Crafting/METLImpt_Weapon crafting_GfxSounds_FantasyGameBundle.wav,Fantasy Game Bundle/Combat Weapons/Blacksmith Crafting/METLImpt_Weapon crafting_GfxSounds_FantasyGameBundle.wav,106040,d92c0b5eda4565085387aedf0ce068f91b4ee52ff763161608db5d4d60d34a6c,Combat Weapons,2,44100,16
audio/Combat Weapons/Body Impacts Unarmed/FGHTBf_Body fall dirt grass 2_GfxSounds_FantasyGameBundle.wav,Fantasy Game Bundle/Combat Weapons/Body Impacts Unarmed/FGHTBf_Body fall dirt grass 2_GfxSounds_FantasyGameBundle.wav,314004,dbb41026b1613f40709d176ce9cf463401e6258f68f1d6fa2ff553ca94cb227e,Combat Weapons,2,48000,16
audio/Combat Weapons/Body Impacts Unarmed/FGHTBf_Body fall dirt grass 3_GfxSounds_FantasyGameBundle.wav,Fantasy Game Bundle/Combat Weapons/Body Impacts Unarmed/FGHTBf_Body fall dirt grass 3_GfxSounds_FantasyGameBundle.wav,326820,5980e2f897492ef156890891ca36b2f0ac3fd23e6daff758496ed1f54df233e8,Combat Weapons,2,48000,16
audio/Combat Weapons/Body Impacts Unarmed/FGHTBf_Body fall dirt grass_GfxSounds_FantasyGameBundle.wav,Fantasy Game Bundle/Combat Weapons/Body Impacts Unarmed/FGHTBf_Body fall dirt grass_GfxSounds_FantasyGameBundle.wav,179468,23862c13dc24d0d407c505ff5b538ab8f83ac2cf8846f0771d5d820bc89f5988,Combat Weapons,2,48000,16
audio/Combat Weapons/Body Impacts Unarmed/FGHTBf_Body fall stone floor 2_GfxSounds_FantasyGameBundle.wav,Fantasy Game Bundle/Combat Weapons/Body Impacts Unarmed/FGHTBf_Body fall stone floor 2_GfxSounds_FantasyGameBundle.wav,211504,38f3c7d0446132fdea5aa6df1da95cb1a41bd17260993b427aeac98c6a992cb4,Combat Weapons,2,48000,16
audio/Combat Weapons/Body Impacts Unarmed/FGHTBf_Body fall stone floor 3_GfxSounds_FantasyGameBundle.wav,Fantasy Game Bundle/Combat Weapons/Body Impacts Unarmed/FGHTBf_Body fall stone floor 3_GfxSounds_FantasyGameBundle.wav,160252,fd4c9d2b542c7677a0e10f8d73f45273bc9c9daba7320bc929af39d8a5f25b93,Combat Weapons,2,48000,16
audio/Combat Weapons/Body Impacts Unarmed/FGHTBf_Body fall stone floor 4_GfxSounds_FantasyGameBundle.wav,Fantasy Game Bundle/Combat Weapons/Body Impacts Unarmed/FGHTBf_Body fall stone floor 4_GfxSounds_FantasyGameBundle.wav,243536,3ab7300bd913ed8be66986a89af4cf97787169e84eef88856741cd83f7fb736e,Combat Weapons,2,48000,16
audio/Combat Weapons/Body Impacts Unarmed/FGHTBf_Body fall wooden floor 2_GfxSounds_FantasyGameBundle.wav,Fantasy Game Bundle/Combat Weapons/Body Impacts Unarmed/FGHTBf_Body fall wooden floor 2_GfxSounds_FantasyGameBundle.wav,128220,565499ce48fcd7dad211875b7505a575c51f4d182baae4d25a054d068d32456c,Combat Weapons,2,48000,16
audio/Combat Weapons/Body Impacts Unarmed/FGHTBf_Body fall wooden floor_GfxSounds_FantasyGameBundle.wav,Fantasy Game Bundle/Combat Weapons/Body Impacts Unarmed/FGHTBf_Body fall wooden floor_GfxSounds_FantasyGameBundle.wav,346040,e92a86d64ea55d69d8deeec961278e0e2b79ba4a857828cb6f371f6a9c92effc,Combat Weapons,2,48000,16
audio/Combat Weapons/Body Impacts Unarmed/FGHTBf_Body slam impact 2_GfxSounds_FantasyGameBundle.wav,Fantasy Game Bundle/Combat Weapons/Body Impacts Unarmed/FGHTBf_Body slam impact 2_GfxSounds_FantasyGameBundle.wav,217908,3873cb4cc61bc817166b23e1b7f6aa501af2e755e54c5e73ad799064191c8686,Combat Weapons,2,48000,16
audio/Combat Weapons/Body Impacts Unarmed/FGHTBf_Body slam impact 3_GfxSounds_FantasyGameBundle.wav,Fantasy Game Bundle/Combat Weapons/Body Impacts Unarmed/FGHTBf_Body slam impact 3_GfxSounds_FantasyGameBundle.wav,173064,077aefed0aa7cc8ff2abcbfcc5813fe82c2d5ce42ea91bab6874d5afac97d0de,Combat Weapons,2,48000,16
audio/Combat Weapons/Body Impacts Unarmed/FGHTBf_Body slam impact_GfxSounds_FantasyGameBundle.wav,Fantasy Game Bundle/Combat Weapons/Body Impacts Unarmed/FGHTBf_Body slam impact_GfxSounds_FantasyGameBundle.wav,217908,20e101fa09dc371257d22114ec09be79612c59b962b15f391aff95199fb0d971,Combat Weapons,2,48000,16
audio/Combat Weapons/Body Impacts Unarmed/FGHTImpt_Bone break body impact 2_GfxSounds_FantasyGameBundle .wav,Fantasy Game Bundle/Combat Weapons/Body Impacts Unarmed/FGHTImpt_Bone break body impact 2_GfxSounds_FantasyGameBundle .wav,153848,4d9b33ea5ca2a14258066967d282bdc46b4c1c593f987f84d5e19c536b8c8afd,Combat Weapons,2,48000,16
audio/Combat Weapons/Body Impacts Unarmed/FGHTImpt_Bone break body impact_GfxSounds_FantasyGameBundle .wav,Fantasy Game Bundle/Combat Weapons/Body Impacts Unarmed/FGHTImpt_Bone break body impact_GfxSounds_FantasyGameBundle .wav,147440,5a3c1a5bc9567368dc37cb47add35af089b81c3b2c68eb5f656efc29386032ce,Combat Weapons,2,48000,16
audio/Combat Weapons/Body Impacts Unarmed/FGHTImpt_Cinematic punch impact 2_GfxSounds_FantasyGameBundle .wav,Fantasy Game Bundle/Combat Weapons/Body Impacts Unarmed/FGHTImpt_Cinematic punch impact 2_GfxSounds_FantasyGameBundle .wav,625510,445487523ed2d5be6ac5770fe4a3247c8c045f0684df72602cbcf7d42a75a400,Combat Weapons,2,48000,16
audio/Combat Weapons/Body Impacts Unarmed/FGHTImpt_Cinematic punch impact_GfxSounds_FantasyGameBundle .wav,Fantasy Game Bundle/Combat Weapons/Body Impacts Unarmed/FGHTImpt_Cinematic punch impact_GfxSounds_FantasyGameBundle .wav,262576,8de51db79e4c26f968ddacc700ede5c6cf327d57defcc94c791d2fd8b779c1bc,Combat Weapons,2,44100,16
audio/Combat Weapons/Body Impacts Unarmed/FGHTImpt_Fast punch whooshes_GfxSounds_FantasyGameBundle .wav,Fantasy Game Bundle/Combat Weapons/Body Impacts Unarmed/FGHTImpt_Fast punch whooshes_GfxSounds_FantasyGameBundle .wav,160972,84c1cc5a05071b2ef7b5115a58e45e64d19203e5ecc05bfff5e16baaae4a7932,Combat Weapons,2,44100,16
audio/Combat Weapons/Body Impacts Unarmed/FGHTImpt_Hard punch impact 2_GfxSounds_FantasyGameBundle .wav,Fantasy Game Bundle/Combat Weapons/Body Impacts Unarmed/FGHTImpt_Hard punch impact 2_GfxSounds_FantasyGameBundle .wav,254108,00f4310b76a55fae66d4e2664a6d14daf69c43679dbc04a6c81761d3e64fc22a,Combat Weapons,2,44100,16
audio/Combat Weapons/Body Impacts Unarmed/FGHTImpt_Hard punch impact 3_GfxSounds_FantasyGameBundle .wav,Fantasy Game Bundle/Combat Weapons/Body Impacts Unarmed/FGHTImpt_Hard punch impact 3_GfxSounds_FantasyGameBundle .wav,139804,e832622ad86adfebe55a4659e04175f87eedd489f9cbacfbeef3d77a607615e9,Combat Weapons,2,44100,16
audio/Combat Weapons/Body Impacts Unarmed/FGHTImpt_Hard punch impact_GfxSounds_FantasyGameBundle .wav,Fantasy Game Bundle/Combat Weapons/Body Impacts Unarmed/FGHTImpt_Hard punch impact_GfxSounds_FantasyGameBundle .wav,254108,54574b333f7e55b96255aae15ef8d0be237425c3a54e09afcb175c4b04a0da00,Combat Weapons,2,44100,16
audio/Combat Weapons/Body Impacts Unarmed/FGHTImpt_Heavy punch combo 2_GfxSounds_FantasyGameBundle .wav,Fantasy Game Bundle/Combat Weapons/Body Impacts Unarmed/FGHTImpt_Heavy punch combo 2_GfxSounds_FantasyGameBundle .wav,525056,872c2d2a917046d0a2b65ac15d70bb3294f698096cee43b40fd3dc7c46bf8fdf,Combat Weapons,2,44100,16
audio/Combat Weapons/Body Impacts Unarmed/FGHTImpt_Heavy punch combo 3_GfxSounds_FantasyGameBundle .wav,Fantasy Game Bundle/Combat Weapons/Body Impacts Unarmed/FGHTImpt_Heavy punch combo 3_GfxSounds_FantasyGameBundle .wav,203308,47a342881310672dcd2d8484649e66e7e30ad72ccfe33487f80a29befb265a03,Combat Weapons,2,44100,16
audio/Combat Weapons/Body Impacts Unarmed/FGHTImpt_Heavy punch combo_GfxSounds_FantasyGameBundle .wav,Fantasy Game Bundle/Combat Weapons/Body Impacts Unarmed/FGHTImpt_Heavy punch combo_GfxSounds_FantasyGameBundle .wav,216008,d0c85f106e6a3735f189e501908479186b476b2572dcaff9c4d07d4011c03bfb,Combat Weapons,2,44100,16
audio/Combat Weapons/Body Impacts Unarmed/FGHTImpt_Melee impact accent 2_GfxSounds_FantasyGameBundle .wav,Fantasy Game Bundle/Combat Weapons/Body Impacts Unarmed/FGHTImpt_Melee impact accent 2_GfxSounds_FantasyGameBundle .wav,100152,bae7b2f046645f2d33d98161b9a5f2d26fa5911fbc0b3bcb2220499b6c5026e7,Combat Weapons,2,44100,16
audio/Combat Weapons/Body Impacts Unarmed/FGHTImpt_Melee impact accent_GfxSounds_FantasyGameBundle .wav,Fantasy Game Bundle/Combat Weapons/Body Impacts Unarmed/FGHTImpt_Melee impact accent_GfxSounds_FantasyGameBundle .wav,82496,a1c04b72ab5b4fc9b3774281da1b9c2471ecee9b991897e5d366e99c284bf0ba,Combat Weapons,2,44100,16
audio/Combat Weapons/Body Impacts Unarmed/FGHTImpt_Mud fight body impacts 2_GfxSounds_FantasyGameBundle .wav,Fantasy Game Bundle/Combat Weapons/Body Impacts Unarmed/FGHTImpt_Mud fight body impacts 2_GfxSounds_FantasyGameBundle .wav,2335226,055744ec5be73be5ea31cec703824481f866d0dba352a366684ec658c3651da6,Combat Weapons,2,48000,24
audio/Combat Weapons/Body Impacts Unarmed/FGHTImpt_Mud fight body impacts_GfxSounds_FantasyGameBundle .wav,Fantasy Game Bundle/Combat Weapons/Body Impacts Unarmed/FGHTImpt_Mud fight body impacts_GfxSounds_FantasyGameBundle .wav,2594684,c3ceea8740dfccdb1e8de75724b19d7ebabd84409e304f8a07a8fed792716018,Combat Weapons,2,48000,24
audio/Combat Weapons/Body Impacts Unarmed/FGHTImpt_Punch swing 2_GfxSounds_FantasyGameBundle .wav,Fantasy Game Bundle/Combat Weapons/Body Impacts Unarmed/FGHTImpt_Punch swing 2_GfxSounds_FantasyGameBundle .wav,114400,a773c6d031549dc04d07d70d5fde8d2404bb3339baf1f1b63c9a8209c9d542b4,Combat Weapons,2,44100,16
audio/Combat Weapons/Body Impacts Unarmed/FGHTImpt_Punch swing_GfxSounds_FantasyGameBundle .wav,Fantasy Game Bundle/Combat Weapons/Body Impacts Unarmed/FGHTImpt_Punch swing_GfxSounds_FantasyGameBundle .wav,97468,5dc27049031e27fa5441d427034f74639fecc2e4dce8b7b79c1de75bb3e56901,Combat Weapons,2,44100,16
audio/Combat Weapons/Bows Crossbows Arrows/Arrow Flybys/WEAPArro_Arrow flyby whoosh 2_GfxSounds_FantasyGameBundle.wav,Fantasy Game Bundle/Combat Weapons/Bows Crossbows Arrows/Arrow Flybys/WEAPArro_Arrow flyby whoosh 2_GfxSounds_FantasyGameBundle.wav,164896,636ba1f0a5c757392cbe00d12a235f63b5757f902efb103e728a3c503397c997,Combat Weapons,2,44100,16
audio/Combat Weapons/Bows Crossbows Arrows/Arrow Flybys/WEAPArro_Arrow flyby whoosh 3_GfxSounds_FantasyGameBundle.wav,Fantasy Game Bundle/Combat Weapons/Bows Crossbows Arrows/Arrow Flybys/WEAPArro_Arrow flyby whoosh 3_GfxSounds_FantasyGameBundle.wav,135468,e994bb771c3a0c8173b00aca5a820e8c3ccb7f505305883af906af17a46b8525,Combat Weapons,2,44100,16
audio/Combat Weapons/Bows Crossbows Arrows/Arrow Flybys/WEAPArro_Arrow flyby whoosh 4_GfxSounds_FantasyGameBundle.wav,Fantasy Game Bundle/Combat Weapons/Bows Crossbows Arrows/Arrow Flybys/WEAPArro_Arrow flyby whoosh 4_GfxSounds_FantasyGameBundle.wav,147240,43ff0213a3ed70553b882ee901c589a0a7981ba9edf5d72400972bd866794ede,Combat Weapons,2,44100,16
audio/Combat Weapons/Bows Crossbows Arrows/Arrow Flybys/WEAPArro_Arrow flyby whoosh 5_GfxSounds_FantasyGameBundle.wav,Fantasy Game Bundle/Combat Weapons/Bows Crossbows Arrows/Arrow Flybys/WEAPArro_Arrow flyby whoosh 5_GfxSounds_FantasyGameBundle.wav,188440,f2333985635129573aa0cbe68e30de83aca2f32c92dd6482eccf40244ffe98b5,Combat Weapons,2,44100,16
audio/Combat Weapons/Bows Crossbows Arrows/Arrow Flybys/WEAPArro_Arrow flyby whoosh 6_GfxSounds_FantasyGameBundle.wav,Fantasy Game Bundle/Combat Weapons/Bows Crossbows Arrows/Arrow Flybys/WEAPArro_Arrow flyby whoosh 6_GfxSounds_FantasyGameBundle.wav,164896,7772f56b93770a1213aa16ba9696ef0833695b421d7a1a30466073906ef41ff7,Combat Weapons,2,44100,16
audio/Combat Weapons/Bows Crossbows Arrows/Arrow Flybys/WEAPArro_Arrow flyby whoosh_GfxSounds_FantasyGameBundle.wav,Fantasy Game Bundle/Combat Weapons/Bows Crossbows Arrows/Arrow Flybys/WEAPArro_Arrow flyby whoosh_GfxSounds_FantasyGameBundle.wav,164896,9aa137fed6c96f3a8dea27187641b3be52844ea7c5de0019d9d6806eaf4947d3,Combat Weapons,2,44100,16
audio/Combat Weapons/Bows Crossbows Arrows/Arrow Impacts/WEAPArro_Arrow wood impact 2_GfxSounds_FantasyGameBundle.wav,Fantasy Game Bundle/Combat Weapons/Bows Crossbows Arrows/Arrow Impacts/WEAPArro_Arrow wood impact 2_GfxSounds_FantasyGameBundle.wav,188440,c77c9cb566ed296822efd268a03c978058ffc2079e2ff4276c44e7be177d3010,Combat Weapons,2,44100,16
audio/Combat Weapons/Bows Crossbows Arrows/Arrow Impacts/WEAPArro_Arrow wood impact 3_GfxSounds_FantasyGameBundle.wav,Fantasy Game Bundle/Combat Weapons/Bows Crossbows Arrows/Arrow Impacts/WEAPArro_Arrow wood impact 3_GfxSounds_FantasyGameBundle.wav,312044,15125cba08b8ca559538b42bfb457f96078e6012e85748519f89a798dc2d6c38,Combat Weapons,2,44100,16
audio/Combat Weapons/Bows Crossbows Arrows/Arrow Impacts/WEAPArro_Arrow wood impact_GfxSounds_FantasyGameBundle.wav,Fantasy Game Bundle/Combat Weapons/Bows Crossbows Arrows/Arrow Impacts/WEAPArro_Arrow wood impact_GfxSounds_FantasyGameBundle.wav,188440,4315cd636cf1d93f64b541339332b4073948f234230b1d31955151b02e6d84b4,Combat Weapons,2,44100,16
audio/Combat Weapons/Bows Crossbows Arrows/Bow Draws Shots/WEAPArro_Volley arrow shot 2_GfxSounds_FantasyGameBundle.wav,Fantasy Game Bundle/Combat Weapons/Bows Crossbows Arrows/Bow Draws Shots/WEAPArro_Volley arrow shot 2_GfxSounds_FantasyGameBundle.wav,141352,16ad64aabdaabd24051d7b285d5b6c6768464cfc6316c7ca1aec43244d2b09a9,Combat Weapons,2,44100,16
audio/Combat Weapons/Bows Crossbows Arrows/Bow Draws Shots/WEAPArro_Volley arrow shot_GfxSounds_FantasyGameBundle.wav,Fantasy Game Bundle/Combat Weapons/Bows Crossbows Arrows/Bow Draws Shots/WEAPArro_Volley arrow shot_GfxSounds_FantasyGameBundle.wav,170784,971f02f5985cc973ccc1bf77a433f9a0c14b18a3381f403e248714c3733c0c5e,Combat Weapons,2,44100,16
audio/Combat Weapons/Bows Crossbows Arrows/Bow Draws Shots/WEAPBow_Bow draw 2_GfxSounds_FantasyGameBundle.wav,Fantasy Game Bundle/Combat Weapons/Bows Crossbows Arrows/Bow Draws Shots/WEAPBow_Bow draw 2_GfxSounds_FantasyGameBundle.wav,323816,115a0823d7224c72902980b4de4008d115dd591f4e3005fbafc2165e43a0d0cb,Combat Weapons,2,44100,16
audio/Combat Weapons/Bows Crossbows Arrows/Bow Draws Shots/WEAPBow_Bow draw 3_GfxSounds_FantasyGameBundle.wav,Fantasy Game Bundle/Combat Weapons/Bows Crossbows Arrows/Bow Draws Shots/WEAPBow_Bow draw 3_GfxSounds_FantasyGameBundle.wav,247296,189e7ab9d66e0e7a637d096925f98574a4ee21e16ad1dd439e0be05823362fcb,Combat Weapons,2,44100,16
audio/Combat Weapons/Bows Crossbows Arrows/Bow Draws Shots/WEAPBow_Bow draw and release_GfxSounds_FantasyGameBundle.wav,Fantasy Game Bundle/Combat Weapons/Bows Crossbows Arrows/Bow Draws Shots/WEAPBow_Bow draw and release_GfxSounds_FantasyGameBundle.wav,535708,410a44b1b5843d846e8e9f8c40140a932d2d954d2757e3969d01035d13ed2e8f,Combat Weapons,2,44100,16
audio/Combat Weapons/Bows Crossbows Arrows/Bow Draws Shots/WEAPBow_Bow draw_GfxSounds_FantasyGameBundle.wav,Fantasy Game Bundle/Combat Weapons/Bows Crossbows Arrows/Bow Draws Shots/WEAPBow_Bow draw_GfxSounds_FantasyGameBundle.wav,353244,f8bdea3b0a2d2f32805e0a856ac52c627f272cdc7619aeab64c501c52520dc70,Combat Weapons,2,44100,16
audio/Combat Weapons/Bows Crossbows Arrows/Bow Draws Shots/WEAPBow_Forest bow draw_GfxSounds_FantasyGameBundle.wav,Fantasy Game Bundle/Combat Weapons/Bows Crossbows Arrows/Bow Draws Shots/WEAPBow_Forest bow draw_GfxSounds_FantasyGameBundle.wav,394448,b0694fbe37c9838a950321ec36eb310fba9ed99dcf9d98dbbbac7e191171386a,Combat Weapons,2,44100,16
audio/Combat Weapons/Bows Crossbows Arrows/Bow Draws Shots/WEAPBow_Nomad bow shot 2_GfxSounds_FantasyGameBundle.wav,Fantasy Game Bundle/Combat Weapons/Bows Crossbows Arrows/Bow Draws Shots/WEAPBow_Nomad bow shot 2_GfxSounds_FantasyGameBundle.wav,76608,655df8789bc8e681f02d0c4ed7167324dfbb97e941fda2682f43a7c0c1cbd8da,Combat Weapons,2,44100,16
audio/Combat Weapons/Bows Crossbows Arrows/Bow Draws Shots/WEAPBow_Nomad bow shot_GfxSounds_FantasyGameBundle.wav,Fantasy Game Bundle/Combat Weapons/Bows Crossbows Arrows/Bow Draws Shots/WEAPBow_Nomad bow shot_GfxSounds_FantasyGameBundle.wav,106036,1ccb2c27f52ff3c03c1da50beb9991b04488f5fbba4e1af5aacd39284f472a15,Combat Weapons,2,44100,16
audio/Combat Weapons/Bows Crossbows Arrows/Crossbow Bolts/WEAPBow_Crossbow bolt impact 2_GfxSounds_FantasyGameBundle.wav,Fantasy Game Bundle/Combat Weapons/Bows Crossbows Arrows/Crossbow Bolts/WEAPBow_Crossbow bolt impact 2_GfxSounds_FantasyGameBundle.wav,335588,b84b4015f7b7f9c59d427ce032b4939e4d1447b0d3044b8588defa312df086e8,Combat Weapons,2,44100,16
audio/Combat Weapons/Bows Crossbows Arrows/Crossbow Bolts/WEAPBow_Crossbow bolt impact_GfxSounds_FantasyGameBundle.wav,Fantasy Game Bundle/Combat Weapons/Bows Crossbows Arrows/Crossbow Bolts/WEAPBow_Crossbow bolt impact_GfxSounds_FantasyGameBundle.wav,229640,18d225fcc87b29ef111fd8347e268817d8186d1d11268eebf14c4a64fbe05971,Combat Weapons,2,44100,16
audio/Combat Weapons/Combat Ambiences/AMBWar_Intense knight battle ambience_GfxSounds_FantasyGameBundle.wav,Fantasy Game Bundle/Combat Weapons/Combat Ambiences/AMBWar_Intense knight battle ambience_GfxSounds_FantasyGameBundle.wav,13331808,85c180ec714e2c4643fd72d46146fce075abad388516a5624ad528c6affea950,Combat Weapons,2,48000,16
audio/Combat Weapons/Combat Ambiences/AMBWar_Knight combat ambience_GfxSounds_FantasyGameBundle.wav,Fantasy Game Bundle/Combat Weapons/Combat Ambiences/AMBWar_Knight combat ambience_GfxSounds_FantasyGameBundle.wav,12569448,cfd676317c6f9db5823332e3e284188d96339f9bd71a09e373f7049ff15a5e24,Combat Weapons,2,48000,16
audio/Combat Weapons/Combat Ambiences/AMBWar_Knight duel clashes 2_GfxSounds_FantasyGameBundle.wav,Fantasy Game Bundle/Combat Weapons/Combat Ambiences/AMBWar_Knight duel clashes 2_GfxSounds_FantasyGameBundle.wav,1749040,30744b7469db3012b55467645264a951a2bc0c303df1bd42fd9687208f7d8340,Combat Weapons,2,48000,16
audio/Combat Weapons/Combat Ambiences/AMBWar_Knight duel clashes 3_GfxSounds_FantasyGameBundle.wav,Fantasy Game Bundle/Combat Weapons/Combat Ambiences/AMBWar_Knight duel clashes 3_GfxSounds_FantasyGameBundle.wav,1825916,dcc9676353bc8a41c0588a53135b83ef88072097b8d5287248b19d3abb72dcdd,Combat Weapons,2,48000,16
audio/Combat Weapons/Combat Ambiences/AMBWar_Knight duel clashes_GfxSounds_FantasyGameBundle.wav,Fantasy Game Bundle/Combat Weapons/Combat Ambiences/AMBWar_Knight duel clashes_GfxSounds_FantasyGameBundle.wav,1569660,b2aab0b913e55a87c5adbda300c1a84707741dba636d9ada6d2d3345ea11d967,Combat Weapons,2,48000,16
audio/Combat Weapons/Combat Ambiences/AMBWar_Mounted knight duel impacts_GfxSounds_FantasyGameBundle.wav,Fantasy Game Bundle/Combat Weapons/Combat Ambiences/AMBWar_Mounted knight duel impacts_GfxSounds_FantasyGameBundle.wav,2024512,9e528d248c57729aa25bf110e0a97076f452f8d16519429c27e98e9e3b9cf6f6,Combat Weapons,2,48000,16
audio/Combat Weapons/Combat Ambiences/AMBWar_Sword battle ambience_GfxSounds_FantasyGameBundle.wav,Fantasy Game Bundle/Combat Weapons/Combat Ambiences/AMBWar_Sword battle ambience_GfxSounds_FantasyGameBundle.wav,10173452,b419e340dd52e062fca4f3eeb53fe95939d37ded750587a8dced81a1c6757e67,Combat Weapons,2,48000,16
audio/Combat Weapons/Dagger/WEAPKnif_Dagger clash on metal 2_GfxSounds_FantasyGameBundle.wav,Fantasy Game Bundle/Combat Weapons/Dagger/WEAPKnif_Dagger clash on metal 2_GfxSounds_FantasyGameBundle.wav,855344,fe486dff72144084c19e9089683dcfd0e866b9c3581f32790ac35ca82ff54f2c,Combat Weapons,2,48000,24
audio/Combat Weapons/Dagger/WEAPKnif_Dagger clash on metal 3_GfxSounds_FantasyGameBundle.wav,Fantasy Game Bundle/Combat Weapons/Dagger/WEAPKnif_Dagger clash on metal 3_GfxSounds_FantasyGameBundle.wav,192284,22c3ab23121cc2f411e570180488b57fb53dc8c478177a26a91d876b38e935f8,Combat Weapons,2,48000,24
audio/Combat Weapons/Dagger/WEAPKnif_Dagger clash on metal_GfxSounds_FantasyGameBundle.wav,Fantasy Game Bundle/Combat Weapons/Dagger/WEAPKnif_Dagger clash on metal_GfxSounds_FantasyGameBundle.wav,653546,f82483e71716fe8202c8c1a91819e6cb9e16bd8e52d52fcf8bd83605883757c1,Combat Weapons,2,48000,24
audio/Combat Weapons/Dagger/WEAPKnif_Dagger drop hard surface 2_GfxSounds_FantasyGameBundle.wav,Fantasy Game Bundle/Combat Weapons/Dagger/WEAPKnif_Dagger drop hard surface 2_GfxSounds_FantasyGameBundle.wav,317210,4fa4b62539d8872987f0aafbc2672de9bc95bc1e573d8f163cbc22458d0eea19,Combat Weapons,2,48000,24
audio/Combat Weapons/Dagger/WEAPKnif_Dagger drop hard surface 3_GfxSounds_FantasyGameBundle.wav,Fantasy Game Bundle/Combat Weapons/Dagger/WEAPKnif_Dagger drop hard surface 3_GfxSounds_FantasyGameBundle.wav,326816,c4278fea7edcd2ce4e288d97f75ba6dc1b30ae9f93de8ce5abba967544f3c9bd,Combat Weapons,2,48000,24
audio/Combat Weapons/Dagger/WEAPKnif_Dagger drop hard surface 4_GfxSounds_FantasyGameBundle.wav,Fantasy Game Bundle/Combat Weapons/Dagger/WEAPKnif_Dagger drop hard surface 4_GfxSounds_FantasyGameBundle.wav,240332,14289bfe8a33ef1655bcbd1d054cdedf5bef28ac24528eb5f6733656ac0ac8cf,Combat Weapons,2,48000,24
audio/Combat Weapons/Dagger/WEAPKnif_Dagger drop hard surface_GfxSounds_FantasyGameBundle.wav,Fantasy Game Bundle/Combat Weapons/Dagger/WEAPKnif_Dagger drop hard surface_GfxSounds_FantasyGameBundle.wav,297992,40c9a29a0e82f5625695af9e270b86b8f529d227e365096ed66b4ceb1f5494f7,Combat Weapons,2,48000,24
audio/Combat Weapons/Dagger/WEAPKnif_Dagger flesh movement 2_GfxSounds_FantasyGameBundle.wav,Fantasy Game Bundle/Combat Weapons/Dagger/WEAPKnif_Dagger flesh movement 2_GfxSounds_FantasyGameBundle.wav,528620,338b508843e53c15d74039fb51c6c3953a1efd652eb9ade3e915eef89bb9d6fc,Combat Weapons,2,48000,24
audio/Combat Weapons/Dagger/WEAPKnif_Dagger flesh movement 3_GfxSounds_FantasyGameBundle.wav,Fantasy Game Bundle/Combat Weapons/Dagger/WEAPKnif_Dagger flesh movement 3_GfxSounds_FantasyGameBundle.wav,442136,a54d263e1fb393a1ff5f6dfbc1fef6389fe611140cb5cab2be776d38c7a60f64,Combat Weapons,2,48000,24
audio/Combat Weapons/Dagger/WEAPKnif_Dagger flesh movement_GfxSounds_FantasyGameBundle.wav,Fantasy Game Bundle/Combat Weapons/Dagger/WEAPKnif_Dagger flesh movement_GfxSounds_FantasyGameBundle.wav,394088,85bbf6c76986acbed58211bf8e847f7b10ed043c22cf9a23db74ae3375863384,Combat Weapons,2,48000,24
audio/Combat Weapons/Dagger/WEAPKnif_Dagger handle_GfxSounds_FantasyGameBundle.wav,Fantasy Game Bundle/Combat Weapons/Dagger/WEAPKnif_Dagger handle_GfxSounds_FantasyGameBundle.wav,221114,70e7d77b2465ef865942dd639b35eb224f91fa143b03d2dd073cd82549f09964,Combat Weapons,2,48000,24
audio/Combat Weapons/Dagger/WEAPKnif_Dagger sharpening 2_GfxSounds_FantasyGameBundle.wav,Fantasy Game Bundle/Combat Weapons/Dagger/WEAPKnif_Dagger sharpening 2_GfxSounds_FantasyGameBundle.wav,3084776,24eefdec6374a3fed0adbaec091d96af4d46eafe102af38f2774b4f8bbd484e1,Combat Weapons,2,48000,24
audio/Combat Weapons/Dagger/WEAPKnif_Dagger sharpening 3_GfxSounds_FantasyGameBundle.wav,Fantasy Game Bundle/Combat Weapons/Dagger/WEAPKnif_Dagger sharpening 3_GfxSounds_FantasyGameBundle.wav,1970060,9e42e0a46271a145dc70c2de691ff7bd88dfaf7c6eae3b1ea9aa23aca088c6ef,Combat Weapons,2,48000,24
audio/Combat Weapons/Dagger/WEAPKnif_Dagger sharpening 4_GfxSounds_FantasyGameBundle.wav,Fantasy Game Bundle/Combat Weapons/Dagger/WEAPKnif_Dagger sharpening 4_GfxSounds_FantasyGameBundle.wav,182678,8c6ca95f942c7cc7f9a7c3fd6ef1082bd0a3d7e7f58f8e2cab4ca2502dd9d467,Combat Weapons,2,48000,24
audio/Combat Weapons/Dagger/WEAPKnif_Dagger sharpening_GfxSounds_FantasyGameBundle.wav,Fantasy Game Bundle/Combat Weapons/Dagger/WEAPKnif_Dagger sharpening_GfxSounds_FantasyGameBundle.wav,2681174,88b02d820bafe2a2b79478945a7f9d8ee0085602c1e2f011cf88c937b40715dc,Combat Weapons,2,48000,24
audio/Combat Weapons/Dagger/WEAPKnif_Dagger slide and stab 2_GfxSounds_FantasyGameBundle.wav,Fantasy Game Bundle/Combat Weapons/Dagger/WEAPKnif_Dagger slide and stab 2_GfxSounds_FantasyGameBundle.wav,192290,9b00cb71e7d275249f82f7ad1e68f3c611b4928d7a450742493bb1742cf4859c,Combat Weapons,2,48000,24
audio/Combat Weapons/Dagger/WEAPKnif_Dagger slide and stab 3_GfxSounds_FantasyGameBundle.wav,Fantasy Game Bundle/Combat Weapons/Dagger/WEAPKnif_Dagger slide and stab 3_GfxSounds_FantasyGameBundle.wav,442136,60fa5bd0a10e3365be60980b884ff2bead4836992d4dfb69ab77db84a2b799a7,Combat Weapons,2,48000,24
audio/Combat Weapons/Dagger/WEAPKnif_Dagger slide and stab 4_GfxSounds_FantasyGameBundle.wav,Fantasy Game Bundle/Combat Weapons/Dagger/WEAPKnif_Dagger slide and stab 4_GfxSounds_FantasyGameBundle.wav,201896,9229082f4c6535b586fdfdae9d83b677103c38a8986ba8a9a69786940936078c,Combat Weapons,2,48000,24
audio/Combat Weapons/Dagger/WEAPKnif_Dagger slide and stab 5_GfxSounds_FantasyGameBundle.wav,Fantasy Game Bundle/Combat Weapons/Dagger/WEAPKnif_Dagger slide and stab 5_GfxSounds_FantasyGameBundle.wav,173066,2a692e665bdf1d38f141255dceeee31a1b5ade895d3f15c083a5a2187e640c57,Combat Weapons,2,48000,24
audio/Combat Weapons/Dagger/WEAPKnif_Dagger slide and stab 6_GfxSounds_FantasyGameBundle.wav,Fantasy Game Bundle/Combat Weapons/Dagger/WEAPKnif_Dagger slide and stab 6_GfxSounds_FantasyGameBundle.wav,346040,79489db7a43915816e8b13fe8042c2ad40619a6c8f60bbf9a215eef8ccdb28c1,Combat Weapons,2,48000,24
audio/Combat Weapons/Dagger/WEAPKnif_Dagger slide and stab 7_GfxSounds_FantasyGameBundle.wav,Fantasy Game Bundle/Combat Weapons/Dagger/WEAPKnif_Dagger slide and stab 7_GfxSounds_FantasyGameBundle.wav,663152,ec39e6d7e5deff73f19aeb06093d42183caf02322dcf59df5c1a7d09e353cb01,Combat Weapons,2,48000,24
audio/Combat Weapons/Dagger/WEAPKnif_Dagger slide and stab 8_GfxSounds_FantasyGameBundle.wav,Fantasy Game Bundle/Combat Weapons/Dagger/WEAPKnif_Dagger slide and stab 8_GfxSounds_FantasyGameBundle.wav,163454,9b49b2bfa4c1044e0a897d47f633b6e147599a318aa6813a4398d8dbbf1dc9e6,Combat Weapons,2,48000,24
audio/Combat Weapons/Dagger/WEAPKnif_Dagger slide and stab 9_GfxSounds_FantasyGameBundle.wav,Fantasy Game Bundle/Combat Weapons/Dagger/WEAPKnif_Dagger slide and stab 9_GfxSounds_FantasyGameBundle.wav,576668,7be3d21b321e425d6cdd85f4c88daf3c6ede8bee8d6c0fc80d2b727e867196ef,Combat Weapons,2,48000,24
audio/Combat Weapons/Dagger/WEAPKnif_Dagger slide and stab_GfxSounds_FantasyGameBundle.wav,Fantasy Game Bundle/Combat Weapons/Dagger/WEAPKnif_Dagger slide and stab_GfxSounds_FantasyGameBundle.wav,394088,2f88fb10302d867c33a0256bd1bbd256b15b03acf56a10ce8c6d625b1c0df6e5,Combat Weapons,2,48000,24
audio/Combat Weapons/Siege Weapons/WEAPSiege_Catapult charge and fire 2_GfxSounds_FantasyGameBundle.wav,Fantasy Game Bundle/Combat Weapons/Siege Weapons/WEAPSiege_Catapult charge and fire 2_GfxSounds_FantasyGameBundle.wav,1531220,684410cdc79cbc0d1495e2661924cbd3ad3917fd337b1f8e624cda75be99609c,Combat Weapons,2,48000,16
audio/Combat Weapons/Siege Weapons/WEAPSiege_Catapult charge and fire 3_GfxSounds_FantasyGameBundle.wav,Fantasy Game Bundle/Combat Weapons/Siege Weapons/WEAPSiege_Catapult charge and fire 3_GfxSounds_FantasyGameBundle.wav,1479972,7d9e5a93e02d8d8a45fd0de1c5a92535b06c01459a2fba4c9ef79bc857d93572,Combat Weapons,2,48000,16
audio/Combat Weapons/Siege Weapons/WEAPSiege_Catapult charge and fire 4_GfxSounds_FantasyGameBundle.wav,Fantasy Game Bundle/Combat Weapons/Siege Weapons/WEAPSiege_Catapult charge and fire 4_GfxSounds_FantasyGameBundle.wav,890580,c405f87c8f5c0bfbf0144f10e3d552c634bbd6daa02c40ac0c9c40bbf95222c2,Combat Weapons,2,48000,16
audio/Combat Weapons/Siege Weapons/WEAPSiege_Catapult charge and fire_GfxSounds_FantasyGameBundle.wav,Fantasy Game Bundle/Combat Weapons/Siege Weapons/WEAPSiege_Catapult charge and fire_GfxSounds_FantasyGameBundle.wav,1486376,6b5ae7bd490e1a2184f52eb278d4cec104affe95d4209cc7b3c451ce63a7cc00,Combat Weapons,2,48000,16
audio/Combat Weapons/Siege Weapons/WEAPSiege_Catapult tension creak 2_GfxSounds_FantasyGameBundle.wav,Fantasy Game Bundle/Combat Weapons/Siege Weapons/WEAPSiege_Catapult tension creak 2_GfxSounds_FantasyGameBundle.wav,621512,0ead2b49b34b381558207b4f62051f25aa915ad94864c6093e63d13114f2f465,Combat Weapons,2,48000,16
audio/Combat Weapons/Siege Weapons/WEAPSiege_Catapult tension creak 3_GfxSounds_FantasyGameBundle.wav,Fantasy Game Bundle/Combat Weapons/Siege Weapons/WEAPSiege_Catapult tension creak 3_GfxSounds_FantasyGameBundle.wav,858552,225d7735de034f60a4f4ef4d2cdfd491d9227161f69bc0a63c77d4756c18bbe4,Combat Weapons,2,48000,16
audio/Combat Weapons/Siege Weapons/WEAPSiege_Catapult tension creak 4_GfxSounds_FantasyGameBundle.wav,Fantasy Game Bundle/Combat Weapons/Siege Weapons/WEAPSiege_Catapult tension creak 4_GfxSounds_FantasyGameBundle.wav,461352,87574a24d99b329b6c8079714b7a5314b272d92ded18b43dbc0fe31f45a5f406,Combat Weapons,2,48000,16
audio/Combat Weapons/Siege Weapons/WEAPSiege_Catapult tension creak_GfxSounds_FantasyGameBundle.wav,Fantasy Game Bundle/Combat Weapons/Siege Weapons/WEAPSiege_Catapult tension creak_GfxSounds_FantasyGameBundle.wav,736828,c494bfed3eb926568113dbe38d490ca5bbea6054995fdae43c2b5cae2e916895,Combat Weapons,2,48000,16
audio/Combat Weapons/Swords/Sword Clashes Parries/WEAPSwrd_Double sword clash_GfxSounds_FantasyGameBundle.wav,Fantasy Game Bundle/Combat Weapons/Swords/Sword Clashes Parries/WEAPSwrd_Double sword clash_GfxSounds_FantasyGameBundle.wav,141356,51a98eca895d29140c3c05e351c75ad56ebbd15a1c4ff1a61fe87fffd0eb0d0c,Combat Weapons,2,44100,16
audio/Combat Weapons/Swords/Sword Clashes Parries/WEAPSwrd_Single sword clash 2_GfxSounds_FantasyGameBundle.wav,Fantasy Game Bundle/Combat Weapons/Swords/Sword Clashes Parries/WEAPSwrd_Single sword clash 2_GfxSounds_FantasyGameBundle.wav,64840,a67e5bf7312f80e0fba8c9a47c35295767882ea633dea2235c950cfb8ec41a81,Combat Weapons,2,44100,16
audio/Combat Weapons/Swords/Sword Clashes Parries/WEAPSwrd_Single sword clash 3_GfxSounds_FantasyGameBundle.wav,Fantasy Game Bundle/Combat Weapons/Swords/Sword Clashes Parries/WEAPSwrd_Single sword clash 3_GfxSounds_FantasyGameBundle.wav,100152,21af95df5da71e2c58906e61f16f2aff1e6fc6bb93367557fc06cac2e3c4967f,Combat Weapons,2,44100,16
audio/Combat Weapons/Swords/Sword Clashes Parries/WEAPSwrd_Single sword clash 4_GfxSounds_FantasyGameBundle.wav,Fantasy Game Bundle/Combat Weapons/Swords/Sword Clashes Parries/WEAPSwrd_Single sword clash 4_GfxSounds_FantasyGameBundle.wav,159008,f167a8e1b15269d15d1aa11d5c47627937789b951679ab14b711cb7926f45b91,Combat Weapons,2,44100,16
audio/Combat Weapons/Swords/Sword Clashes Parries/WEAPSwrd_Single sword clash_GfxSounds_FantasyGameBundle.wav,Fantasy Game Bundle/Combat Weapons/Swords/Sword Clashes Parries/WEAPSwrd_Single sword clash_GfxSounds_FantasyGameBundle.wav,106040,f48f7178ca9b193165a9b0b5aa687c757d9c7bc14be821999868b7cee8c83c93,Combat Weapons,2,44100,16
audio/Combat Weapons/Swords/Sword Clashes Parries/WEAPSwrd_Sword clash metal clang 2_GfxSounds_FantasyGameBundle.wav,Fantasy Game Bundle/Combat Weapons/Swords/Sword Clashes Parries/WEAPSwrd_Sword clash metal clang 2_GfxSounds_FantasyGameBundle.wav,175580,1bd674a76116d36149c8b542726945481a0ea511bcd3bf75fc9f55f053b22928,Combat Weapons,2,48000,24
audio/Combat Weapons/Swords/Sword Clashes Parries/WEAPSwrd_Sword clash metal clang 3_GfxSounds_FantasyGameBundle.wav,Fantasy Game Bundle/Combat Weapons/Swords/Sword Clashes Parries/WEAPSwrd_Sword clash metal clang 3_GfxSounds_FantasyGameBundle.wav,288080,b313e43f5998265a79cab0f753e6a026b1ca960db0852ab3b1eaab3a957f062f,Combat Weapons,2,48000,24
audio/Combat Weapons/Swords/Sword Clashes Parries/WEAPSwrd_Sword clash metal clang 4_GfxSounds_FantasyGameBundle.wav,Fantasy Game Bundle/Combat Weapons/Swords/Sword Clashes Parries/WEAPSwrd_Sword clash metal clang 4_GfxSounds_FantasyGameBundle.wav,266750,03eacfc71ae3a6fc89328572da0e339c35153ef325bc151799f6b1a002db1231,Combat Weapons,2,48000,24
audio/Combat Weapons/Swords/Sword Clashes Parries/WEAPSwrd_Sword clash metal clang 5_GfxSounds_FantasyGameBundle.wav,Fantasy Game Bundle/Combat Weapons/Swords/Sword Clashes Parries/WEAPSwrd_Sword clash metal clang 5_GfxSounds_FantasyGameBundle.wav,202580,cc618ffb3cfa9902bb1538a5f557a0ae71deba760300c092e0016b68cb4d5d64,Combat Weapons,2,48000,24
audio/Combat Weapons/Swords/Sword Clashes Parries/WEAPSwrd_Sword clash metal clang_GfxSounds_FantasyGameBundle.wav,Fantasy Game Bundle/Combat Weapons/Swords/Sword Clashes Parries/WEAPSwrd_Sword clash metal clang_GfxSounds_FantasyGameBundle.wav,227330,0d9f3e9f55bd8531228aff78bdbf8968d340cc6119330df69fec6d44f1f17924,Combat Weapons,2,48000,24
audio/Combat Weapons/Swords/Sword Clashes Parries/WEAPSwrd_Sword clash reverb_GfxSounds_FantasyGameBundle.wav,Fantasy Game Bundle/Combat Weapons/Swords/Sword Clashes Parries/WEAPSwrd_Sword clash reverb_GfxSounds_FantasyGameBundle.wav,129584,67b015cdfcad5cd176084f330fd00235a7c95dbc09b0a34dc33461e5072c3791,Combat Weapons,2,44100,16
audio/Combat Weapons/Swords/Sword Impacts Gore/WEAPSwrd_Execution blade impact 2_GfxSounds_FantasyGameBundle.wav,Fantasy Game Bundle/Combat Weapons/Swords/Sword Impacts Gore/WEAPSwrd_Execution blade impact 2_GfxSounds_FantasyGameBundle.wav,621068,6c731926647fd88fe2b6ffd23ab2e6a77887df6729e6f4d6720b0963e0e82193,Combat Weapons,2,48000,24
audio/Combat Weapons/Swords/Sword Impacts Gore/WEAPSwrd_Execution blade impact 3_GfxSounds_FantasyGameBundle.wav,Fantasy Game Bundle/Combat Weapons/Swords/Sword Impacts Gore/WEAPSwrd_Execution blade impact 3_GfxSounds_FantasyGameBundle.wav,396080,f62ac5af2cd93d9008a2be2e4d1626e0e121fdb61937b1af0dd184d3d21ab9b6,Combat Weapons,2,48000,24
audio/Combat Weapons/Swords/Sword Impacts Gore/WEAPSwrd_Execution blade impact 4_GfxSounds_FantasyGameBundle.wav,Fantasy Game Bundle/Combat Weapons/Swords/Sword Impacts Gore/WEAPSwrd_Execution blade impact 4_GfxSounds_FantasyGameBundle.wav,468092,9a86027a0bc24f3d15b174514dd5d34dd9da1ba60a70bea3a79c1cc91c79c82b,Combat Weapons,2,48000,24
audio/Combat Weapons/Swords/Sword Impacts Gore/WEAPSwrd_Execution blade impact 5_GfxSounds_FantasyGameBundle.wav,Fantasy Game Bundle/Combat Weapons/Swords/Sword Impacts Gore/WEAPSwrd_Execution blade impact 5_GfxSounds_FantasyGameBundle.wav,468092,e3aed54767911346ed2319a336c7039d4774b63b99b3b7a58ab22ef4b14db277,Combat Weapons,2,48000,24
audio/Combat Weapons/Swords/Sword Impacts Gore/WEAPSwrd_Execution blade impact 6_GfxSounds_FantasyGameBundle.wav,Fantasy Game Bundle/Combat Weapons/Swords/Sword Impacts Gore/WEAPSwrd_Execution blade impact 6_GfxSounds_FantasyGameBundle.wav,776318,8ccc775b708e83416e2a6c0ca2c2bc0bb5a3a5787d226d6c877dcb4efae7be78,Combat Weapons,2,48000,24
audio/Combat Weapons/Swords/Sword Impacts Gore/WEAPSwrd_Execution blade impact 7_GfxSounds_FantasyGameBundle.wav,Fantasy Game Bundle/Combat Weapons/Swords/Sword Impacts Gore/WEAPSwrd_Execution blade impact 7_GfxSounds_FantasyGameBundle.wav,396080,b7c162880bd9f0407790ef1a5d3df1660b5a155aebfc8fc6e88b27e48c88901f,Combat Weapons,2,48000,24
audio/Combat Weapons/Swords/Sword Impacts Gore/WEAPSwrd_Execution blade impact_GfxSounds_FantasyGameBundle.wav,Fantasy Game Bundle/Combat Weapons/Swords/Sword Impacts Gore/WEAPSwrd_Execution blade impact_GfxSounds_FantasyGameBundle.wav,468080,7e9459dce4d278b8272b018f110a05de3d86d569d17ede8aeb0087cdafe36bec,Combat Weapons,2,48000,24
audio/Combat Weapons/Swords/Sword Impacts Gore/WEAPSwrd_Sword body hit swipe 2_GfxSounds_FantasyGameBundle.wav,Fantasy Game Bundle/Combat Weapons/Swords/Sword Impacts Gore/WEAPSwrd_Sword body hit swipe 2_GfxSounds_FantasyGameBundle.wav,253184,d7265f8cd21ba657423dab5391a63e1976d532bcf4af6abf9dab77cccf91b09f,Combat Weapons,2,44100,16
audio/Combat Weapons/Swords/Sword Impacts Gore/WEAPSwrd_Sword body hit swipe 3_GfxSounds_FantasyGameBundle.wav,Fantasy Game Bundle/Combat Weapons/Swords/Sword Impacts Gore/WEAPSwrd_Sword body hit swipe 3_GfxSounds_FantasyGameBundle.wav,247296,70b59ea8509640ac4f7c162ce6dcd117bb246c519033720e2c75d007e2e018c2,Combat Weapons,2,44100,16
audio/Combat Weapons/Swords/Sword Impacts Gore/WEAPSwrd_Sword body hit swipe 4_GfxSounds_FantasyGameBundle.wav,Fantasy Game Bundle/Combat Weapons/Swords/Sword Impacts Gore/WEAPSwrd_Sword body hit swipe 4_GfxSounds_FantasyGameBundle.wav,164896,1f01ca49df9484937e7539ce6bf52e5014d6302af5cf74f08521b792613ddbec,Combat Weapons,2,44100,16
audio/Combat Weapons/Swords/Sword Impacts Gore/WEAPSwrd_Sword body hit swipe_GfxSounds_FantasyGameBundle.wav,Fantasy Game Bundle/Combat Weapons/Swords/Sword Impacts Gore/WEAPSwrd_Sword body hit swipe_GfxSounds_FantasyGameBundle.wav,188440,2f7289f9923196af641ed44eed76e2ba1fe10ba9df63fe5e8b8df0d51f3f25a2,Combat Weapons,2,44100,16
audio/Combat Weapons/Swords/Sword Impacts Gore/WEAPSwrd_Sword shield scrape impact_GfxSounds_FantasyGameBundle.wav,Fantasy Game Bundle/Combat Weapons/Swords/Sword Impacts Gore/WEAPSwrd_Sword shield scrape impact_GfxSounds_FantasyGameBundle.wav,270840,e7dd1be3815b1cd0b7f32153548160aa0a7b9a1ea8caac8278a33c7726b3fae5,Combat Weapons,2,44100,16
audio/Combat Weapons/Swords/Sword Impacts Gore/WEAPSwrd_Sword stab gore 2_GfxSounds_FantasyGameBundle.wav,Fantasy Game Bundle/Combat Weapons/Swords/Sword Impacts Gore/WEAPSwrd_Sword stab gore 2_GfxSounds_FantasyGameBundle.wav,262752,72353af924c905a21cfbf069331babd9d1b2e7dc8e1bf5e0ecd972c35aadb386,Combat Weapons,2,48000,16
audio/Combat Weapons/Swords/Sword Impacts Gore/WEAPSwrd_Sword stab gore 3_GfxSounds_FantasyGameBundle.wav,Fantasy Game Bundle/Combat Weapons/Swords/Sword Impacts Gore/WEAPSwrd_Sword stab gore 3_GfxSounds_FantasyGameBundle.wav,269160,dff64a6b85502fbf9846960aa221e747e66940149afd99475876c8f092e068bf,Combat Weapons,2,48000,16
audio/Combat Weapons/Swords/Sword Impacts Gore/WEAPSwrd_Sword stab gore_GfxSounds_FantasyGameBundle.wav,Fantasy Game Bundle/Combat Weapons/Swords/Sword Impacts Gore/WEAPSwrd_Sword stab gore_GfxSounds_FantasyGameBundle.wav,320412,b97bc731b760d3a5bacc1ecc3380bbf222b4c9783029ed9cc7756b4e409832eb,Combat Weapons,2,48000,16
audio/Combat Weapons/Swords/Sword Impacts Gore/WEAPSwrd_Sword stab withdraw_GfxSounds_FantasyGameBundle.wav,Fantasy Game Bundle/Combat Weapons/Swords/Sword Impacts Gore/WEAPSwrd_Sword stab withdraw_GfxSounds_FantasyGameBundle.wav,256352,4267484fec08a733f6ad97ecc37b6b2807c6abd63f9d644e04aa1c8c20e277af,Combat Weapons,2,48000,16
audio/Combat Weapons/Swords/Sword Impacts Gore/WEAPSwrd_Sword thud impact_GfxSounds_FantasyGameBundle.wav,Fantasy Game Bundle/Combat Weapons/Swords/Sword Impacts Gore/WEAPSwrd_Sword thud impact_GfxSounds_FantasyGameBundle.wav,217872,711c022a002bf8c480bd625dbbefd4a89271911ed34cdbad2e554ae303c61a4d,Combat Weapons,2,44100,16
audio/Combat Weapons/Swords/Sword Scrapes Shields/WEAPSwrd_Sword armor shield hit 2_GfxSounds_FantasyGameBundle.wav,Fantasy Game Bundle/Combat Weapons/Swords/Sword Scrapes Shields/WEAPSwrd_Sword armor shield hit 2_GfxSounds_FantasyGameBundle.wav,259072,630e495b119341d2bb7e6c7718bb54a46c6210e2352215b8a49d5b8b6d472a4e,Combat Weapons,2,44100,16
audio/Combat Weapons/Swords/Sword Scrapes Shields/WEAPSwrd_Sword armor shield hit 3_GfxSounds_FantasyGameBundle.wav,Fantasy Game Bundle/Combat Weapons/Swords/Sword Scrapes Shields/WEAPSwrd_Sword armor shield hit 3_GfxSounds_FantasyGameBundle.wav,217872,10c3e40b47f7d35ed00cda9a0b03d9ec511a7a264d72627917e583b6c43ea95f,Combat Weapons,2,44100,16
audio/Combat Weapons/Swords/Sword Scrapes Shields/WEAPSwrd_Sword armor shield hit 4_GfxSounds_FantasyGameBundle.wav,Fantasy Game Bundle/Combat Weapons/Swords/Sword Scrapes Shields/WEAPSwrd_Sword armor shield hit 4_GfxSounds_FantasyGameBundle.wav,170780,046444f9af07224846288c4666ae5b973cf6c31d5c8a788b659ff0660c47516c,Combat Weapons,2,44100,16
audio/Combat Weapons/Swords/Sword Scrapes Shields/WEAPSwrd_Sword armor shield hit_GfxSounds_FantasyGameBundle.wav,Fantasy Game Bundle/Combat Weapons/Swords/Sword Scrapes Shields/WEAPSwrd_Sword armor shield hit_GfxSounds_FantasyGameBundle.wav,141352,697627fbe836456656334d3124b5f58a4b7241435da6181610fff95a489a5292,Combat Weapons,2,44100,16
audio/Combat Weapons/Swords/Sword Scrapes Shields/WEAPSwrd_Sword blade scrape 2_GfxSounds_FantasyGameBundle.wav,Fantasy Game Bundle/Combat Weapons/Swords/Sword Scrapes Shields/WEAPSwrd_Sword blade scrape 2_GfxSounds_FantasyGameBundle.wav,100152,e41f6512453a61f59585b53375c803e78fbbf39618036fd192d1cacb175e5831,Combat Weapons,2,44100,16
audio/Combat Weapons/Swords/Sword Scrapes Shields/WEAPSwrd_Sword blade scrape 3_GfxSounds_FantasyGameBundle.wav,Fantasy Game Bundle/Combat Weapons/Swords/Sword Scrapes Shields/WEAPSwrd_Sword blade scrape 3_GfxSounds_FantasyGameBundle.wav,1106636,28969cd0fb5af2d630e4b7c0a56ee0425942e21ea3374bfe98f3b371645d8f1d,Combat Weapons,2,44100,16
audio/Combat Weapons/Swords/Sword Scrapes Shields/WEAPSwrd_Sword blade scrape_GfxSounds_FantasyGameBundle.wav,Fantasy Game Bundle/Combat Weapons/Swords/Sword Scrapes Shields/WEAPSwrd_Sword blade scrape_GfxSounds_FantasyGameBundle.wav,665196,46d8a9124aa5fc2f21e2be99591779f8961dc2959d898442b56ff808fa537a27,Combat Weapons,2,44100,16
audio/Combat Weapons/Swords/Sword Scrapes Shields/WEAPSwrd_Sword rock scrape_GfxSounds_FantasyGameBundle.wav,Fantasy Game Bundle/Combat Weapons/Swords/Sword Scrapes Shields/WEAPSwrd_Sword rock scrape_GfxSounds_FantasyGameBundle.wav,335588,e8c1474d2e218c73f26a54130f101d4e565276eb5e898779c83c22c94a795ffa,Combat Weapons,2,44100,16
audio/Combat Weapons/Swords/Sword Scrapes Shields/WEAPSwrd_Sword shield ring hit_GfxSounds_FantasyGameBundle.wav,Fantasy Game Bundle/Combat Weapons/Swords/Sword Scrapes Shields/WEAPSwrd_Sword shield ring hit_GfxSounds_FantasyGameBundle.wav,417988,86b01487bd000ac54a49ee3841dc1ee51eb3eda6402ca3e9861573d035ae5a9d,Combat Weapons,2,44100,16
audio/Combat Weapons/Swords/Sword Swings Unsheathes/WEAPSwrd_Fast sword swing 2_GfxSounds_FantasyGameBundle.wav,Fantasy Game Bundle/Combat Weapons/Swords/Sword Swings Unsheathes/WEAPSwrd_Fast sword swing 2_GfxSounds_FantasyGameBundle.wav,141352,b14700d77e216f15017a767bfbc5e7348aac7ef9c354a1eb8e78f3aa2709c042,Combat Weapons,2,44100,16
audio/Combat Weapons/Swords/Sword Swings Unsheathes/WEAPSwrd_Fast sword swing 3_GfxSounds_FantasyGameBundle.wav,Fantasy Game Bundle/Combat Weapons/Swords/Sword Swings Unsheathes/WEAPSwrd_Fast sword swing 3_GfxSounds_FantasyGameBundle.wav,159012,96205af5de2face1f0acd694fa37f477dd0b2b7d2cf3b6662dd4f3292f557cac,Combat Weapons,2,44100,16
audio/Combat Weapons/Swords/Sword Swings Unsheathes/WEAPSwrd_Fast sword swing_GfxSounds_FantasyGameBundle.wav,Fantasy Game Bundle/Combat Weapons/Swords/Sword Swings Unsheathes/WEAPSwrd_Fast sword swing_GfxSounds_FantasyGameBundle.wav,135468,0cec4168aecd42922553ebe9c9d5f93fb412b3e02c85f198d639adf5abfd50cc,Combat Weapons,2,44100,16
audio/Combat Weapons/Swords/Sword Swings Unsheathes/WEAPSwrd_Sword swing accent 2_GfxSounds_FantasyGameBundle.wav,Fantasy Game Bundle/Combat Weapons/Swords/Sword Swings Unsheathes/WEAPSwrd_Sword swing accent 2_GfxSounds_FantasyGameBundle.wav,35408,95be801c54f6be7f61b2160e6cd09fb681edd120a471458db35750386296daaf,Combat Weapons,2,44100,16
audio/Combat Weapons/Swords/Sword Swings Unsheathes/WEAPSwrd_Sword swing accent_GfxSounds_FantasyGameBundle.wav,Fantasy Game Bundle/Combat Weapons/Swords/Sword Swings Unsheathes/WEAPSwrd_Sword swing accent_GfxSounds_FantasyGameBundle.wav,58952,1645033b6723d22071daed528a667a7487a7b1450be259c0439c953f877051bd,Combat Weapons,2,44100,16
audio/Combat Weapons/Swords/Sword Swings Unsheathes/WEAPSwrd_Sword unsheathe reverb_GfxSounds_FantasyGameBundle.wav,Fantasy Game Bundle/Combat Weapons/Swords/Sword Swings Unsheathes/WEAPSwrd_Sword unsheathe reverb_GfxSounds_FantasyGameBundle.wav,382676,3b73e8d637cf72f5be8f3a9c07cb92aa4db62b4bfc2d1f77f4a8aed485c01044,Combat Weapons,2,44100,16
audio/Combat Weapons/Swords/Sword Swings Unsheathes/WEAPSwrd_Sword unsheathe_GfxSounds_FantasyGameBundle.wav,Fantasy Game Bundle/Combat Weapons/Swords/Sword Swings Unsheathes/WEAPSwrd_Sword unsheathe_GfxSounds_FantasyGameBundle.wav,217872,6fd1c0bd8490b4365e99d26d1cdb65e3a10aecbf0e5893d66dc83fe61257d04f,Combat Weapons,2,44100,16
audio/Combat Weapons/Thrown Weapons/WEAPMisc_Knife throw and hit 2_GfxSounds_FantasyGameBundle.wav,Fantasy Game Bundle/Combat Weapons/Thrown Weapons/WEAPMisc_Knife throw and hit 2_GfxSounds_FantasyGameBundle.wav,326816,60b634423be6aaec7e001ac1cdb20c463da7f8eb2425e9bfd2065ad3c1aab503,Combat Weapons,2,48000,24
audio/Combat Weapons/Thrown Weapons/WEAPMisc_Knife throw and hit 3_GfxSounds_FantasyGameBundle.wav,Fantasy Game Bundle/Combat Weapons/Thrown Weapons/WEAPMisc_Knife throw and hit 3_GfxSounds_FantasyGameBundle.wav,134624,67f12ee347bc555c7e25d9be3fe5b2b9f8f4a1b7f19519817bb92e86e35dab96,Combat Weapons,2,48000,24
audio/Combat Weapons/Thrown Weapons/WEAPMisc_Knife throw and hit 4_GfxSounds_FantasyGameBundle.wav,Fantasy Game Bundle/Combat Weapons/Thrown Weapons/WEAPMisc_Knife throw and hit 4_GfxSounds_FantasyGameBundle.wav,249938,ebde2a25de7c4ab047cc1f8466720b9fcfed321df03b5cb5b6afdc816660a24d,Combat Weapons,2,48000,24
audio/Combat Weapons/Thrown Weapons/WEAPMisc_Knife throw and hit_GfxSounds_FantasyGameBundle.wav,Fantasy Game Bundle/Combat Weapons/Thrown Weapons/WEAPMisc_Knife throw and hit_GfxSounds_FantasyGameBundle.wav,259550,488b666defaaacdf1cde0afcb553ee92a7e7ba07e1150b984c0b13abc1ca7a75,Combat Weapons,2,48000,24
audio/Combat Weapons/Thrown Weapons/WEAPMisc_Knife throw no hit 2_GfxSounds_FantasyGameBundle.wav,Fantasy Game Bundle/Combat Weapons/Thrown Weapons/WEAPMisc_Knife throw no hit 2_GfxSounds_FantasyGameBundle.wav,96188,082c69d31ea6d4001acde49783c7e0afd62b7cf0b023911e9e68d9075524a6fc,Combat Weapons,2,48000,24
audio/Combat Weapons/Thrown Weapons/WEAPMisc_Knife throw no hit_GfxSounds_FantasyGameBundle.wav,Fantasy Game Bundle/Combat Weapons/Thrown Weapons/WEAPMisc_Knife throw no hit_GfxSounds_FantasyGameBundle.wav,105800,790cfe92ba1c44f870388cb049d7a1ba7ee629c04f15c2b215764ff3d06a985d,Combat Weapons,2,48000,24
audio/Combat Weapons/Thrown Weapons/WEAPMisc_Pickaxe throw impact 2_GfxSounds_FantasyGameBundle.wav,Fantasy Game Bundle/Combat Weapons/Thrown Weapons/WEAPMisc_Pickaxe throw impact 2_GfxSounds_FantasyGameBundle.wav,448540,2777ec19034574e12d5c4ca958a47ecbed549b8449d90571685ad03645dd3fb5,Combat Weapons,2,48000,16
audio/Combat Weapons/Thrown Weapons/WEAPMisc_Pickaxe throw impact 3_GfxSounds_FantasyGameBundle.wav,Fantasy Game Bundle/Combat Weapons/Thrown Weapons/WEAPMisc_Pickaxe throw impact 3_GfxSounds_FantasyGameBundle.wav,474164,28eabe46158afea9fe867cb0bd75803c986ff94e2f1bff652ecf18e95269ee91,Combat Weapons,2,48000,16
audio/Combat Weapons/Thrown Weapons/WEAPMisc_Pickaxe throw impact_GfxSounds_FantasyGameBundle.wav,Fantasy Game Bundle/Combat Weapons/Thrown Weapons/WEAPMisc_Pickaxe throw impact_GfxSounds_FantasyGameBundle.wav,608696,2346afeddf08b239f516c396fe86c202617faed65cd5ee76b86e0a60b4e16180,Combat Weapons,2,48000,16
audio/Combat Weapons/Thrown Weapons/WEAPMisc_Pickaxe throw miss 2_GfxSounds_FantasyGameBundle.wav,Fantasy Game Bundle/Combat Weapons/Thrown Weapons/WEAPMisc_Pickaxe throw miss 2_GfxSounds_FantasyGameBundle.wav,224316,ed7963fdc4f6bef908b9b80b472f6b8f462de99b55e7abdbef773ce89a2d42b1,Combat Weapons,2,48000,16
audio/Combat Weapons/Thrown Weapons/WEAPMisc_Pickaxe throw miss_GfxSounds_FantasyGameBundle.wav,Fantasy Game Bundle/Combat Weapons/Thrown Weapons/WEAPMisc_Pickaxe throw miss_GfxSounds_FantasyGameBundle.wav,211504,60acddc1f1e33c85d9f5592b60c8058c93a7864b196dd79f08865ce7e7189b0b,Combat Weapons,2,48000,16
audio/Creatures And Monsters/Beasts/Large Beast/Footsteps/CREAMnstr_Large beast footsteps 2_GfxSounds_FantasyGameBundle.wav,Fantasy Game Bundle/Creatures And Monsters/Beasts/Large Beast/Footsteps/CREAMnstr_Large beast footsteps 2_GfxSounds_FantasyGameBundle.wav,1076364,6e5897da303b631dfcf42a0348dc2f820109096aee59224f102c81689760ee8d,Creatures And Monsters,2,48000,16
audio/Creatures And Monsters/Beasts/Large Beast/Footsteps/CREAMnstr_Large beast footsteps_GfxSounds_FantasyGameBundle.wav,Fantasy Game Bundle/Creatures And Monsters/Beasts/Large Beast/Footsteps/CREAMnstr_Large beast footsteps_GfxSounds_FantasyGameBundle.wav,1185276,071cb7232b13eb27c415aa6586ef1798e8a6a60dc8f88010d3205f67ac0bcc8f,Creatures And Monsters,2,48000,16
audio/Creatures And Monsters/Beasts/Large Beast/Pain and Death/CREAMnstr_Large beast death pain 2_GfxSounds_FantasyGameBundle.wav,Fantasy Game Bundle/Creatures And Monsters/Beasts/Large Beast/Pain and Death/CREAMnstr_Large beast death pain 2_GfxSounds_FantasyGameBundle.wav,666360,87d68f2ec49e50fb500547e5531ef3aefdda7ad73257ff4cfc6c56df54b5a028,Creatures And Monsters,2,48000,16
audio/Creatures And Monsters/Beasts/Large Beast/Pain and Death/CREAMnstr_Large beast death pain 3_GfxSounds_FantasyGameBundle.wav,Fantasy Game Bundle/Creatures And Monsters/Beasts/Large Beast/Pain and Death/CREAMnstr_Large beast death pain 3_GfxSounds_FantasyGameBundle.wav,461356,09d7014b0344692efaba2104ff94640ec2df4669483c3aa73cc8df8ba923d3a8,Creatures And Monsters,2,48000,16
audio/Creatures And Monsters/Beasts/Large Beast/Pain and Death/CREAMnstr_Large beast death pain 4_GfxSounds_FantasyGameBundle.wav,Fantasy Game Bundle/Creatures And Monsters/Beasts/Large Beast/Pain and Death/CREAMnstr_Large beast death pain 4_GfxSounds_FantasyGameBundle.wav,1351844,0cc4f6ebf0b8e9411a1d6f7d21abc41fa1cdfc4b97b73536f8e9fc215e66b519,Creatures And Monsters,2,48000,16
audio/Creatures And Monsters/Beasts/Large Beast/Pain and Death/CREAMnstr_Large beast death pain_GfxSounds_FantasyGameBundle.wav,Fantasy Game Bundle/Creatures And Monsters/Beasts/Large Beast/Pain and Death/CREAMnstr_Large beast death pain_GfxSounds_FantasyGameBundle.wav,711200,4eb24b142b3039a185c208cecac4a899e09c9302082706d6df0f68cf67001a8a,Creatures And Monsters,2,48000,16
audio/Creatures And Monsters/Beasts/Large Beast/Roars and Growls/CREAMnstr_Large beast ferocious roar 2_GfxSounds_FantasyGameBundle.wav,Fantasy Game Bundle/Creatures And Monsters/Beasts/Large Beast/Roars and Growls/CREAMnstr_Large beast ferocious roar 2_GfxSounds_FantasyGameBundle.wav,800892,c37da28a0447128d2b44c085d3482b78ea85398cd721379d1dbc4c9d1d7a7ab9,Creatures And Monsters,2,48000,16
audio/Creatures And Monsters/Beasts/Large Beast/Roars and Growls/CREAMnstr_Large beast ferocious roar 3_GfxSounds_FantasyGameBundle.wav,Fantasy Game Bundle/Creatures And Monsters/Beasts/Large Beast/Roars and Growls/CREAMnstr_Large beast ferocious roar 3_GfxSounds_FantasyGameBundle.wav,531820,c3170b7a032e7539a1e2dd44f6b89637fd8e42049d99df2ea5d0d00c74ad3e2c,Creatures And Monsters,2,48000,16
audio/Creatures And Monsters/Beasts/Large Beast/Roars and Growls/CREAMnstr_Large beast ferocious roar 4_GfxSounds_FantasyGameBundle.wav,Fantasy Game Bundle/Creatures And Monsters/Beasts/Large Beast/Roars and Growls/CREAMnstr_Large beast ferocious roar 4_GfxSounds_FantasyGameBundle.wav,467760,b791195da1b96a70ec268f584e8df705f5dc95937b6d7178fe1f7f90ab8e5aa2,Creatures And Monsters,2,48000,16
audio/Creatures And Monsters/Beasts/Large Beast/Roars and Growls/CREAMnstr_Large beast ferocious roar 5_GfxSounds_FantasyGameBundle.wav,Fantasy Game Bundle/Creatures And Monsters/Beasts/Large Beast/Roars and Growls/CREAMnstr_Large beast ferocious roar 5_GfxSounds_FantasyGameBundle.wav,480572,b235dcf1702eb501e4e91365926d317f674011636e6de55ef0b350035ca2d9c8,Creatures And Monsters,2,48000,16
audio/Creatures And Monsters/Beasts/Large Beast/Roars and Growls/CREAMnstr_Large beast ferocious roar 6_GfxSounds_FantasyGameBundle.wav,Fantasy Game Bundle/Creatures And Monsters/Beasts/Large Beast/Roars and Growls/CREAMnstr_Large beast ferocious roar 6_GfxSounds_FantasyGameBundle.wav,480572,2d5425a8aeaf2c4c00357b1acc4a81d48ed43e8c31a23a8f7cb764c1f62ee141,Creatures And Monsters,2,48000,16
audio/Creatures And Monsters/Beasts/Large Beast/Roars and Growls/CREAMnstr_Large beast ferocious roar 7_GfxSounds_FantasyGameBundle.wav,Fantasy Game Bundle/Creatures And Monsters/Beasts/Large Beast/Roars and Growls/CREAMnstr_Large beast ferocious roar 7_GfxSounds_FantasyGameBundle.wav,1153244,ce408b9f9a42b3d89c1d71b6c0754fac17cf88fb92ca3c4db90007f3c39d9aed,Creatures And Monsters,2,48000,16
audio/Creatures And Monsters/Beasts/Large Beast/Roars and Growls/CREAMnstr_Large beast ferocious roar 8_GfxSounds_FantasyGameBundle.wav,Fantasy Game Bundle/Creatures And Monsters/Beasts/Large Beast/Roars and Growls/CREAMnstr_Large beast ferocious roar 8_GfxSounds_FantasyGameBundle.wav,1236528,63df790631ed40c3bacf8bc921ed1fcbfae7e57cc49e567e60fd2711e583372c,Creatures And Monsters,2,48000,16
audio/Creatures And Monsters/Beasts/Large Beast/Roars and Growls/CREAMnstr_Large beast ferocious roar_GfxSounds_FantasyGameBundle.wav,Fantasy Game Bundle/Creatures And Monsters/Beasts/Large Beast/Roars and Growls/CREAMnstr_Large beast ferocious roar_GfxSounds_FantasyGameBundle.wav,711204,269f8565bfb89f627c3dd2723bb9f0c691fd5f0457feb76cc97d9d08946bcea4,Creatures And Monsters,2,48000,16
audio/Creatures And Monsters/Beasts/Large Beast/Roars and Growls/CREAMnstr_Large beast growl 2_GfxSounds_FantasyGameBundle.wav,Fantasy Game Bundle/Creatures And Monsters/Beasts/Large Beast/Roars and Growls/CREAMnstr_Large beast growl 2_GfxSounds_FantasyGameBundle.wav,1127620,4ee84711346e05083530655001947e4760d967c57656147da1587429d64e8b4d,Creatures And Monsters,2,48000,16
audio/Creatures And Monsters/Beasts/Large Beast/Roars and Growls/CREAMnstr_Large beast growl 3_GfxSounds_FantasyGameBundle.wav,Fantasy Game Bundle/Creatures And Monsters/Beasts/Large Beast/Roars and Growls/CREAMnstr_Large beast growl 3_GfxSounds_FantasyGameBundle.wav,1114804,2a9c55b5ac2f6e785b073af5f5764fa7bf8020faa3975be2cd0b07d970404e9e,Creatures And Monsters,2,48000,16
audio/Creatures And Monsters/Beasts/Large Beast/Roars and Growls/CREAMnstr_Large beast growl 4_GfxSounds_FantasyGameBundle.wav,Fantasy Game Bundle/Creatures And Monsters/Beasts/Large Beast/Roars and Growls/CREAMnstr_Large beast growl 4_GfxSounds_FantasyGameBundle.wav,2248736,febbea9fc2ac19110bfe13a9a06166ba16ed38cba51fb33a8caa26366fb07a29,Creatures And Monsters,2,48000,16
audio/Creatures And Monsters/Beasts/Large Beast/Roars and Growls/CREAMnstr_Large beast growl 5_GfxSounds_FantasyGameBundle.wav,Fantasy Game Bundle/Creatures And Monsters/Beasts/Large Beast/Roars and Growls/CREAMnstr_Large beast growl 5_GfxSounds_FantasyGameBundle.wav,1563256,6bda76bde1c3fbf50531f3b51757825b5664b6da0f34ff25e7491320eb684d01,Creatures And Monsters,2,48000,16
audio/Creatures And Monsters/Beasts/Large Beast/Roars and Growls/CREAMnstr_Large beast growl 6_GfxSounds_FantasyGameBundle.wav,Fantasy Game Bundle/Creatures And Monsters/Beasts/Large Beast/Roars and Growls/CREAMnstr_Large beast growl 6_GfxSounds_FantasyGameBundle.wav,1236528,b4b51bd7246616228e876ec54ba761842eabe5bdfb0217dc22184b315f4e3046,Creatures And Monsters,2,48000,16
audio/Creatures And Monsters/Beasts/Large Beast/Roars and Growls/CREAMnstr_Large beast growl_GfxSounds_FantasyGameBundle.wav,Fantasy Game Bundle/Creatures And Monsters/Beasts/Large Beast/Roars and Growls/CREAMnstr_Large beast growl_GfxSounds_FantasyGameBundle.wav,1159648,3f47f1f41cdbaffeffff656f9a599e625cce4e846f2d516c29e3eb02f252e430,Creatures And Monsters,2,48000,16
audio/Creatures And Monsters/Beasts/Little Monster/Idles and Sleep/CREASmall_Little monster breathing 2_GfxSounds_FantasyGameBundle.wav,Fantasy Game Bundle/Creatures And Monsters/Beasts/Little Monster/Idles and Sleep/CREASmall_Little monster breathing 2_GfxSounds_FantasyGameBundle.wav,4113002,279c524ef4c58020cbc11c82eee9d524a06ef09d3a2f270ff68d1fe6f4caad09,Creatures And Monsters,2,48000,24
audio/Creatures And Monsters/Beasts/Little Monster/Idles and Sleep/CREASmall_Little monster breathing_GfxSounds_FantasyGameBundle.wav,Fantasy Game Bundle/Creatures And Monsters/Beasts/Little Monster/Idles and Sleep/CREASmall_Little monster breathing_GfxSounds_FantasyGameBundle.wav,1018998,d411774c3c81a5483f93269f5a09508b5b4e55a16250b7205acb3e8d730c83a3,Creatures And Monsters,1,44100,16
audio/Creatures And Monsters/Beasts/Little Monster/Idles and Sleep/CREASmall_Little monster hiccup 2_GfxSounds_FantasyGameBundle.wav,Fantasy Game Bundle/Creatures And Monsters/Beasts/Little Monster/Idles and Sleep/CREASmall_Little monster hiccup 2_GfxSounds_FantasyGameBundle.wav,110390,9170ce7b53a5c9e7496c940383715b25db48c89f4625fa5e938eb523f1cbbdac,Creatures And Monsters,1,44100,16
audio/Creatures And Monsters/Beasts/Little Monster/Idles and Sleep/CREASmall_Little monster hiccup_GfxSounds_FantasyGameBundle.wav,Fantasy Game Bundle/Creatures And Monsters/Beasts/Little Monster/Idles and Sleep/CREASmall_Little monster hiccup_GfxSounds_FantasyGameBundle.wav,79194,3b895eff23ac4652cbc5221d8b834a5352c90d1b66068742b53110f490f81925,Creatures And Monsters,1,44100,16
audio/Creatures And Monsters/Beasts/Little Monster/Idles and Sleep/CREASmall_Little monster snore 2_GfxSounds_FantasyGameBundle.wav,Fantasy Game Bundle/Creatures And Monsters/Beasts/Little Monster/Idles and Sleep/CREASmall_Little monster snore 2_GfxSounds_FantasyGameBundle.wav,1034486,25f475655973d708475fbe778e4a93791e406545f29df267d51af73dde57afb8,Creatures And Monsters,1,44100,16
audio/Creatures And Monsters/Beasts/Little Monster/Idles and Sleep/CREASmall_Little monster snore 3_GfxSounds_FantasyGameBundle.wav,Fantasy Game Bundle/Creatures And Monsters/Beasts/Little Monster/Idles and Sleep/CREASmall_Little monster snore 3_GfxSounds_FantasyGameBundle.wav,802342,86c3862410a774fbabf46fec6fa8e4f07ff94944b5dd22aa42566e29bc054f0b,Creatures And Monsters,1,44100,16
audio/Creatures And Monsters/Beasts/Little Monster/Idles and Sleep/CREASmall_Little monster snore_GfxSounds_FantasyGameBundle.wav,Fantasy Game Bundle/Creatures And Monsters/Beasts/Little Monster/Idles and Sleep/CREASmall_Little monster snore_GfxSounds_FantasyGameBundle.wav,715202,08c66f90abd5b0622d8ee5aa3330ae6afba40c341fffb67695beb238c10c975c,Creatures And Monsters,1,44100,16
audio/Creatures And Monsters/Beasts/Little Monster/Idles and Sleep/CREASmall_Little monster yawn 2_GfxSounds_FantasyGameBundle.wav,Fantasy Game Bundle/Creatures And Monsters/Beasts/Little Monster/Idles and Sleep/CREASmall_Little monster yawn 2_GfxSounds_FantasyGameBundle.wav,443344,e4078629b73fd5fbc855e7e9e3092e1ab1c8791c6e9f475c4f2431da42c63d2a,Creatures And Monsters,1,44100,16
audio/Creatures And Monsters/Beasts/Little Monster/Idles and Sleep/CREASmall_Little monster yawn 3_GfxSounds_FantasyGameBundle.wav,Fantasy Game Bundle/Creatures And Monsters/Beasts/Little Monster/Idles and Sleep/CREASmall_Little monster yawn 3_GfxSounds_FantasyGameBundle.wav,262330,8c79e3a28c5658bd98cf8f3b05eb8f5904cafad4b9c5a0603832e28f7f09f758,Creatures And Monsters,1,44100,16
audio/Creatures And Monsters/Beasts/Little Monster/Idles and Sleep/CREASmall_Little monster yawn_GfxSounds_FantasyGameBundle.wav,Fantasy Game Bundle/Creatures And Monsters/Beasts/Little Monster/Idles and Sleep/CREASmall_Little monster yawn_GfxSounds_FantasyGameBundle.wav,380996,5dec00fcd98fbca9e527b506ced3cd264742e02ec1e647cb089f30095b2a54e2,Creatures And Monsters,1,44100,16
audio/Creatures And Monsters/Beasts/Little Monster/Movement/CREASmall_Little monster jump 2_GfxSounds_FantasyGameBundle.wav,Fantasy Game Bundle/Creatures And Monsters/Beasts/Little Monster/Movement/CREASmall_Little monster jump 2_GfxSounds_FantasyGameBundle.wav,138840,420402383e711ba9339975c3beb4462f45ce795a6ade67c7e03dcd6f1d3a0495,Creatures And Monsters,1,44100,16
audio/Creatures And Monsters/Beasts/Little Monster/Movement/CREASmall_Little monster jump 3_GfxSounds_FantasyGameBundle.wav,Fantasy Game Bundle/Creatures And Monsters/Beasts/Little Monster/Movement/CREASmall_Little monster jump 3_GfxSounds_FantasyGameBundle.wav,129832,e3ce4181ee083cbfb7e732a6ff14f367456ec43a1d05aea50b7f391107a3988f,Creatures And Monsters,1,44100,16
audio/Creatures And Monsters/Beasts/Little Monster/Movement/CREASmall_Little monster jump_GfxSounds_FantasyGameBundle.wav,Fantasy Game Bundle/Creatures And Monsters/Beasts/Little Monster/Movement/CREASmall_Little monster jump_GfxSounds_FantasyGameBundle.wav,159410,f239cfea2634aa310df4648e14a7f4fd81cd0f65afc4ef9331e624638d3d9c6d,Creatures And Monsters,1,44100,16
audio/Creatures And Monsters/Beasts/Little Monster/Vocals and Reactions/CREASmall_Little monster brrr_GfxSounds_FantasyGameBundle.wav,Fantasy Game Bundle/Creatures And Monsters/Beasts/Little Monster/Vocals and Reactions/CREASmall_Little monster brrr_GfxSounds_FantasyGameBundle.wav,149622,24bd32d63842b857052b8b6779f144bcc76267f66f5727754ecf7e023a1c57e4,Creatures And Monsters,1,44100,16
audio/Creatures And Monsters/Beasts/Little Monster/Vocals and Reactions/CREASmall_Little monster cry 2_GfxSounds_FantasyGameBundle.wav,Fantasy Game Bundle/Creatures And Monsters/Beasts/Little Monster/Vocals and Reactions/CREASmall_Little monster cry 2_GfxSounds_FantasyGameBundle.wav,490050,34e785e9aa2a6ecf080e89034c9a3d36f578aca1ab3aeee33dfe37ecfcf14121,Creatures And Monsters,1,44100,16
audio/Creatures And Monsters/Beasts/Little Monster/Vocals and Reactions/CREASmall_Little monster cry_GfxSounds_FantasyGameBundle.wav,Fantasy Game Bundle/Creatures And Monsters/Beasts/Little Monster/Vocals and Reactions/CREASmall_Little monster cry_GfxSounds_FantasyGameBundle.wav,2296784,ee3e2765f4b0ebeb51a2de11d2c1450c78b1386af1ef4025b7f6e6e36ea4aa25,Creatures And Monsters,2,48000,24
audio/Creatures And Monsters/Beasts/Little Monster/Vocals and Reactions/CREASmall_Little monster grunt growl 2_GfxSounds_FantasyGameBundle.wav,Fantasy Game Bundle/Creatures And Monsters/Beasts/Little Monster/Vocals and Reactions/CREASmall_Little monster grunt growl 2_GfxSounds_FantasyGameBundle.wav,590984,71b511477e6dcd95cd3872f0e60c50ab96927a306544bcfcb510634f6817205d,Creatures And Monsters,1,44100,16
audio/Creatures And Monsters/Beasts/Little Monster/Vocals and Reactions/CREASmall_Little monster grunt growl 3_GfxSounds_FantasyGameBundle.wav,Fantasy Game Bundle/Creatures And Monsters/Beasts/Little Monster/Vocals and Reactions/CREASmall_Little monster grunt growl 3_GfxSounds_FantasyGameBundle.wav,1052220,800e832991444530b20978b048c5e6262c943125422fc408d586f94928e8f2e2,Creatures And Monsters,1,44100,16
audio/Creatures And Monsters/Beasts/Little Monster/Vocals and Reactions/CREASmall_Little monster grunt growl 4_GfxSounds_FantasyGameBundle.wav,Fantasy Game Bundle/Creatures And Monsters/Beasts/Little Monster/Vocals and Reactions/CREASmall_Little monster grunt growl 4_GfxSounds_FantasyGameBundle.wav,853154,51e0e05adc062516035cb7ba7f0e3d0fee7557399c60763e23a7f8de95106b3f,Creatures And Monsters,1,44100,16
audio/Creatures And Monsters/Beasts/Little Monster/Vocals and Reactions/CREASmall_Little monster grunt growl_GfxSounds_FantasyGameBundle.wav,Fantasy Game Bundle/Creatures And Monsters/Beasts/Little Monster/Vocals and Reactions/CREASmall_Little monster grunt growl_GfxSounds_FantasyGameBundle.wav,607972,2fd9ee79da8fed568797217bdc05d3514fc6f5d0d9244605ea88e161903d63b4,Creatures And Monsters,1,44100,16
audio/Creatures And Monsters/Beasts/Little Monster/Vocals and Reactions/CREASmall_Little monster laugh 2_GfxSounds_FantasyGameBundle.wav,Fantasy Game Bundle/Creatures And Monsters/Beasts/Little Monster/Vocals and Reactions/CREASmall_Little monster laugh 2_GfxSounds_FantasyGameBundle.wav,263244,0708173d2136800b58441d133f19050b5f14d62b643ed3ce2dda6cb1d41dae79,Creatures And Monsters,1,44100,16
audio/Creatures And Monsters/Beasts/Little Monster/Vocals and Reactions/CREASmall_Little monster laugh 3_GfxSounds_FantasyGameBundle.wav,Fantasy Game Bundle/Creatures And Monsters/Beasts/Little Monster/Vocals and Reactions/CREASmall_Little monster laugh 3_GfxSounds_FantasyGameBundle.wav,184178,0d64dc099b2849ce05144494c24c6b2aef9838910d8f334274df8ea8fe95c6db,Creatures And Monsters,1,44100,16
audio/Creatures And Monsters/Beasts/Little Monster/Vocals and Reactions/CREASmall_Little monster laugh_GfxSounds_FantasyGameBundle.wav,Fantasy Game Bundle/Creatures And Monsters/Beasts/Little Monster/Vocals and Reactions/CREASmall_Little monster laugh_GfxSounds_FantasyGameBundle.wav,249684,80507410cea6075ed225f78432ff233fc387609b2a9c3ce0c5ee69d07357bda4,Creatures And Monsters,1,44100,16
audio/Creatures And Monsters/Beasts/Little Monster/Vocals and Reactions/CREASmall_Little monster long scream 2_GfxSounds_FantasyGameBundle.wav,Fantasy Game Bundle/Creatures And Monsters/Beasts/Little Monster/Vocals and Reactions/CREASmall_Little monster long scream 2_GfxSounds_FantasyGameBundle.wav,197254,0eb039d201b7fe6f9abd18a0ac1363986f5940a66f35d01df0d4aafb7052ec0f,Creatures And Monsters,1,44100,16
audio/Creatures And Monsters/Beasts/Little Monster/Vocals and Reactions/CREASmall_Little monster long scream_GfxSounds_FantasyGameBundle.wav,Fantasy Game Bundle/Creatures And Monsters/Beasts/Little Monster/Vocals and Reactions/CREASmall_Little monster long scream_GfxSounds_FantasyGameBundle.wav,216566,7ca2c563792497c010acf195c50738114d69f4f70f8f8c9eb7afed3cff851ac1,Creatures And Monsters,1,44100,16
audio/Creatures And Monsters/Beasts/Little Monster/Vocals and Reactions/CREASmall_Little monster short scream 2_GfxSounds_FantasyGameBundle.wav,Fantasy Game Bundle/Creatures And Monsters/Beasts/Little Monster/Vocals and Reactions/CREASmall_Little monster short scream 2_GfxSounds_FantasyGameBundle.wav,163478,15715c6045fd72ac9103512435311f1bcd8818dfd4f2ee54ce672947d093fd1d,Creatures And Monsters,1,44100,16
audio/Creatures And Monsters/Beasts/Little Monster/Vocals and Reactions/CREASmall_Little monster short scream 3_GfxSounds_FantasyGameBundle.wav,Fantasy Game Bundle/Creatures And Monsters/Beasts/Little Monster/Vocals and Reactions/CREASmall_Little monster short scream 3_GfxSounds_FantasyGameBundle.wav,137180,3db6f37148f1c5b3c80c82b0c36b8d12e15b54749780ef9a23b471ca4e967fcb,Creatures And Monsters,1,44100,16
audio/Creatures And Monsters/Beasts/Little Monster/Vocals and Reactions/CREASmall_Little monster short scream_GfxSounds_FantasyGameBundle.wav,Fantasy Game Bundle/Creatures And Monsters/Beasts/Little Monster/Vocals and Reactions/CREASmall_Little monster short scream_GfxSounds_FantasyGameBundle.wav,170110,3af86bf988eec28578446ca4170314acbb0d7fa883536c83d263bbd992934844,Creatures And Monsters,1,44100,16
audio/Creatures And Monsters/Beasts/Little Monster/Vocals and Reactions/CREASmall_Little monster surprised sigh 2_GfxSounds_FantasyGameBundle.wav,Fantasy Game Bundle/Creatures And Monsters/Beasts/Little Monster/Vocals and Reactions/CREASmall_Little monster surprised sigh 2_GfxSounds_FantasyGameBundle.wav,137580,118039985033aad13a1445670bd8929f58e603c60b6d030663351c1838c088e3,Creatures And Monsters,1,44100,16
audio/Creatures And Monsters/Beasts/Little Monster/Vocals and Reactions/CREASmall_Little monster surprised sigh 3_GfxSounds_FantasyGameBundle.wav,Fantasy Game Bundle/Creatures And Monsters/Beasts/Little Monster/Vocals and Reactions/CREASmall_Little monster surprised sigh 3_GfxSounds_FantasyGameBundle.wav,166900,e1eb266c7c3e338130aa497ffc0d54f56a19087cdc1eea2ac1aa17697e006713,Creatures And Monsters,1,44100,16
audio/Creatures And Monsters/Beasts/Little Monster/Vocals and Reactions/CREASmall_Little monster surprised sigh_GfxSounds_FantasyGameBundle.wav,Fantasy Game Bundle/Creatures And Monsters/Beasts/Little Monster/Vocals and Reactions/CREASmall_Little monster surprised sigh_GfxSounds_FantasyGameBundle.wav,138170,ea5af4912392275dd9946bffd9e3001184630a3e5e775777a9955858f9129e50,Creatures And Monsters,1,44100,16
audio/Creatures And Monsters/Beasts/Little Monster/Voice Lines/CREASmall_Little monster no_GfxSounds_FantasyGameBundle.wav,Fantasy Game Bundle/Creatures And Monsters/Beasts/Little Monster/Voice Lines/CREASmall_Little monster no_GfxSounds_FantasyGameBundle.wav,94478,f6947660e64e388e1c31662ac195dc401c64e6f3b47867bcbccd936c8f0ce755,Creatures And Monsters,1,44100,16
audio/Creatures And Monsters/Beasts/Little Monster/Voice Lines/CREASmall_Little monster oops_GfxSounds_FantasyGameBundle.wav,Fantasy Game Bundle/Creatures And Monsters/Beasts/Little Monster/Voice Lines/CREASmall_Little monster oops_GfxSounds_FantasyGameBundle.wav,115208,7c18ea7e5f5edcf6b08bf1cb437a4b7d05b723f48f7be7f6824fe023c87da00b,Creatures And Monsters,1,44100,16
audio/Creatures And Monsters/Beasts/Little Monster/Voice Lines/CREASmall_Little monster voice time to play_GfxSounds_FantasyGameBundle.wav,Fantasy Game Bundle/Creatures And Monsters/Beasts/Little Monster/Voice Lines/CREASmall_Little monster voice time to play_GfxSounds_FantasyGameBundle.wav,149282,38dc6dfa20138727383eedbbb574f57f007d69940b0e507926fa3cf6ff437f01,Creatures And Monsters,1,44100,16
audio/Creatures And Monsters/Beasts/Little Monster/Voice Lines/CREASmall_Little monster voice you got it_GfxSounds_FantasyGameBundle.wav,Fantasy Game Bundle/Creatures And Monsters/Beasts/Little Monster/Voice Lines/CREASmall_Little monster voice you got it_GfxSounds_FantasyGameBundle.wav,119100,a5d58738edd466dbc77116b5e7139b4b74b5db2d6e3a796b8999d08e7c1017e8,Creatures And Monsters,1,44100,16
audio/Creatures And Monsters/Beasts/Little Monster/Voice Lines/CREASmall_Little monster yeah 2_GfxSounds_FantasyGameBundle.wav,Fantasy Game Bundle/Creatures And Monsters/Beasts/Little Monster/Voice Lines/CREASmall_Little monster yeah 2_GfxSounds_FantasyGameBundle.wav,127220,dc4d79effec75318182fbbd58fd493fcfb884dcab585dac8035ce652abd21a21,Creatures And Monsters,1,44100,16
audio/Creatures And Monsters/Beasts/Little Monster/Voice Lines/CREASmall_Little monster yeah 3_GfxSounds_FantasyGameBundle.wav,Fantasy Game Bundle/Creatures And Monsters/Beasts/Little Monster/Voice Lines/CREASmall_Little monster yeah 3_GfxSounds_FantasyGameBundle.wav,140338,bfedd98133dd7f5514168622017eac05fd413369dde3fc999094eef9c7938321,Creatures And Monsters,1,44100,16
audio/Creatures And Monsters/Beasts/Little Monster/Voice Lines/CREASmall_Little monster yeah_GfxSounds_FantasyGameBundle.wav,Fantasy Game Bundle/Creatures And Monsters/Beasts/Little Monster/Voice Lines/CREASmall_Little monster yeah_GfxSounds_FantasyGameBundle.wav,127646,81cc2c821aef1f9d64935edb2313672c99b96a56494f9eadb86847f760d9750a,Creatures And Monsters,1,44100,16
audio/Creatures And Monsters/Beasts/Little Monster/Voice Lines/CREASmall_Little monster yes_GfxSounds_FantasyGameBundle.wav,Fantasy Game Bundle/Creatures And Monsters/Beasts/Little Monster/Voice Lines/CREASmall_Little monster yes_GfxSounds_FantasyGameBundle.wav,126346,4a0acd87d312f30c3cedfccf3efbdd394d8732eac466a37877bcf0e31ee6ad4e,Creatures And Monsters,1,44100,16
audio/Creatures And Monsters/Demons/Demon Lord/Attacks and Spell Casts/CREAMnstr_Demon lord attack shout 2_GfxSounds_FantasyGameBundle.wav,Fantasy Game Bundle/Creatures And Monsters/Demons/Demon Lord/Attacks and Spell Casts/CREAMnstr_Demon lord attack shout 2_GfxSounds_FantasyGameBundle.wav,643934,8eeaca9a776db496ca8fc0d206c02f1a56ece9ae236537f07d5733776424dc7c,Creatures And Monsters,2,48000,24
audio/Creatures And Monsters/Demons/Demon Lord/Attacks and Spell Casts/CREAMnstr_Demon lord attack shout 3_GfxSounds_FantasyGameBundle.wav,Fantasy Game Bundle/Creatures And Monsters/Demons/Demon Lord/Attacks and Spell Casts/CREAMnstr_Demon lord attack shout 3_GfxSounds_FantasyGameBundle.wav,663152,b491db4950b905d193bea19b895ceaaed3b72839d72240f45defd8ccab809d1d,Creatures And Monsters,2,48000,24
audio/Creatures And Monsters/Demons/Demon Lord/Attacks and Spell Casts/CREAMnstr_Demon lord attack shout 4_GfxSounds_FantasyGameBundle.wav,Fantasy Game Bundle/Creatures And Monsters/Demons/Demon Lord/Attacks and Spell Casts/CREAMnstr_Demon lord attack shout 4_GfxSounds_FantasyGameBundle.wav,672764,032e25d9137836ed6ec859fdaeb3ea8b21a82bf205a9e6ad9a408aebab98f88f,Creatures And Monsters,2,48000,24
audio/Creatures And Monsters/Demons/Demon Lord/Attacks and Spell Casts/CREAMnstr_Demon lord attack shout_GfxSounds_FantasyGameBundle.wav,Fantasy Game Bundle/Creatures And Monsters/Demons/Demon Lord/Attacks and Spell Casts/CREAMnstr_Demon lord attack shout_GfxSounds_FantasyGameBundle.wav,653546,a2d76bd68aa1cdc3bac97c5e74d75b7aa29f6121bbbea3dbb126e889d783ea74,Creatures And Monsters,2,48000,24
audio/Creatures And Monsters/Demons/Demon Lord/Attacks and Spell Casts/CREAMnstr_Demon lord spell cast 2_GfxSounds_FantasyGameBundle.wav,Fantasy Game Bundle/Creatures And Monsters/Demons/Demon Lord/Attacks and Spell Casts/CREAMnstr_Demon lord spell cast 2_GfxSounds_FantasyGameBundle.wav,1105196,ef01266e6337cd6a1a2de794ce4605d012384029460ca9861ff099dbad3cd21b,Creatures And Monsters,2,48000,24
audio/Creatures And Monsters/Demons/Demon Lord/Attacks and Spell Casts/CREAMnstr_Demon lord spell cast 3_GfxSounds_FantasyGameBundle.wav,Fantasy Game Bundle/Creatures And Monsters/Demons/Demon Lord/Attacks and Spell Casts/CREAMnstr_Demon lord spell cast 3_GfxSounds_FantasyGameBundle.wav,961052,d2602d71c8c284347016821a3ca8698e13e4a7b60dd2a2fd7c076e94414292f7,Creatures And Monsters,2,48000,24
audio/Creatures And Monsters/Demons/Demon Lord/Attacks and Spell Casts/CREAMnstr_Demon lord spell cast 4_GfxSounds_FantasyGameBundle.wav,Fantasy Game Bundle/Creatures And Monsters/Demons/Demon Lord/Attacks and Spell Casts/CREAMnstr_Demon lord spell cast 4_GfxSounds_FantasyGameBundle.wav,1412702,dc7ad1012851b8124d8fb15e88bf28c32b4ea6792a67e95ec2e42cf9d52fe31d,Creatures And Monsters,2,48000,24
audio/Creatures And Monsters/Demons/Demon Lord/Attacks and Spell Casts/CREAMnstr_Demon lord spell cast 5_GfxSounds_FantasyGameBundle.wav,Fantasy Game Bundle/Creatures And Monsters/Demons/Demon Lord/Attacks and Spell Casts/CREAMnstr_Demon lord spell cast 5_GfxSounds_FantasyGameBundle.wav,1700996,431aa60c3e88e35b38b9136e32cc02f5228682e87a3c1fdd9e3c3a2a692e7500,Creatures And Monsters,2,48000,24
audio/Creatures And Monsters/Demons/Demon Lord/Attacks and Spell Casts/CREAMnstr_Demon lord spell cast_GfxSounds_FantasyGameBundle.wav,Fantasy Game Bundle/Creatures And Monsters/Demons/Demon Lord/Attacks and Spell Casts/CREAMnstr_Demon lord spell cast_GfxSounds_FantasyGameBundle.wav,874568,b66d1d757d2c947a03cb9cd8a0e2309f117c992c1598dae5d9bfa9072359166c,Creatures And Monsters,2,48000,24
audio/Creatures And Monsters/Demons/Demon Lord/Growls Shouts and Laughs/CREAMnstr_Demon lord cackle 2_GfxSounds_FantasyGameBundle.wav,Fantasy Game Bundle/Creatures And Monsters/Demons/Demon Lord/Growls Shouts and Laughs/CREAMnstr_Demon lord cackle 2_GfxSounds_FantasyGameBundle.wav,1018706,ab02c08a0e23591874017da851efa2d30b0e5998dbe1a17c432ea473d781ac13,Creatures And Monsters,2,48000,24
audio/Creatures And Monsters/Demons/Demon Lord/Growls Shouts and Laughs/CREAMnstr_Demon lord cackle 3_GfxSounds_FantasyGameBundle.wav,Fantasy Game Bundle/Creatures And Monsters/Demons/Demon Lord/Growls Shouts and Laughs/CREAMnstr_Demon lord cackle 3_GfxSounds_FantasyGameBundle.wav,980270,4dd16303e17ac7b8c1d14c1dced396e48f1b10843ae2a4ea4ffb8ff145c80043,Creatures And Monsters,2,48000,24
audio/Creatures And Monsters/Demons/Demon Lord/Growls Shouts and Laughs/CREAMnstr_Demon lord cackle 4_GfxSounds_FantasyGameBundle.wav,Fantasy Game Bundle/Creatures And Monsters/Demons/Demon Lord/Growls Shouts and Laughs/CREAMnstr_Demon lord cackle 4_GfxSounds_FantasyGameBundle.wav,1162856,e5aaeb306df8d73873c6b20d52ae722f58993a5ee8a4c8b32c8e01d2a83f190f,Creatures And Monsters,2,48000,24
audio/Creatures And Monsters/Demons/Demon Lord/Growls Shouts and Laughs/CREAMnstr_Demon lord cackle_GfxSounds_FantasyGameBundle.wav,Fantasy Game Bundle/Creatures And Monsters/Demons/Demon Lord/Growls Shouts and Laughs/CREAMnstr_Demon lord cackle_GfxSounds_FantasyGameBundle.wav,730418,126c5974764027a9cee70ec0ea73e17b6fd8a7bd1be98e065d5a812e0c2c2333,Creatures And Monsters,2,48000,24
audio/Creatures And Monsters/Demons/Demon Lord/Growls Shouts and Laughs/CREAMnstr_Demon lord growl grunt 2_GfxSounds_FantasyGameBundle.wav,Fantasy Game Bundle/Creatures And Monsters/Demons/Demon Lord/Growls Shouts and Laughs/CREAMnstr_Demon lord growl grunt 2_GfxSounds_FantasyGameBundle.wav,845738,e91aacc5301d1160dd3b3bd2dd8d4795359799f801d56d9d7dca6cca1d27e236,Creatures And Monsters,2,48000,24
audio/Creatures And Monsters/Demons/Demon Lord/Growls Shouts and Laughs/CREAMnstr_Demon lord growl grunt 3_GfxSounds_FantasyGameBundle.wav,Fantasy Game Bundle/Creatures And Monsters/Demons/Demon Lord/Growls Shouts and Laughs/CREAMnstr_Demon lord growl grunt 3_GfxSounds_FantasyGameBundle.wav,653546,372a96d5fb10591be71b6f586140290e0956dd1dc8fa7c6f9d8d2e56e50cb9e0,Creatures And Monsters,2,48000,24
audio/Creatures And Monsters/Demons/Demon Lord/Growls Shouts and Laughs/CREAMnstr_Demon lord growl grunt 4_GfxSounds_FantasyGameBundle.wav,Fantasy Game Bundle/Creatures And Monsters/Demons/Demon Lord/Growls Shouts and Laughs/CREAMnstr_Demon lord growl grunt 4_GfxSounds_FantasyGameBundle.wav,586280,7eafa8a87d1d0376bda7ceb7d6a875771af57be0979f569fc474bf4366dc0421,Creatures And Monsters,2,48000,24
audio/Creatures And Monsters/Demons/Demon Lord/Growls Shouts and Laughs/CREAMnstr_Demon lord growl grunt_GfxSounds_FantasyGameBundle.wav,Fantasy Game Bundle/Creatures And Monsters/Demons/Demon Lord/Growls Shouts and Laughs/CREAMnstr_Demon lord growl grunt_GfxSounds_FantasyGameBundle.wav,701594,d97e3e9185b466c8f449b34d8d0da813796d7d2b1ab76eb725d634505ddb88c1,Creatures And Monsters,2,48000,24
audio/Creatures And Monsters/Demons/Demon Lord/Growls Shouts and Laughs/CREAMnstr_Demon lord long shout 2_GfxSounds_FantasyGameBundle.wav,Fantasy Game Bundle/Creatures And Monsters/Demons/Demon Lord/Growls Shouts and Laughs/CREAMnstr_Demon lord long shout 2_GfxSounds_FantasyGameBundle.wav,672770,fea87a2d2c012d9f71c5d873c0789601b93b26269776a3902ca83e5cbb2174e9,Creatures And Monsters,2,48000,24
audio/Creatures And Monsters/Demons/Demon Lord/Growls Shouts and Laughs/CREAMnstr_Demon lord long shout 3_GfxSounds_FantasyGameBundle.wav,Fantasy Game Bundle/Creatures And Monsters/Demons/Demon Lord/Growls Shouts and Laughs/CREAMnstr_Demon lord long shout 3_GfxSounds_FantasyGameBundle.wav,797690,758af9d7ca06f3915da76a8478d981a5a43467979d444f42eb24ff8eb6941456,Creatures And Monsters,2,48000,24
audio/Creatures And Monsters/Demons/Demon Lord/Growls Shouts and Laughs/CREAMnstr_Demon lord long shout 4_GfxSounds_FantasyGameBundle.wav,Fantasy Game Bundle/Creatures And Monsters/Demons/Demon Lord/Growls Shouts and Laughs/CREAMnstr_Demon lord long shout 4_GfxSounds_FantasyGameBundle.wav,1134026,74224ec1ab38b55f3250537ab42ccd82b94afc1db0dc32310d2c74b6fa43a3f5,Creatures And Monsters,2,48000,24
audio/Creatures And Monsters/Demons/Demon Lord/Growls Shouts and Laughs/CREAMnstr_Demon lord long shout_GfxSounds_FantasyGameBundle.wav,Fantasy Game Bundle/Creatures And Monsters/Demons/Demon Lord/Growls Shouts and Laughs/CREAMnstr_Demon lord long shout_GfxSounds_FantasyGameBundle.wav,864956,19617d6799a832ef92edd450d25bcb995c76d9dab5a4b9cebe975d3417410d07,Creatures And Monsters,2,48000,24
audio/Creatures And Monsters/Demons/Demon Lord/Growls Shouts and Laughs/CREAMnstr_Demon lord maniacal laugh 2_GfxSounds_FantasyGameBundle.wav,Fantasy Game Bundle/Creatures And Monsters/Demons/Demon Lord/Growls Shouts and Laughs/CREAMnstr_Demon lord maniacal laugh 2_GfxSounds_FantasyGameBundle.wav,1191686,3f1e4db52bb306a5b217d04cf7d2b13fdc796b3b52bcbc7deb9cae954b649dd6,Creatures And Monsters,2,48000,24
audio/Creatures And Monsters/Demons/Demon Lord/Growls Shouts and Laughs/CREAMnstr_Demon lord maniacal laugh 3_GfxSounds_FantasyGameBundle.wav,Fantasy Game Bundle/Creatures And Monsters/Demons/Demon Lord/Growls Shouts and Laughs/CREAMnstr_Demon lord maniacal laugh 3_GfxSounds_FantasyGameBundle.wav,961052,bb41e58a2b3083598da528db0826d370d6ff006d6d59c056a116dbb2a42e173f,Creatures And Monsters,2,48000,24
audio/Creatures And Monsters/Demons/Demon Lord/Growls Shouts and Laughs/CREAMnstr_Demon lord maniacal laugh 4_GfxSounds_FantasyGameBundle.wav,Fantasy Game Bundle/Creatures And Monsters/Demons/Demon Lord/Growls Shouts and Laughs/CREAMnstr_Demon lord maniacal laugh 4_GfxSounds_FantasyGameBundle.wav,836132,25e833decbb1526d6a7b872861fba06bdc9f694dfc9c4a8aefc343dc4f21918b,Creatures And Monsters,2,48000,24
audio/Creatures And Monsters/Demons/Demon Lord/Growls Shouts and Laughs/CREAMnstr_Demon lord maniacal laugh_GfxSounds_FantasyGameBundle.wav,Fantasy Game Bundle/Creatures And Monsters/Demons/Demon Lord/Growls Shouts and Laughs/CREAMnstr_Demon lord maniacal laugh_GfxSounds_FantasyGameBundle.wav,884174,dab711840e0958581aac41e5480af7ae67e14836cb4ccfe5f883c532345753ee,Creatures And Monsters,2,48000,24
audio/Creatures And Monsters/Demons/Demon Lord/Growls Shouts and Laughs/CREAMnstr_Demon lord short shout 2_GfxSounds_FantasyGameBundle.wav,Fantasy Game Bundle/Creatures And Monsters/Demons/Demon Lord/Growls Shouts and Laughs/CREAMnstr_Demon lord short shout 2_GfxSounds_FantasyGameBundle.wav,442136,615d64502de851e6edcdf6b70a9c782bac46b5e4d323bc65fd622888817d785b,Creatures And Monsters,2,48000,24
audio/Creatures And Monsters/Demons/Demon Lord/Growls Shouts and Laughs/CREAMnstr_Demon lord short shout 3_GfxSounds_FantasyGameBundle.wav,Fantasy Game Bundle/Creatures And Monsters/Demons/Demon Lord/Growls Shouts and Laughs/CREAMnstr_Demon lord short shout 3_GfxSounds_FantasyGameBundle.wav,759248,d7f6a18b5743eb44404a87bce6a53f74cbdeb3ef47d5b52186926a76b64c93c7,Creatures And Monsters,2,48000,24
audio/Creatures And Monsters/Demons/Demon Lord/Growls Shouts and Laughs/CREAMnstr_Demon lord short shout_GfxSounds_FantasyGameBundle.wav,Fantasy Game Bundle/Creatures And Monsters/Demons/Demon Lord/Growls Shouts and Laughs/CREAMnstr_Demon lord short shout_GfxSounds_FantasyGameBundle.wav,470960,d94cb9d4dfa796ae85041b69c31901a6722511282fac660e4fbd1ad12bda0846,Creatures And Monsters,2,48000,24
audio/Creatures And Monsters/Demons/Demon Lord/Idles Breathing and Sleep/CREAMnstr_Demon lord breathing 2_GfxSounds_FantasyGameBundle.wav,Fantasy Game Bundle/Creatures And Monsters/Demons/Demon Lord/Idles Breathing and Sleep/CREAMnstr_Demon lord breathing 2_GfxSounds_FantasyGameBundle.wav,1537628,d0c4ede7944f974618daccfca519b5e9157b3dae15b678e2457e8470d3d3fece,Creatures And Monsters,2,48000,24
audio/Creatures And Monsters/Demons/Demon Lord/Idles Breathing and Sleep/CREAMnstr_Demon lord breathing 3_GfxSounds_FantasyGameBundle.wav,Fantasy Game Bundle/Creatures And Monsters/Demons/Demon Lord/Idles Breathing and Sleep/CREAMnstr_Demon lord breathing 3_GfxSounds_FantasyGameBundle.wav,1845134,b688bf1846297e6f317f6a89c62b02985ff6782f6ac796129079d56208b415a1,Creatures And Monsters,2,48000,24
audio/Creatures And Monsters/Demons/Demon Lord/Idles Breathing and Sleep/CREAMnstr_Demon lord breathing 4_GfxSounds_FantasyGameBundle.wav,Fantasy Game Bundle/Creatures And Monsters/Demons/Demon Lord/Idles Breathing and Sleep/CREAMnstr_Demon lord breathing 4_GfxSounds_FantasyGameBundle.wav,1239734,1074ba57df1f1f3c9ac6b240104404918bfdae4b788db38e459510c94e647e81,Creatures And Monsters,2,48000,24
audio/Creatures And Monsters/Demons/Demon Lord/Idles Breathing and Sleep/CREAMnstr_Demon lord breathing_GfxSounds_FantasyGameBundle.wav,Fantasy Game Bundle/Creatures And Monsters/Demons/Demon Lord/Idles Breathing and Sleep/CREAMnstr_Demon lord breathing_GfxSounds_FantasyGameBundle.wav,768854,f55831a94d283a86552231616ffc72d8c3ec6e167e21001cc8a659b8358bbe9d,Creatures And Monsters,2,48000,24
audio/Creatures And Monsters/Demons/Demon Lord/Idles Breathing and Sleep/CREAMnstr_Demon lord sleeping snore 2_GfxSounds_FantasyGameBundle.wav,Fantasy Game Bundle/Creatures And Monsters/Demons/Demon Lord/Idles Breathing and Sleep/CREAMnstr_Demon lord sleeping snore 2_GfxSounds_FantasyGameBundle.wav,970664,f64007cb5c2cb886094b36f84f3665fb4cd56b960e36190a62cd5b1e3fa04ef5,Creatures And Monsters,2,48000,24
audio/Creatures And Monsters/Demons/Demon Lord/Idles Breathing and Sleep/CREAMnstr_Demon lord sleeping snore 3_GfxSounds_FantasyGameBundle.wav,Fantasy Game Bundle/Creatures And Monsters/Demons/Demon Lord/Idles Breathing and Sleep/CREAMnstr_Demon lord sleeping snore 3_GfxSounds_FantasyGameBundle.wav,1085972,355add3cee988382646ec66fde6b31314901752b947744610ee9bb26d4d74e31,Creatures And Monsters,2,48000,24
audio/Creatures And Monsters/Demons/Demon Lord/Idles Breathing and Sleep/CREAMnstr_Demon lord sleeping snore 4_GfxSounds_FantasyGameBundle.wav,Fantasy Game Bundle/Creatures And Monsters/Demons/Demon Lord/Idles Breathing and Sleep/CREAMnstr_Demon lord sleeping snore 4_GfxSounds_FantasyGameBundle.wav,922610,87d58c45ec18e2b9e46803410772455d6d3942c69eac67f98f5ad84aade022d2,Creatures And Monsters,2,48000,24
audio/Creatures And Monsters/Demons/Demon Lord/Idles Breathing and Sleep/CREAMnstr_Demon lord sleeping snore_GfxSounds_FantasyGameBundle.wav,Fantasy Game Bundle/Creatures And Monsters/Demons/Demon Lord/Idles Breathing and Sleep/CREAMnstr_Demon lord sleeping snore_GfxSounds_FantasyGameBundle.wav,1249340,32ce848cdeece9106c0eb4b2b932fc94539010032bc7644a5fd20c0440c84143,Creatures And Monsters,2,48000,24
audio/Creatures And Monsters/Demons/Demon Lord/Idles Breathing and Sleep/CREAMnstr_Demon lord yawn 2_GfxSounds_FantasyGameBundle.wav,Fantasy Game Bundle/Creatures And Monsters/Demons/Demon Lord/Idles Breathing and Sleep/CREAMnstr_Demon lord yawn 2_GfxSounds_FantasyGameBundle.wav,711200,3916bb2e83d569da759c65e1d6bb6736f7950d59d0505d1cc6bf01b822e6c62a,Creatures And Monsters,2,48000,24
audio/Creatures And Monsters/Demons/Demon Lord/Idles Breathing and Sleep/CREAMnstr_Demon lord yawn 3_GfxSounds_FantasyGameBundle.wav,Fantasy Game Bundle/Creatures And Monsters/Demons/Demon Lord/Idles Breathing and Sleep/CREAMnstr_Demon lord yawn 3_GfxSounds_FantasyGameBundle.wav,932222,11b79e5f47462db84a51893955f08b8ccc2fa03a954d5483830948b3f47b565a,Creatures And Monsters,2,48000,24
audio/Creatures And Monsters/Demons/Demon Lord/Idles Breathing and Sleep/CREAMnstr_Demon lord yawn 4_GfxSounds_FantasyGameBundle.wav,Fantasy Game Bundle/Creatures And Monsters/Demons/Demon Lord/Idles Breathing and Sleep/CREAMnstr_Demon lord yawn 4_GfxSounds_FantasyGameBundle.wav,1508798,ce1a5d19baf67afe3a660c1eaa690db61795431d2013e77f87d0fe22a318d71e,Creatures And Monsters,2,48000,24
audio/Creatures And Monsters/Demons/Demon Lord/Idles Breathing and Sleep/CREAMnstr_Demon lord yawn_GfxSounds_FantasyGameBundle.wav,Fantasy Game Bundle/Creatures And Monsters/Demons/Demon Lord/Idles Breathing and Sleep/CREAMnstr_Demon lord yawn_GfxSounds_FantasyGameBundle.wav,720812,3a3459c55e64c56f2fc61e2a08b631913747d0ba39681da3c6bb4ee9dc136789,Creatures And Monsters,2,48000,24
audio/Creatures And Monsters/Demons/Demon Lord/Pain Death and Reactions/CREAMnstr_Demon lord death groan 2_GfxSounds_FantasyGameBundle.wav,Fantasy Game Bundle/Creatures And Monsters/Demons/Demon Lord/Pain Death and Reactions/CREAMnstr_Demon lord death groan 2_GfxSounds_FantasyGameBundle.wav,788078,32d2cba4b628a7e0a5af5425f2eef53fe86f533e34aaeca8f9a43f8f3047d35a,Creatures And Monsters,2,48000,24
audio/Creatures And Monsters/Demons/Demon Lord/Pain Death and Reactions/CREAMnstr_Demon lord death groan 3_GfxSounds_FantasyGameBundle.wav,Fantasy Game Bundle/Creatures And Monsters/Demons/Demon Lord/Pain Death and Reactions/CREAMnstr_Demon lord death groan 3_GfxSounds_FantasyGameBundle.wav,701594,ba6c6d60e0e12ae8de97efd93775d4e887cc8f5cc11e3f64a1b26911609208db,Creatures And Monsters,2,48000,24
audio/Creatures And Monsters/Demons/Demon Lord/Pain Death and Reactions/CREAMnstr_Demon lord death groan_GfxSounds_FantasyGameBundle.wav,Fantasy Game Bundle/Creatures And Monsters/Demons/Demon Lord/Pain Death and Reactions/CREAMnstr_Demon lord death groan_GfxSounds_FantasyGameBundle.wav,941834,f426aa3f7bde6fe7cfe99e99fe14fd50fa3c6ac37e9acc7c973443ecfce6e756,Creatures And Monsters,2,48000,24
audio/Creatures And Monsters/Demons/Demon Lord/Pain Death and Reactions/CREAMnstr_Demon lord pain hurt 2_GfxSounds_FantasyGameBundle.wav,Fantasy Game Bundle/Creatures And Monsters/Demons/Demon Lord/Pain Death and Reactions/CREAMnstr_Demon lord pain hurt 2_GfxSounds_FantasyGameBundle.wav,480572,8f3970ac2a60cff98f38882fe1e5a3f2d7195fcb27e25d7de34182c480b7ba7c,Creatures And Monsters,2,48000,24
audio/Creatures And Monsters/Demons/Demon Lord/Pain Death and Reactions/CREAMnstr_Demon lord pain hurt 3_GfxSounds_FantasyGameBundle.wav,Fantasy Game Bundle/Creatures And Monsters/Demons/Demon Lord/Pain Death and Reactions/CREAMnstr_Demon lord pain hurt 3_GfxSounds_FantasyGameBundle.wav,557450,dee3d9c0264d0cd76f6e3dc69f13763c353d04279e22e812c8866dac6a741ffe,Creatures And Monsters,2,48000,24
audio/Creatures And Monsters/Demons/Demon Lord/Pain Death and Reactions/CREAMnstr_Demon lord pain hurt 4_GfxSounds_FantasyGameBundle.wav,Fantasy Game Bundle/Creatures And Monsters/Demons/Demon Lord/Pain Death and Reactions/CREAMnstr_Demon lord pain hurt 4_GfxSounds_FantasyGameBundle.wav,682370,6b32cebfb40a8dcadebf9ea2b2a0cee712c6a3d98277f73b6331de17f70a9246,Creatures And Monsters,2,48000,24
audio/Creatures And Monsters/Demons/Demon Lord/Pain Death and Reactions/CREAMnstr_Demon lord pain hurt_GfxSounds_FantasyGameBundle.wav,Fantasy Game Bundle/Creatures And Monsters/Demons/Demon Lord/Pain Death and Reactions/CREAMnstr_Demon lord pain hurt_GfxSounds_FantasyGameBundle.wav,595886,67565936d102ccafe0fd69021f2e8e0d50f016c72a6ddda4ccbff48ba26dfc76,Creatures And Monsters,2,48000,24
audio/Creatures And Monsters/Demons/Demon Lord/Pain Death and Reactions/CREAMnstr_Demon lord surprised sigh 2_GfxSounds_FantasyGameBundle.wav,Fantasy Game Bundle/Creatures And Monsters/Demons/Demon Lord/Pain Death and Reactions/CREAMnstr_Demon lord surprised sigh 2_GfxSounds_FantasyGameBundle.wav,519008,406811371f56dca175f5c4b722eb62b73dad7da0af920dcf2fd4def38a8d3e2d,Creatures And Monsters,2,48000,24
audio/Creatures And Monsters/Demons/Demon Lord/Pain Death and Reactions/CREAMnstr_Demon lord surprised sigh_GfxSounds_FantasyGameBundle.wav,Fantasy Game Bundle/Creatures And Monsters/Demons/Demon Lord/Pain Death and Reactions/CREAMnstr_Demon lord surprised sigh_GfxSounds_FantasyGameBundle.wav,480572,55ce3adfd64c3665ae81038018f9210c72580480f5f6c72e2ae279cd2ddc7919,Creatures And Monsters,2,48000,24
audio/Creatures And Monsters/Demons/Demon Lord/Voice Lines/CREAMnstr_Demon lord voice accept your fate_GfxSounds_FantasyGameBundle.wav,Fantasy Game Bundle/Creatures And Monsters/Demons/Demon Lord/Voice Lines/CREAMnstr_Demon lord voice accept your fate_GfxSounds_FantasyGameBundle.wav,1134020,257457526fd8748b4fc22bd574cd79d9b68f688219588fa96ec3f8cbcbb60d24,Creatures And Monsters,2,48000,24
audio/Creatures And Monsters/Demons/Demon Lord/Voice Lines/CREAMnstr_Demon lord voice challenge me_GfxSounds_FantasyGameBundle.wav,Fantasy Game Bundle/Creatures And Monsters/Demons/Demon Lord/Voice Lines/CREAMnstr_Demon lord voice challenge me_GfxSounds_FantasyGameBundle.wav,1182074,25b245c998372bd4c8960586f50785c191b10a38b61f107c1c20c12a02383b6f,Creatures And Monsters,2,48000,24
audio/Creatures And Monsters/Demons/Demon Lord/Voice Lines/CREAMnstr_Demon lord voice consume their souls_GfxSounds_FantasyGameBundle.wav,Fantasy Game Bundle/Creatures And Monsters/Demons/Demon Lord/Voice Lines/CREAMnstr_Demon lord voice consume their souls_GfxSounds_FantasyGameBundle.wav,1162856,04e22c8f5d763418d4bd74a7f91d423df06cad6cb923bfb27fe40962ee13df88,Creatures And Monsters,2,48000,24
audio/Creatures And Monsters/Demons/Demon Lord/Voice Lines/CREAMnstr_Demon lord voice definitely_GfxSounds_FantasyGameBundle.wav,Fantasy Game Bundle/Creatures And Monsters/Demons/Demon Lord/Voice Lines/CREAMnstr_Demon lord voice definitely_GfxSounds_FantasyGameBundle.wav,759248,a6101d2f613e117a79bb502408836c3b852a590ddbc7fc217d4fb912a6b0c199,Creatures And Monsters,2,48000,24
audio/Creatures And Monsters/Demons/Demon Lord/Voice Lines/CREAMnstr_Demon lord voice embrace the darkness_GfxSounds_FantasyGameBundle.wav,Fantasy Game Bundle/Creatures And Monsters/Demons/Demon Lord/Voice Lines/CREAMnstr_Demon lord voice embrace the darkness_GfxSounds_FantasyGameBundle.wav,1768256,5fa5c5f256c3e7be3fa5125e084e4872efd39106e3a31f35c9ef52fd43915a63,Creatures And Monsters,2,48000,24
audio/Creatures And Monsters/Demons/Demon Lord/Voice Lines/CREAMnstr_Demon lord voice escape your fate 2_GfxSounds_FantasyGameBundle.wav,Fantasy Game Bundle/Creatures And Monsters/Demons/Demon Lord/Voice Lines/CREAMnstr_Demon lord voice escape your fate 2_GfxSounds_FantasyGameBundle.wav,1258952,6f2e40f04551d37f8869bb6fe3744f3d958a4e3ec7ecb8ea9f8ad4ec7b91030d,Creatures And Monsters,2,48000,24
audio/Creatures And Monsters/Demons/Demon Lord/Voice Lines/CREAMnstr_Demon lord voice escape your fate_GfxSounds_FantasyGameBundle.wav,Fantasy Game Bundle/Creatures And Monsters/Demons/Demon Lord/Voice Lines/CREAMnstr_Demon lord voice escape your fate_GfxSounds_FantasyGameBundle.wav,961052,afabf889530af822f0a676e762ceb456263e4c39b8ab2a391cd0be80f292d4a6,Creatures And Monsters,2,48000,24
audio/Creatures And Monsters/Demons/Demon Lord/Voice Lines/CREAMnstr_Demon lord voice face the abyss_GfxSounds_FantasyGameBundle.wav,Fantasy Game Bundle/Creatures And Monsters/Demons/Demon Lord/Voice Lines/CREAMnstr_Demon lord voice face the abyss_GfxSounds_FantasyGameBundle.wav,1297388,01e2349db88256c0b1b46431fc1ca4586b795ccd80229472773311137b7a236b,Creatures And Monsters,2,48000,24
audio/Creatures And Monsters/Demons/Demon Lord/Voice Lines/CREAMnstr_Demon lord voice flame of damnation_GfxSounds_FantasyGameBundle.wav,Fantasy Game Bundle/Creatures And Monsters/Demons/Demon Lord/Voice Lines/CREAMnstr_Demon lord voice flame of damnation_GfxSounds_FantasyGameBundle.wav,1239728,e823896183ba58967a331e008760be65af3b2e21a29617c9f7560c9c9ddb5972,Creatures And Monsters,2,48000,24
audio/Creatures And Monsters/Demons/Demon Lord/Voice Lines/CREAMnstr_Demon lord voice game over_GfxSounds_FantasyGameBundle.wav,Fantasy Game Bundle/Creatures And Monsters/Demons/Demon Lord/Voice Lines/CREAMnstr_Demon lord voice game over_GfxSounds_FantasyGameBundle.wav,816908,0edf067d31f1284d0d45060d902f9989a37927137a1a3f0d1c8c61acf264f06a,Creatures And Monsters,2,48000,24
audio/Creatures And Monsters/Demons/Demon Lord/Voice Lines/CREAMnstr_Demon lord voice i am your nightmare_GfxSounds_FantasyGameBundle.wav,Fantasy Game Bundle/Creatures And Monsters/Demons/Demon Lord/Voice Lines/CREAMnstr_Demon lord voice i am your nightmare_GfxSounds_FantasyGameBundle.wav,1643336,b42841bc76d541b5380d7456fa217ecf17695939cf9ea530359895baf998f9cb,Creatures And Monsters,2,48000,24
audio/Creatures And Monsters/Demons/Demon Lord/Voice Lines/CREAMnstr_Demon lord voice no_GfxSounds_FantasyGameBundle.wav,Fantasy Game Bundle/Creatures And Monsters/Demons/Demon Lord/Voice Lines/CREAMnstr_Demon lord voice no_GfxSounds_FantasyGameBundle.wav,547838,1d418737c6d824cfdb36a688fb235e1be7e25d0a70f0c3be01c7e6a25e8f720a,Creatures And Monsters,2,48000,24
audio/Creatures And Monsters/Demons/Demon Lord/Voice Lines/CREAMnstr_Demon lord voice not a chance_GfxSounds_FantasyGameBundle.wav,Fantasy Game Bundle/Creatures And Monsters/Demons/Demon Lord/Voice Lines/CREAMnstr_Demon lord voice not a chance_GfxSounds_FantasyGameBundle.wav,711200,9479b00171df944d3ee3388a7fcfbfe83503d4efe8133c32918dca62dfd405ae,Creatures And Monsters,2,48000,24
audio/Creatures And Monsters/Demons/Demon Lord/Voice Lines/CREAMnstr_Demon lord voice this realm is mine_GfxSounds_FantasyGameBundle.wav,Fantasy Game Bundle/Creatures And Monsters/Demons/Demon Lord/Voice Lines/CREAMnstr_Demon lord voice this realm is mine_GfxSounds_FantasyGameBundle.wav,1383878,c9f3b9c0faecb3976f4d093e8cc38824e28ed661c44471ecb074dcde994972e0,Creatures And Monsters,2,48000,24
audio/Creatures And Monsters/Demons/Demon Lord/Voice Lines/CREAMnstr_Demon lord voice up to the challenge_GfxSounds_FantasyGameBundle.wav,Fantasy Game Bundle/Creatures And Monsters/Demons/Demon Lord/Voice Lines/CREAMnstr_Demon lord voice up to the challenge_GfxSounds_FantasyGameBundle.wav,788078,29f2c70fb38e79f2778d9dbaff5410987928e8e83ab193c601805aa1e4bfbc70,Creatures And Monsters,2,48000,24
audio/Creatures And Monsters/Demons/Demon Lord/Voice Lines/CREAMnstr_Demon lord voice you are insignificant_GfxSounds_FantasyGameBundle.wav,Fantasy Game Bundle/Creatures And Monsters/Demons/Demon Lord/Voice Lines/CREAMnstr_Demon lord voice you are insignificant_GfxSounds_FantasyGameBundle.wav,1230116,158d0b02424e43ad47965821517a120aa5cd93dc7e072e0f8bc82d5b3869325c,Creatures And Monsters,2,48000,24
audio/Creatures And Monsters/Demons/Demon Lord/Voice Lines/CREAMnstr_Demon lord voice your existence ends now_GfxSounds_FantasyGameBundle.wav,Fantasy Game Bundle/Creatures And Monsters/Demons/Demon Lord/Voice Lines/CREAMnstr_Demon lord voice your existence ends now_GfxSounds_FantasyGameBundle.wav,1105196,93c9de52a7f462c82fdf642cd0436200a10df5d7be8ce3460f1f21a9b81f251d,Creatures And Monsters,2,48000,24
audio/Creatures And Monsters/Demons/Demon Lord/Voice Lines/CREAMnstr_Demon lord voice your soul is mine_GfxSounds_FantasyGameBundle.wav,Fantasy Game Bundle/Creatures And Monsters/Demons/Demon Lord/Voice Lines/CREAMnstr_Demon lord voice your soul is mine_GfxSounds_FantasyGameBundle.wav,1355048,0e3fc953efe592a70c7b27226be0b43fdf143f16362a6cb9d99a43c477b0b786,Creatures And Monsters,2,48000,24
audio/Creatures And Monsters/Demons/Demon Lord/Voice Lines/CREAMnstr_Demon lord voice your world will crumble_GfxSounds_FantasyGameBundle.wav,Fantasy Game Bundle/Creatures And Monsters/Demons/Demon Lord/Voice Lines/CREAMnstr_Demon lord voice your world will crumble_GfxSounds_FantasyGameBundle.wav,1191680,5defc866589414f88c1c13c9c9d90ea5bffc1f418393a76c0402f1983bdebcf2,Creatures And Monsters,2,48000,24
audio/Creatures And Monsters/Demons/Imp Demon/Attacks and Spell Casts/CREAMnstr_Imp demon attack shout 2_GfxSounds_FantasyGameBundle.wav,Fantasy Game Bundle/Creatures And Monsters/Demons/Imp Demon/Attacks and Spell Casts/CREAMnstr_Imp demon attack shout 2_GfxSounds_FantasyGameBundle.wav,403694,2959a88318665e3c1946e0125c3bd9c3769ef6e4838eb253d31ab81fc23e17b5,Creatures And Monsters,2,48000,24
audio/Creatures And Monsters/Demons/Imp Demon/Attacks and Spell Casts/CREAMnstr_Imp demon attack shout 3_GfxSounds_FantasyGameBundle.wav,Fantasy Game Bundle/Creatures And Monsters/Demons/Imp Demon/Attacks and Spell Casts/CREAMnstr_Imp demon attack shout 3_GfxSounds_FantasyGameBundle.wav,768858,332bedbdb8aa7fe9589962cbf584589f6a0054d39d0450f433da8e3307824ed1,Creatures And Monsters,2,48000,24
audio/Creatures And Monsters/Demons/Imp Demon/Attacks and Spell Casts/CREAMnstr_Imp demon attack shout 4_GfxSounds_FantasyGameBundle.wav,Fantasy Game Bundle/Creatures And Monsters/Demons/Imp Demon/Attacks and Spell Casts/CREAMnstr_Imp demon attack shout 4_GfxSounds_FantasyGameBundle.wav,941838,2695cb9089d4e34d2421bcea827d34900aa9595f2f0084885c5f93cba03db182,Creatures And Monsters,2,48000,24
audio/Creatures And Monsters/Demons/Imp Demon/Attacks and Spell Casts/CREAMnstr_Imp demon attack shout 5_GfxSounds_FantasyGameBundle.wav,Fantasy Game Bundle/Creatures And Monsters/Demons/Imp Demon/Attacks and Spell Casts/CREAMnstr_Imp demon attack shout 5_GfxSounds_FantasyGameBundle.wav,1403100,e3e2805f289132a0e52458370d02553493fc926438c343eb4c126059314eca6a,Creatures And Monsters,2,48000,24
audio/Creatures And Monsters/Demons/Imp Demon/Attacks and Spell Casts/CREAMnstr_Imp demon attack shout 6_GfxSounds_FantasyGameBundle.wav,Fantasy Game Bundle/Creatures And Monsters/Demons/Imp Demon/Attacks and Spell Casts/CREAMnstr_Imp demon attack shout 6_GfxSounds_FantasyGameBundle.wav,1604898,5ac52b2c04b1e98f5f31661a8c0ce0837baf7b92fb97bed72f66a8ab8c07898d,Creatures And Monsters,2,48000,24
audio/Creatures And Monsters/Demons/Imp Demon/Attacks and Spell Casts/CREAMnstr_Imp demon attack shout 7_GfxSounds_FantasyGameBundle.wav,Fantasy Game Bundle/Creatures And Monsters/Demons/Imp Demon/Attacks and Spell Casts/CREAMnstr_Imp demon attack shout 7_GfxSounds_FantasyGameBundle.wav,557444,e729c2447aebb159a27a07b5cbb52697784aa8eb834f3a3e499c423b2e136c8b,Creatures And Monsters,2,48000,24
audio/Creatures And Monsters/Demons/Imp Demon/Attacks and Spell Casts/CREAMnstr_Imp demon attack shout_GfxSounds_FantasyGameBundle.wav,Fantasy Game Bundle/Creatures And Monsters/Demons/Imp Demon/Attacks and Spell Casts/CREAMnstr_Imp demon attack shout_GfxSounds_FantasyGameBundle.wav,884174,e9a5280aeb1e5074eb224a70160c65924d9289fac514fd68e7b31ea12de169a1,Creatures And Monsters,2,48000,24
audio/Creatures And Monsters/Demons/Imp Demon/Attacks and Spell Casts/CREAMnstr_Imp demon spell cast 2_GfxSounds_FantasyGameBundle.wav,Fantasy Game Bundle/Creatures And Monsters/Demons/Imp Demon/Attacks and Spell Casts/CREAMnstr_Imp demon spell cast 2_GfxSounds_FantasyGameBundle.wav,1172462,5771ce35b9c7f587d4c6538ef37e570a8092f37d402ba002afc771adbe543d2d,Creatures And Monsters,2,48000,24
audio/Creatures And Monsters/Demons/Imp Demon/Attacks and Spell Casts/CREAMnstr_Imp demon spell cast 3_GfxSounds_FantasyGameBundle.wav,Fantasy Game Bundle/Creatures And Monsters/Demons/Imp Demon/Attacks and Spell Casts/CREAMnstr_Imp demon spell cast 3_GfxSounds_FantasyGameBundle.wav,1057148,e66cedcd65c6de98cdce91f2a27f9a3c3d7b0f576c03cf1d50676ec654bf959b,Creatures And Monsters,2,48000,24
audio/Creatures And Monsters/Demons/Imp Demon/Attacks and Spell Casts/CREAMnstr_Imp demon spell cast 4_GfxSounds_FantasyGameBundle.wav,Fantasy Game Bundle/Creatures And Monsters/Demons/Imp Demon/Attacks and Spell Casts/CREAMnstr_Imp demon spell cast 4_GfxSounds_FantasyGameBundle.wav,1604894,9782fe2ef7dfabf6005bd6c276143ff78afac7c498aeb18d5ed194435ecd90b9,Creatures And Monsters,2,48000,24
audio/Creatures And Monsters/Demons/Imp Demon/Attacks and Spell Casts/CREAMnstr_Imp demon spell cast 5_GfxSounds_FantasyGameBundle.wav,Fantasy Game Bundle/Creatures And Monsters/Demons/Imp Demon/Attacks and Spell Casts/CREAMnstr_Imp demon spell cast 5_GfxSounds_FantasyGameBundle.wav,1479968,f3d9ea02d22f45fcd4ce9e315368de825df07a89b1dcc60e3e11d526e9c5c0f0,Creatures And Monsters,2,48000,24
audio/Creatures And Monsters/Demons/Imp Demon/Attacks and Spell Casts/CREAMnstr_Imp demon spell cast_GfxSounds_FantasyGameBundle.wav,Fantasy Game Bundle/Creatures And Monsters/Demons/Imp Demon/Attacks and Spell Casts/CREAMnstr_Imp demon spell cast_GfxSounds_FantasyGameBundle.wav,1076372,a6fc1dbe2e7a1d1e366bb8a173b1aa0a2ad407b9de62c1a490b694971d9950b4,Creatures And Monsters,2,48000,24
audio/Creatures And Monsters/Demons/Imp Demon/Attacks and Spell Casts/CREAMnstr_Imp monster spell cast_GfxSounds_FantasyGameBundle.wav,Fantasy Game Bundle/Creatures And Monsters/Demons/Imp Demon/Attacks and Spell Casts/CREAMnstr_Imp monster spell cast_GfxSounds_FantasyGameBundle.wav,1076372,a6fc1dbe2e7a1d1e366bb8a173b1aa0a2ad407b9de62c1a490b694971d9950b4,Creatures And Monsters,2,48000,24
audio/Creatures And Monsters/Demons/Imp Demon/Growls Shouts and Laughs/CREAMnstr_Imp demon growl grunt 2_GfxSounds_FantasyGameBundle.wav,Fantasy Game Bundle/Creatures And Monsters/Demons/Imp Demon/Growls Shouts and Laughs/CREAMnstr_Imp demon growl grunt 2_GfxSounds_FantasyGameBundle.wav,701594,24e810e15acb87f1ec174d4c55641e3d03e2bcc32d58be5d25b1b8eb8b8136e8,Creatures And Monsters,2,48000,24
audio/Creatures And Monsters/Demons/Imp Demon/Growls Shouts and Laughs/CREAMnstr_Imp demon growl grunt 3_GfxSounds_FantasyGameBundle.wav,Fantasy Game Bundle/Creatures And Monsters/Demons/Imp Demon/Growls Shouts and Laughs/CREAMnstr_Imp demon growl grunt 3_GfxSounds_FantasyGameBundle.wav,1143634,7d265831a06c59c04de687ad51e0e948aac06f5d81cc6f45a96924b9920a8a28,Creatures And Monsters,2,48000,24
audio/Creatures And Monsters/Demons/Imp Demon/Growls Shouts and Laughs/CREAMnstr_Imp demon growl grunt 4_GfxSounds_FantasyGameBundle.wav,Fantasy Game Bundle/Creatures And Monsters/Demons/Imp Demon/Growls Shouts and Laughs/CREAMnstr_Imp demon growl grunt 4_GfxSounds_FantasyGameBundle.wav,711206,ef050b91de6a3a2c5e5ce295a87dafc8d25f32733ffdc4580d77e4ef2a3d210d,Creatures And Monsters,2,48000,24
audio/Creatures And Monsters/Demons/Imp Demon/Growls Shouts and Laughs/CREAMnstr_Imp demon growl grunt_GfxSounds_FantasyGameBundle.wav,Fantasy Game Bundle/Creatures And Monsters/Demons/Imp Demon/Growls Shouts and Laughs/CREAMnstr_Imp demon growl grunt_GfxSounds_FantasyGameBundle.wav,720812,c7a8afbc31c81cc93a4db70ab1e8338033defef47bb5ab66cb70af3e4dfde71d,Creatures And Monsters,2,48000,24
audio/Creatures And Monsters/Demons/Imp Demon/Growls Shouts and Laughs/CREAMnstr_Imp demon maniacal laugh 2_GfxSounds_FantasyGameBundle.wav,Fantasy Game Bundle/Creatures And Monsters/Demons/Imp Demon/Growls Shouts and Laughs/CREAMnstr_Imp demon maniacal laugh 2_GfxSounds_FantasyGameBundle.wav,643934,0c4f89c272f3ed31f6f670d559959a519e821d87cf981231976806caa095e79f,Creatures And Monsters,2,48000,24
audio/Creatures And Monsters/Demons/Imp Demon/Growls Shouts and Laughs/CREAMnstr_Imp demon maniacal laugh 3_GfxSounds_FantasyGameBundle.wav,Fantasy Game Bundle/Creatures And Monsters/Demons/Imp Demon/Growls Shouts and Laughs/CREAMnstr_Imp demon maniacal laugh 3_GfxSounds_FantasyGameBundle.wav,691982,f17acf021275f39f3bf98c1b6b6ebe1d752641b34210d4b9a566f51e965518da,Creatures And Monsters,2,48000,24
audio/Creatures And Monsters/Demons/Imp Demon/Growls Shouts and Laughs/CREAMnstr_Imp demon maniacal laugh 4_GfxSounds_FantasyGameBundle.wav,Fantasy Game Bundle/Creatures And Monsters/Demons/Imp Demon/Growls Shouts and Laughs/CREAMnstr_Imp demon maniacal laugh 4_GfxSounds_FantasyGameBundle.wav,951444,081cf79554279ab579486d79e90e09707743971d55b12207f4024278d0f33038,Creatures And Monsters,2,48000,24
audio/Creatures And Monsters/Demons/Imp Demon/Growls Shouts and Laughs/CREAMnstr_Imp demon maniacal laugh 5_GfxSounds_FantasyGameBundle.wav,Fantasy Game Bundle/Creatures And Monsters/Demons/Imp Demon/Growls Shouts and Laughs/CREAMnstr_Imp demon maniacal laugh 5_GfxSounds_FantasyGameBundle.wav,884178,1d79e0ef65a9abf0ed5b30f51f8285d6b3a89209056d0aaef304fecfb45dfbf1,Creatures And Monsters,2,48000,24
audio/Creatures And Monsters/Demons/Imp Demon/Growls Shouts and Laughs/CREAMnstr_Imp demon maniacal laugh 6_GfxSounds_FantasyGameBundle.wav,Fantasy Game Bundle/Creatures And Monsters/Demons/Imp Demon/Growls Shouts and Laughs/CREAMnstr_Imp demon maniacal laugh 6_GfxSounds_FantasyGameBundle.wav,999492,4e4fad4597d756735f37408d0658e4f1d317b3e91a050df1c51265387b0b0cec,Creatures And Monsters,2,48000,24
audio/Creatures And Monsters/Demons/Imp Demon/Growls Shouts and Laughs/CREAMnstr_Imp demon maniacal laugh_GfxSounds_FantasyGameBundle.wav,Fantasy Game Bundle/Creatures And Monsters/Demons/Imp Demon/Growls Shouts and Laughs/CREAMnstr_Imp demon maniacal laugh_GfxSounds_FantasyGameBundle.wav,672764,de04705a57bb131bfb0af3ba00a82d3d2e5c903588f57a6ea0edba1c0897438b,Creatures And Monsters,2,48000,24
audio/Creatures And Monsters/Demons/Imp Demon/Growls Shouts and Laughs/CREAMnstr_Imp demon short shout 2_GfxSounds_FantasyGameBundle.wav,Fantasy Game Bundle/Creatures And Monsters/Demons/Imp Demon/Growls Shouts and Laughs/CREAMnstr_Imp demon short shout 2_GfxSounds_FantasyGameBundle.wav,442140,74bbeba80498017f5607ac1266ec9112a5ee28324bb55a9bed421089f79e04d9,Creatures And Monsters,2,48000,24
audio/Creatures And Monsters/Demons/Imp Demon/Growls Shouts and Laughs/CREAMnstr_Imp demon short shout 3_GfxSounds_FantasyGameBundle.wav,Fantasy Game Bundle/Creatures And Monsters/Demons/Imp Demon/Growls Shouts and Laughs/CREAMnstr_Imp demon short shout 3_GfxSounds_FantasyGameBundle.wav,365262,ce1d4508ee3e7d5e322fba602727892fa99e2de2fe1c89eb694d193730025740,Creatures And Monsters,2,48000,24
audio/Creatures And Monsters/Demons/Imp Demon/Growls Shouts and Laughs/CREAMnstr_Imp demon short shout_GfxSounds_FantasyGameBundle.wav,Fantasy Game Bundle/Creatures And Monsters/Demons/Imp Demon/Growls Shouts and Laughs/CREAMnstr_Imp demon short shout_GfxSounds_FantasyGameBundle.wav,336432,6a3e1ed1fb20c348de5ff2e2889e42c963e6479523f146e3851c2712ed4997fb,Creatures And Monsters,2,48000,24
audio/Creatures And Monsters/Demons/Imp Demon/Idles Breathing and Sleep/CREAMnstr_Imp demon breathing 2_GfxSounds_FantasyGameBundle.wav,Fantasy Game Bundle/Creatures And Monsters/Demons/Imp Demon/Idles Breathing and Sleep/CREAMnstr_Imp demon breathing 2_GfxSounds_FantasyGameBundle.wav,1566460,94238bae1341bf709db621695671cfd4344361a8bf9166379a89e165f4e1d6a5,Creatures And Monsters,2,48000,24
audio/Creatures And Monsters/Demons/Imp Demon/Idles Breathing and Sleep/CREAMnstr_Imp demon breathing 3_GfxSounds_FantasyGameBundle.wav,Fantasy Game Bundle/Creatures And Monsters/Demons/Imp Demon/Idles Breathing and Sleep/CREAMnstr_Imp demon breathing 3_GfxSounds_FantasyGameBundle.wav,1489582,871dd8e0ed09394c870bc4b8310db8da2222e06a7e5675dcc837cf80bd7d4ef2,Creatures And Monsters,2,48000,24
audio/Creatures And Monsters/Demons/Imp Demon/Idles Breathing and Sleep/CREAMnstr_Imp demon breathing 4_GfxSounds_FantasyGameBundle.wav,Fantasy Game Bundle/Creatures And Monsters/Demons/Imp Demon/Idles Breathing and Sleep/CREAMnstr_Imp demon breathing 4_GfxSounds_FantasyGameBundle.wav,1604898,27998e14d9da0b6635dcd72cda74ca6e8488b6cbc8db12ed1165e945f6d67159,Creatures And Monsters,2,48000,24
audio/Creatures And Monsters/Demons/Imp Demon/Idles Breathing and Sleep/CREAMnstr_Imp demon breathing_GfxSounds_FantasyGameBundle.wav,Fantasy Game Bundle/Creatures And Monsters/Demons/Imp Demon/Idles Breathing and Sleep/CREAMnstr_Imp demon breathing_GfxSounds_FantasyGameBundle.wav,932230,06e321a6585054ced87255c830d7bed173f272fcfac5a4fb16bce358f824ed62,Creatures And Monsters,2,48000,24
audio/Creatures And Monsters/Demons/Imp Demon/Idles Breathing and Sleep/CREAMnstr_Imp demon sleeping snore_GfxSounds_FantasyGameBundle.wav,Fantasy Game Bundle/Creatures And Monsters/Demons/Imp Demon/Idles Breathing and Sleep/CREAMnstr_Imp demon sleeping snore_GfxSounds_FantasyGameBundle.wav,1124418,d9d970ef950b31646d9ec1f577ff6ee09ba498c01f5b533f85c59e74a37de8ab,Creatures And Monsters,2,48000,24
audio/Creatures And Monsters/Demons/Imp Demon/Pain Death and Reactions/CREAMnstr_Imp demon death groan 2_GfxSounds_FantasyGameBundle.wav,Fantasy Game Bundle/Creatures And Monsters/Demons/Imp Demon/Pain Death and Reactions/CREAMnstr_Imp demon death groan 2_GfxSounds_FantasyGameBundle.wav,221114,ab53bc41ceeb987698278a8ae6abd6cb24bb42f99f6d917ba5e0a569ddd69152,Creatures And Monsters,2,48000,24
audio/Creatures And Monsters/Demons/Imp Demon/Pain Death and Reactions/CREAMnstr_Imp demon death groan 3_GfxSounds_FantasyGameBundle.wav,Fantasy Game Bundle/Creatures And Monsters/Demons/Imp Demon/Pain Death and Reactions/CREAMnstr_Imp demon death groan 3_GfxSounds_FantasyGameBundle.wav,1374270,2ac81dca2bac420bd8ecbccb411ba9550bfad669004a98ece501e71cae63efd3,Creatures And Monsters,2,48000,24
audio/Creatures And Monsters/Demons/Imp Demon/Pain Death and Reactions/CREAMnstr_Imp demon death groan 4_GfxSounds_FantasyGameBundle.wav,Fantasy Game Bundle/Creatures And Monsters/Demons/Imp Demon/Pain Death and Reactions/CREAMnstr_Imp demon death groan 4_GfxSounds_FantasyGameBundle.wav,1172466,57cb51b8a7c6eaedeb911b254dc4c2124160f3771fc22a0353aa61931af8a460,Creatures And Monsters,2,48000,24
audio/Creatures And Monsters/Demons/Imp Demon/Pain Death and Reactions/CREAMnstr_Imp demon death groan 5_GfxSounds_FantasyGameBundle.wav,Fantasy Game Bundle/Creatures And Monsters/Demons/Imp Demon/Pain Death and Reactions/CREAMnstr_Imp demon death groan 5_GfxSounds_FantasyGameBundle.wav,1431922,6b2a44f8506c1b4119c1f49194d06f69aa13b5cd3a8bc9fca3a235d6ae61737a,Creatures And Monsters,2,48000,24
audio/Creatures And Monsters/Demons/Imp Demon/Pain Death and Reactions/CREAMnstr_Imp demon death groan 6_GfxSounds_FantasyGameBundle.wav,Fantasy Game Bundle/Creatures And Monsters/Demons/Imp Demon/Pain Death and Reactions/CREAMnstr_Imp demon death groan 6_GfxSounds_FantasyGameBundle.wav,278774,0b53f53a070299a0c11ecde48018b6fa6ac9d27732c8e94de55e5a765a1796f0,Creatures And Monsters,2,48000,24
audio/Creatures And Monsters/Demons/Imp Demon/Pain Death and Reactions/CREAMnstr_Imp demon death groan 7_GfxSounds_FantasyGameBundle.wav,Fantasy Game Bundle/Creatures And Monsters/Demons/Imp Demon/Pain Death and Reactions/CREAMnstr_Imp demon death groan 7_GfxSounds_FantasyGameBundle.wav,855348,1ef3149b1bc16a06cf86965d1b23a1b8de790a0f498dbea6df989abcfc25d1f2,Creatures And Monsters,2,48000,24
audio/Creatures And Monsters/Demons/Imp Demon/Pain Death and Reactions/CREAMnstr_Imp demon death groan 8_GfxSounds_FantasyGameBundle.wav,Fantasy Game Bundle/Creatures And Monsters/Demons/Imp Demon/Pain Death and Reactions/CREAMnstr_Imp demon death groan 8_GfxSounds_FantasyGameBundle.wav,913008,0697ec0095753b1bc37f0eaa1879c55ff08ab9fd7d266d4d0b9fb882a3593168,Creatures And Monsters,2,48000,24
audio/Creatures And Monsters/Demons/Imp Demon/Pain Death and Reactions/CREAMnstr_Imp demon death groan 9_GfxSounds_FantasyGameBundle.wav,Fantasy Game Bundle/Creatures And Monsters/Demons/Imp Demon/Pain Death and Reactions/CREAMnstr_Imp demon death groan 9_GfxSounds_FantasyGameBundle.wav,913006,6d2e9796db44ddcb6e5b1e1c637db75a6c445789aab8b0c94f372419d0b7f991,Creatures And Monsters,2,48000,24
audio/Creatures And Monsters/Demons/Imp Demon/Pain Death and Reactions/CREAMnstr_Imp demon death groan_GfxSounds_FantasyGameBundle.wav,Fantasy Game Bundle/Creatures And Monsters/Demons/Imp Demon/Pain Death and Reactions/CREAMnstr_Imp demon death groan_GfxSounds_FantasyGameBundle.wav,672768,3c21e3d3d9bed61cb7c12c14faf19a80dd707471bbe36f68e1cac233b78b42ef,Creatures And Monsters,2,48000,24
audio/Creatures And Monsters/Demons/Imp Demon/Pain Death and Reactions/CREAMnstr_Imp demon pain hurt 2_GfxSounds_FantasyGameBundle.wav,Fantasy Game Bundle/Creatures And Monsters/Demons/Imp Demon/Pain Death and Reactions/CREAMnstr_Imp demon pain hurt 2_GfxSounds_FantasyGameBundle.wav,624720,a58568168206ac561904df54994966a5075ee0e39bb1ee907e95af5b96321394,Creatures And Monsters,2,48000,24
audio/Creatures And Monsters/Demons/Imp Demon/Pain Death and Reactions/CREAMnstr_Imp demon pain hurt 3_GfxSounds_FantasyGameBundle.wav,Fantasy Game Bundle/Creatures And Monsters/Demons/Imp Demon/Pain Death and Reactions/CREAMnstr_Imp demon pain hurt 3_GfxSounds_FantasyGameBundle.wav,605498,fa27eec11c597773c0fae7313bae955a8737d7538ef4837395e7151de5629a03,Creatures And Monsters,2,48000,24
audio/Creatures And Monsters/Demons/Imp Demon/Pain Death and Reactions/CREAMnstr_Imp demon pain hurt 4_GfxSounds_FantasyGameBundle.wav,Fantasy Game Bundle/Creatures And Monsters/Demons/Imp Demon/Pain Death and Reactions/CREAMnstr_Imp demon pain hurt 4_GfxSounds_FantasyGameBundle.wav,567062,dd06fb8cde9b85b943fe5932cd04ace477a7a34b7c2a07dc34343d46bb833055,Creatures And Monsters,2,48000,24
audio/Creatures And Monsters/Demons/Imp Demon/Pain Death and Reactions/CREAMnstr_Imp demon pain hurt 5_GfxSounds_FantasyGameBundle.wav,Fantasy Game Bundle/Creatures And Monsters/Demons/Imp Demon/Pain Death and Reactions/CREAMnstr_Imp demon pain hurt 5_GfxSounds_FantasyGameBundle.wav,586280,c671f0160bde8ff8e0d24f5258d12e50e2987f64710e871edd5d845b769d5dce,Creatures And Monsters,2,48000,24
audio/Creatures And Monsters/Demons/Imp Demon/Pain Death and Reactions/CREAMnstr_Imp demon pain hurt 6_GfxSounds_FantasyGameBundle.wav,Fantasy Game Bundle/Creatures And Monsters/Demons/Imp Demon/Pain Death and Reactions/CREAMnstr_Imp demon pain hurt 6_GfxSounds_FantasyGameBundle.wav,643934,02c63bdb441995ef72ea275c4decbec758046313feab7588a291b8fa1967d02b,Creatures And Monsters,2,48000,24
audio/Creatures And Monsters/Demons/Imp Demon/Pain Death and Reactions/CREAMnstr_Imp demon pain hurt 7_GfxSounds_FantasyGameBundle.wav,Fantasy Game Bundle/Creatures And Monsters/Demons/Imp Demon/Pain Death and Reactions/CREAMnstr_Imp demon pain hurt 7_GfxSounds_FantasyGameBundle.wav,701594,76f96ca544f5a67668c9c7048317e747b93acc074ee572d359b9df686ca4fce7,Creatures And Monsters,2,48000,24
audio/Creatures And Monsters/Demons/Imp Demon/Pain Death and Reactions/CREAMnstr_Imp demon pain hurt 8_GfxSounds_FantasyGameBundle.wav,Fantasy Game Bundle/Creatures And Monsters/Demons/Imp Demon/Pain Death and Reactions/CREAMnstr_Imp demon pain hurt 8_GfxSounds_FantasyGameBundle.wav,903396,b80fdc6001fd089a1262ab96b8e420e4956daf5c1834d49adf2e9d7b7dca6b05,Creatures And Monsters,2,48000,24
audio/Creatures And Monsters/Demons/Imp Demon/Pain Death and Reactions/CREAMnstr_Imp demon pain hurt_GfxSounds_FantasyGameBundle.wav,Fantasy Game Bundle/Creatures And Monsters/Demons/Imp Demon/Pain Death and Reactions/CREAMnstr_Imp demon pain hurt_GfxSounds_FantasyGameBundle.wav,557454,0654dc68d9c8af76cf7abaca6cc062f823b4315db964b4c7d1691d2ba2b32e9b,Creatures And Monsters,2,48000,24
audio/Creatures And Monsters/Demons/Imp Demon/Pain Death and Reactions/CREAMnstr_Imp demon surprised sigh 2_GfxSounds_FantasyGameBundle.wav,Fantasy Game Bundle/Creatures And Monsters/Demons/Imp Demon/Pain Death and Reactions/CREAMnstr_Imp demon surprised sigh 2_GfxSounds_FantasyGameBundle.wav,499794,2f4af233310dda70c7824443a56f64127640ebbd01d56c909b1e695c23d08a66,Creatures And Monsters,2,48000,24
audio/Creatures And Monsters/Demons/Imp Demon/Pain Death and Reactions/CREAMnstr_Imp demon surprised sigh 3_GfxSounds_FantasyGameBundle.wav,Fantasy Game Bundle/Creatures And Monsters/Demons/Imp Demon/Pain Death and Reactions/CREAMnstr_Imp demon surprised sigh 3_GfxSounds_FantasyGameBundle.wav,451746,808ef71feb72a5509f2b1ae9bdb0113abd97bfd34ab07d26560a405d7e88e86c,Creatures And Monsters,2,48000,24
audio/Creatures And Monsters/Demons/Imp Demon/Pain Death and Reactions/CREAMnstr_Imp demon surprised sigh 4_GfxSounds_FantasyGameBundle.wav,Fantasy Game Bundle/Creatures And Monsters/Demons/Imp Demon/Pain Death and Reactions/CREAMnstr_Imp demon surprised sigh 4_GfxSounds_FantasyGameBundle.wav,547842,560dd893af4a6873865b9b9c8173b9b0034d53b7d3aa536ad63436c84db102eb,Creatures And Monsters,2,48000,24
audio/Creatures And Monsters/Demons/Imp Demon/Pain Death and Reactions/CREAMnstr_Imp demon surprised sigh_GfxSounds_FantasyGameBundle.wav,Fantasy Game Bundle/Creatures And Monsters/Demons/Imp Demon/Pain Death and Reactions/CREAMnstr_Imp demon surprised sigh_GfxSounds_FantasyGameBundle.wav,422916,2f889d6be59978eb03ead9bf6a45c08b7e959a3af28efd906ff232cd11e95779,Creatures And Monsters,2,48000,24
audio/Creatures And Monsters/Demons/Imp Demon/Voice Lines/CREAMnstr_Imp demon voice absolutely_GfxSounds_FantasyGameBundle.wav,Fantasy Game Bundle/Creatures And Monsters/Demons/Imp Demon/Voice Lines/CREAMnstr_Imp demon voice absolutely_GfxSounds_FantasyGameBundle.wav,701594,3c8ff0694fa3981a886a6e108e464b118fb4db77a68228513c8b70f34f1eebc8,Creatures And Monsters,2,48000,24
audio/Creatures And Monsters/Demons/Imp Demon/Voice Lines/CREAMnstr_Imp demon voice challenge me_GfxSounds_FantasyGameBundle.wav,Fantasy Game Bundle/Creatures And Monsters/Demons/Imp Demon/Voice Lines/CREAMnstr_Imp demon voice challenge me_GfxSounds_FantasyGameBundle.wav,913004,f49cdb34a37af9ba549e7f428d10470afd068c3f5f081f32cb50ef809c152c49,Creatures And Monsters,2,48000,24
audio/Creatures And Monsters/Demons/Imp Demon/Voice Lines/CREAMnstr_Imp demon voice definitely_GfxSounds_FantasyGameBundle.wav,Fantasy Game Bundle/Creatures And Monsters/Demons/Imp Demon/Voice Lines/CREAMnstr_Imp demon voice definitely_GfxSounds_FantasyGameBundle.wav,653546,3929516280b5fe07e0b7dd27e5e90629974b4f78803b7ea84235b47c0b5639e3,Creatures And Monsters,2,48000,24
audio/Creatures And Monsters/Demons/Imp Demon/Voice Lines/CREAMnstr_Imp demon voice escape your fate 2_GfxSounds_FantasyGameBundle.wav,Fantasy Game Bundle/Creatures And Monsters/Demons/Imp Demon/Voice Lines/CREAMnstr_Imp demon voice escape your fate 2_GfxSounds_FantasyGameBundle.wav,1143632,0be193f5b063fedd7bbdc3d85ef597156312ba4c96f15d8cc9c9cedf2944942e,Creatures And Monsters,2,48000,24
audio/Creatures And Monsters/Demons/Imp Demon/Voice Lines/CREAMnstr_Imp demon voice escape your fate_GfxSounds_FantasyGameBundle.wav,Fantasy Game Bundle/Creatures And Monsters/Demons/Imp Demon/Voice Lines/CREAMnstr_Imp demon voice escape your fate_GfxSounds_FantasyGameBundle.wav,1335824,19e5436c66444e53d37bd80de07a9e6d5e12dc92dcf378195a360ef8a729f4d4,Creatures And Monsters,2,48000,24
audio/Creatures And Monsters/Demons/Imp Demon/Voice Lines/CREAMnstr_Imp demon voice face the abyss_GfxSounds_FantasyGameBundle.wav,Fantasy Game Bundle/Creatures And Monsters/Demons/Imp Demon/Voice Lines/CREAMnstr_Imp demon voice face the abyss_GfxSounds_FantasyGameBundle.wav,1681778,7a5b7ceef1d58b710ddff679690125af3ab59ca2c8a45553b6bff9252fb313eb,Creatures And Monsters,2,48000,24
audio/Creatures And Monsters/Demons/Imp Demon/Voice Lines/CREAMnstr_Imp demon voice game over_GfxSounds_FantasyGameBundle.wav,Fantasy Game Bundle/Creatures And Monsters/Demons/Imp Demon/Voice Lines/CREAMnstr_Imp demon voice game over_GfxSounds_FantasyGameBundle.wav,845738,bcc2eecea3a0e238af336327b7d1a3fa40d5506b4ed78f73d5c7e8aa7add0771,Creatures And Monsters,2,48000,24
audio/Creatures And Monsters/Demons/Imp Demon/Voice Lines/CREAMnstr_Imp demon voice i am your nightmare_GfxSounds_FantasyGameBundle.wav,Fantasy Game Bundle/Creatures And Monsters/Demons/Imp Demon/Voice Lines/CREAMnstr_Imp demon voice i am your nightmare_GfxSounds_FantasyGameBundle.wav,1134026,15e3c732dc373bb94c253f2a9032218a36c9d5def0cac27464b1874000f8a80a,Creatures And Monsters,2,48000,24
audio/Creatures And Monsters/Demons/Imp Demon/Voice Lines/CREAMnstr_Imp demon voice no way_GfxSounds_FantasyGameBundle.wav,Fantasy Game Bundle/Creatures And Monsters/Demons/Imp Demon/Voice Lines/CREAMnstr_Imp demon voice no way_GfxSounds_FantasyGameBundle.wav,711200,dd1a62a0fdf7c36a1058a4220b0ad6884fcf3e59203717789cfa6d1492c50dca,Creatures And Monsters,2,48000,24
audio/Creatures And Monsters/Demons/Imp Demon/Voice Lines/CREAMnstr_Imp demon voice no_GfxSounds_FantasyGameBundle.wav,Fantasy Game Bundle/Creatures And Monsters/Demons/Imp Demon/Voice Lines/CREAMnstr_Imp demon voice no_GfxSounds_FantasyGameBundle.wav,470960,505dd06bdae45fafcee370bcc0ecb6aeb39055db87f1abe820d794bab4b61af1,Creatures And Monsters,2,48000,24
audio/Creatures And Monsters/Demons/Imp Demon/Voice Lines/CREAMnstr_Imp demon voice not a chance_GfxSounds_FantasyGameBundle.wav,Fantasy Game Bundle/Creatures And Monsters/Demons/Imp Demon/Voice Lines/CREAMnstr_Imp demon voice not a chance_GfxSounds_FantasyGameBundle.wav,788078,95c7d1e72596111f6ff48e7778b2ff3cab47830507df7eefd9ff510b9ac022ef,Creatures And Monsters,2,48000,24
audio/Creatures And Monsters/Demons/Imp Demon/Voice Lines/CREAMnstr_Imp demon voice this realm is mine_GfxSounds_FantasyGameBundle.wav,Fantasy Game Bundle/Creatures And Monsters/Demons/Imp Demon/Voice Lines/CREAMnstr_Imp demon voice this realm is mine_GfxSounds_FantasyGameBundle.wav,941834,0be680d5fcef215aab0cbd8b5e7403539f270158b45ffaa825d56826f02a3818,Creatures And Monsters,2,48000,24
audio/Creatures And Monsters/Demons/Imp Demon/Voice Lines/CREAMnstr_Imp demon voice up to the challenge_GfxSounds_FantasyGameBundle.wav,Fantasy Game Bundle/Creatures And Monsters/Demons/Imp Demon/Voice Lines/CREAMnstr_Imp demon voice up to the challenge_GfxSounds_FantasyGameBundle.wav,778472,1d1f9b3b20052573618777a544ff64bc8efbf54983c302afcf3bb821bccf8dff,Creatures And Monsters,2,48000,24
audio/Creatures And Monsters/Demons/Imp Demon/Voice Lines/CREAMnstr_Imp demon voice yes_GfxSounds_FantasyGameBundle.wav,Fantasy Game Bundle/Creatures And Monsters/Demons/Imp Demon/Voice Lines/CREAMnstr_Imp demon voice yes_GfxSounds_FantasyGameBundle.wav,615104,ee63c1241db399e469206c11eaa807d57c12a4181a2573da9f6b1d4bec8394ab,Creatures And Monsters,2,48000,24
audio/Creatures And Monsters/Demons/Imp Demon/Voice Lines/CREAMnstr_Imp demon voice you are insignificant_GfxSounds_FantasyGameBundle.wav,Fantasy Game Bundle/Creatures And Monsters/Demons/Imp Demon/Voice Lines/CREAMnstr_Imp demon voice you are insignificant_GfxSounds_FantasyGameBundle.wav,1441532,b4e28c4188ca3eeb9fbf40eada145bc35ee6b0d90f8b1d58c846724a875301e5,Creatures And Monsters,2,48000,24
audio/Creatures And Monsters/Demons/Imp Demon/Voice Lines/CREAMnstr_Imp demon voice your existence ends now_GfxSounds_FantasyGameBundle.wav,Fantasy Game Bundle/Creatures And Monsters/Demons/Imp Demon/Voice Lines/CREAMnstr_Imp demon voice your existence ends now_GfxSounds_FantasyGameBundle.wav,1124414,4daee04e4c4df82b521ad7cb021002cadc21a842dfba18fbbf9c1b0da86fa36d,Creatures And Monsters,2,48000,24
audio/Creatures And Monsters/Demons/Imp Demon/Voice Lines/CREAMnstr_Imp demon voice your soul is mine_GfxSounds_FantasyGameBundle.wav,Fantasy Game Bundle/Creatures And Monsters/Demons/Imp Demon/Voice Lines/CREAMnstr_Imp demon voice your soul is mine_GfxSounds_FantasyGameBundle.wav,961052,69d704a20b6fc3669618454d57c83a62f44d61568f5accbbeaef2043aee9f7b3,Creatures And Monsters,2,48000,24
audio/Creatures And Monsters/Dragons/Adult Dragon/Attack Warning and Long Roars/CREADrgn_Distant dragon warning growl 2_GfxSounds_FantasyGameBundle.wav,Fantasy Game Bundle/Creatures And Monsters/Dragons/Adult Dragon/Attack Warning and Long Roars/CREADrgn_Distant dragon warning growl 2_GfxSounds_FantasyGameBundle.wav,788080,42c2461c8f589e0cf8971ab10ebc011fa817a40c722bb5a925230a5ae8287ab6,Creatures And Monsters,2,48000,16
audio/Creatures And Monsters/Dragons/Adult Dragon/Attack Warning and Long Roars/CREADrgn_Distant dragon warning growl 3_GfxSounds_FantasyGameBundle.wav,Fantasy Game Bundle/Creatures And Monsters/Dragons/Adult Dragon/Attack Warning and Long Roars/CREADrgn_Distant dragon warning growl 3_GfxSounds_FantasyGameBundle.wav,922620,fc7f1d5fbda0e38b1233d5027850fc21d19b0df9ef32588a88c8e3525b974d2d,Creatures And Monsters,2,48000,16
audio/Creatures And Monsters/Dragons/Adult Dragon/Attack Warning and Long Roars/CREADrgn_Distant dragon warning growl 4_GfxSounds_FantasyGameBundle.wav,Fantasy Game Bundle/Creatures And Monsters/Dragons/Adult Dragon/Attack Warning and Long Roars/CREADrgn_Distant dragon warning growl 4_GfxSounds_FantasyGameBundle.wav,768864,57636a9522774074b45d2e1e236fcc101737451b237d33d42dc263ad2e532bfb,Creatures And Monsters,2,48000,16
audio/Creatures And Monsters/Dragons/Adult Dragon/Attack Warning and Long Roars/CREADrgn_Distant dragon warning growl_GfxSounds_FantasyGameBundle.wav,Fantasy Game Bundle/Creatures And Monsters/Dragons/Adult Dragon/Attack Warning and Long Roars/CREADrgn_Distant dragon warning growl_GfxSounds_FantasyGameBundle.wav,839328,85e4811dc92369701d3df2a14463c315dea90f6ada808dd74a367234e3f6f2ca,Creatures And Monsters,2,48000,16
audio/Creatures And Monsters/Dragons/Adult Dragon/Attack Warning and Long Roars/CREADrgn_Dragon attack roar 2_GfxSounds_FantasyGameBundle.wav,Fantasy Game Bundle/Creatures And Monsters/Dragons/Adult Dragon/Attack Warning and Long Roars/CREADrgn_Dragon attack roar 2_GfxSounds_FantasyGameBundle.wav,679168,a3f694d227b5f5cf4dbcd6ef24941aa6f90b3aab4923a908e581cc98522e48d9,Creatures And Monsters,2,48000,16
audio/Creatures And Monsters/Dragons/Adult Dragon/Attack Warning and Long Roars/CREADrgn_Dragon attack roar 3_GfxSounds_FantasyGameBundle.wav,Fantasy Game Bundle/Creatures And Monsters/Dragons/Adult Dragon/Attack Warning and Long Roars/CREADrgn_Dragon attack roar 3_GfxSounds_FantasyGameBundle.wav,756048,bb9ecf8489145ef323ea4730fb3af84661c7721d2aa3304d561b1f932bfec87a,Creatures And Monsters,2,48000,16
audio/Creatures And Monsters/Dragons/Adult Dragon/Attack Warning and Long Roars/CREADrgn_Dragon attack roar 4_GfxSounds_FantasyGameBundle.wav,Fantasy Game Bundle/Creatures And Monsters/Dragons/Adult Dragon/Attack Warning and Long Roars/CREADrgn_Dragon attack roar 4_GfxSounds_FantasyGameBundle.wav,871360,0ac06124bdc93471287a022855e8b262b2cbc1253027d41e3e47f86f3b1fe057,Creatures And Monsters,2,48000,16
audio/Creatures And Monsters/Dragons/Adult Dragon/Attack Warning and Long Roars/CREADrgn_Dragon attack roar 5_GfxSounds_FantasyGameBundle.wav,Fantasy Game Bundle/Creatures And Monsters/Dragons/Adult Dragon/Attack Warning and Long Roars/CREADrgn_Dragon attack roar 5_GfxSounds_FantasyGameBundle.wav,864960,d386ff2e9a340d365a5d23d6abc10f781d0d3d1a274d78c989b067e43b6a2830,Creatures And Monsters,2,48000,16
audio/Creatures And Monsters/Dragons/Adult Dragon/Attack Warning and Long Roars/CREADrgn_Dragon attack roar 6_GfxSounds_FantasyGameBundle.wav,Fantasy Game Bundle/Creatures And Monsters/Dragons/Adult Dragon/Attack Warning and Long Roars/CREADrgn_Dragon attack roar 6_GfxSounds_FantasyGameBundle.wav,852148,0b330925a01e5f7a87ca80c15d43e306db27f7e508d7e758e2bae3d61b4350b4,Creatures And Monsters,2,48000,16
audio/Creatures And Monsters/Dragons/Adult Dragon/Attack Warning and Long Roars/CREADrgn_Dragon attack roar_GfxSounds_FantasyGameBundle.wav,Fantasy Game Bundle/Creatures And Monsters/Dragons/Adult Dragon/Attack Warning and Long Roars/CREADrgn_Dragon attack roar_GfxSounds_FantasyGameBundle.wav,1178872,d60f66c91e467597610ef2e53b6dc700da2a3edd58856c4ba0fe70b659afdbab,Creatures And Monsters,2,48000,16
audio/Creatures And Monsters/Dragons/Adult Dragon/Attack Warning and Long Roars/CREADrgn_Dragon long roar 2_GfxSounds_FantasyGameBundle.wav,Fantasy Game Bundle/Creatures And Monsters/Dragons/Adult Dragon/Attack Warning and Long Roars/CREADrgn_Dragon long roar 2_GfxSounds_FantasyGameBundle.wav,781672,b16f317e2aef4ad9bf364276904302022bcdb23e372d262459583813f9e020fd,Creatures And Monsters,2,48000,16
audio/Creatures And Monsters/Dragons/Adult Dragon/Attack Warning and Long Roars/CREADrgn_Dragon long roar 3_GfxSounds_FantasyGameBundle.wav,Fantasy Game Bundle/Creatures And Monsters/Dragons/Adult Dragon/Attack Warning and Long Roars/CREADrgn_Dragon long roar 3_GfxSounds_FantasyGameBundle.wav,743236,7f27b7f86f138e68c6dfb9eb144cd2378f15a570088910ce6648a581fc1edab2,Creatures And Monsters,2,48000,16
audio/Creatures And Monsters/Dragons/Adult Dragon/Attack Warning and Long Roars/CREADrgn_Dragon long roar 4_GfxSounds_FantasyGameBundle.wav,Fantasy Game Bundle/Creatures And Monsters/Dragons/Adult Dragon/Attack Warning and Long Roars/CREADrgn_Dragon long roar 4_GfxSounds_FantasyGameBundle.wav,685576,25bac02e45a5db7b450de4a4086fb1fcf6d7bc3e6f6dcd9d73e6cc27404a99ac,Creatures And Monsters,2,48000,16
audio/Creatures And Monsters/Dragons/Adult Dragon/Attack Warning and Long Roars/CREADrgn_Dragon long roar_GfxSounds_FantasyGameBundle.wav,Fantasy Game Bundle/Creatures And Monsters/Dragons/Adult Dragon/Attack Warning and Long Roars/CREADrgn_Dragon long roar_GfxSounds_FantasyGameBundle.wav,781676,58299fccdde8cb91a43299996fae6e8348ff588e72e731fc44cea2923e51dbe5,Creatures And Monsters,2,48000,16
audio/Creatures And Monsters/Dragons/Adult Dragon/Attack Warning and Long Roars/CREADrgn_Dragon warning roar 2_GfxSounds_FantasyGameBundle.wav,Fantasy Game Bundle/Creatures And Monsters/Dragons/Adult Dragon/Attack Warning and Long Roars/CREADrgn_Dragon warning roar 2_GfxSounds_FantasyGameBundle.wav,608700,4d93e7137c66850fb4d605ac37134de1d991f3fdbf620bceced0095bfbbb582b,Creatures And Monsters,2,48000,16
audio/Creatures And Monsters/Dragons/Adult Dragon/Attack Warning and Long Roars/CREADrgn_Dragon warning roar 3_GfxSounds_FantasyGameBundle.wav,Fantasy Game Bundle/Creatures And Monsters/Dragons/Adult Dragon/Attack Warning and Long Roars/CREADrgn_Dragon warning roar 3_GfxSounds_FantasyGameBundle.wav,557448,47c4ea42295064c77664febdeb60700b0ba7425298903f9e187c581252f6d1c1,Creatures And Monsters,2,48000,16
audio/Creatures And Monsters/Dragons/Adult Dragon/Attack Warning and Long Roars/CREADrgn_Dragon warning roar 4_GfxSounds_FantasyGameBundle.wav,Fantasy Game Bundle/Creatures And Monsters/Dragons/Adult Dragon/Attack Warning and Long Roars/CREADrgn_Dragon warning roar 4_GfxSounds_FantasyGameBundle.wav,749640,7c0eaaa4645014c41c7a0aaa724a4cad8c92b3a7482ae8a5d6e16a65e329c639,Creatures And Monsters,2,48000,16
audio/Creatures And Monsters/Dragons/Adult Dragon/Attack Warning and Long Roars/CREADrgn_Dragon warning roar 5_GfxSounds_FantasyGameBundle.wav,Fantasy Game Bundle/Creatures And Monsters/Dragons/Adult Dragon/Attack Warning and Long Roars/CREADrgn_Dragon warning roar 5_GfxSounds_FantasyGameBundle.wav,525416,1737047aad0cf7991b26dce63b2f1c3972700c341ec7b1dbe83e4f2c1ec5bdc0,Creatures And Monsters,2,48000,16
audio/Creatures And Monsters/Dragons/Adult Dragon/Attack Warning and Long Roars/CREADrgn_Dragon warning roar 6_GfxSounds_FantasyGameBundle.wav,Fantasy Game Bundle/Creatures And Monsters/Dragons/Adult Dragon/Attack Warning and Long Roars/CREADrgn_Dragon warning roar 6_GfxSounds_FantasyGameBundle.wav,512604,32c0bd563a856f358a5b80d5bb89c058fe190d29d494a8762ecaca9b90a9c034,Creatures And Monsters,2,48000,16
audio/Creatures And Monsters/Dragons/Adult Dragon/Attack Warning and Long Roars/CREADrgn_Dragon warning roar 7_GfxSounds_FantasyGameBundle.wav,Fantasy Game Bundle/Creatures And Monsters/Dragons/Adult Dragon/Attack Warning and Long Roars/CREADrgn_Dragon warning roar 7_GfxSounds_FantasyGameBundle.wav,621512,b49049c0182b0e50eae829a36cc693f99f7ffefd7331018f4ace3adaf80342bd,Creatures And Monsters,2,48000,16
audio/Creatures And Monsters/Dragons/Adult Dragon/Attack Warning and Long Roars/CREADrgn_Dragon warning roar 8_GfxSounds_FantasyGameBundle.wav,Fantasy Game Bundle/Creatures And Monsters/Dragons/Adult Dragon/Attack Warning and Long Roars/CREADrgn_Dragon warning roar 8_GfxSounds_FantasyGameBundle.wav,531824,519ada30fa3ce2aeec94ee0da05ffef44910518ef02be60f797329e6f5d325c7,Creatures And Monsters,2,48000,16
audio/Creatures And Monsters/Dragons/Adult Dragon/Attack Warning and Long Roars/CREADrgn_Dragon warning roar 9_GfxSounds_FantasyGameBundle.wav,Fantasy Game Bundle/Creatures And Monsters/Dragons/Adult Dragon/Attack Warning and Long Roars/CREADrgn_Dragon warning roar 9_GfxSounds_FantasyGameBundle.wav,525416,5cc47b9db6d30958db70f1289682803d28ed330b386edd777a3c47f49102a862,Creatures And Monsters,2,48000,16
audio/Creatures And Monsters/Dragons/Adult Dragon/Attack Warning and Long Roars/CREADrgn_Dragon warning roar_GfxSounds_FantasyGameBundle.wav,Fantasy Game Bundle/Creatures And Monsters/Dragons/Adult Dragon/Attack Warning and Long Roars/CREADrgn_Dragon warning roar_GfxSounds_FantasyGameBundle.wav,852144,1673524698b00a113b578e0725e57db21f4d709b196841033364410a5c473d66,Creatures And Monsters,2,48000,16
audio/Creatures And Monsters/Dragons/Adult Dragon/Body Attacks and Feeding/CREADrgn_Dragon flesh eating 10_GfxSounds_FantasyGameBundle.wav,Fantasy Game Bundle/Creatures And Monsters/Dragons/Adult Dragon/Body Attacks and Feeding/CREADrgn_Dragon flesh eating 10_GfxSounds_FantasyGameBundle.wav,884176,b8d3b09a89ff407195a24608c2f9b12d9cdb511e32ffafbf5c97f5360e5e00bd,Creatures And Monsters,2,48000,16
audio/Creatures And Monsters/Dragons/Adult Dragon/Body Attacks and Feeding/CREADrgn_Dragon flesh eating 11_GfxSounds_FantasyGameBundle.wav,Fantasy Game Bundle/Creatures And Monsters/Dragons/Adult Dragon/Body Attacks and Feeding/CREADrgn_Dragon flesh eating 11_GfxSounds_FantasyGameBundle.wav,993084,687ebb5495222e9b36cd834b69a983663a3f5c2383194ef112170923b7bb8845,Creatures And Monsters,2,48000,16
audio/Creatures And Monsters/Dragons/Adult Dragon/Body Attacks and Feeding/CREADrgn_Dragon flesh eating 12_GfxSounds_FantasyGameBundle.wav,Fantasy Game Bundle/Creatures And Monsters/Dragons/Adult Dragon/Body Attacks and Feeding/CREADrgn_Dragon flesh eating 12_GfxSounds_FantasyGameBundle.wav,993084,585b03e52e260b9c7efd940ac9d4eeb15baff7d80d03deb4a03277b566b55c33,Creatures And Monsters,2,48000,16
audio/Creatures And Monsters/Dragons/Adult Dragon/Body Attacks and Feeding/CREADrgn_Dragon flesh eating 2_GfxSounds_FantasyGameBundle.wav,Fantasy Game Bundle/Creatures And Monsters/Dragons/Adult Dragon/Body Attacks and Feeding/CREADrgn_Dragon flesh eating 2_GfxSounds_FantasyGameBundle.wav,1178872,ba00e1a9f1f5b627d32f826c64d51a7802b40a7642a75e6d292c01b5fa4a8581,Creatures And Monsters,2,48000,16
audio/Creatures And Monsters/Dragons/Adult Dragon/Body Attacks and Feeding/CREADrgn_Dragon flesh eating 3_GfxSounds_FantasyGameBundle.wav,Fantasy Game Bundle/Creatures And Monsters/Dragons/Adult Dragon/Body Attacks and Feeding/CREADrgn_Dragon flesh eating 3_GfxSounds_FantasyGameBundle.wav,1415908,2b10da4637d33023e35d1307387b9b0e5b4ff511fdd08f2c1a18f15bd7072a70,Creatures And Monsters,2,48000,16
audio/Creatures And Monsters/Dragons/Adult Dragon/Body Attacks and Feeding/CREADrgn_Dragon flesh eating 4_GfxSounds_FantasyGameBundle.wav,Fantasy Game Bundle/Creatures And Monsters/Dragons/Adult Dragon/Body Attacks and Feeding/CREADrgn_Dragon flesh eating 4_GfxSounds_FantasyGameBundle.wav,2825316,a8b01fe352b3db3c1f7a4e04a8c7af4aae7ab028a6dfebd3b5e7674d500a704d,Creatures And Monsters,2,48000,16
audio/Creatures And Monsters/Dragons/Adult Dragon/Body Attacks and Feeding/CREADrgn_Dragon flesh eating 5_GfxSounds_FantasyGameBundle.wav,Fantasy Game Bundle/Creatures And Monsters/Dragons/Adult Dragon/Body Attacks and Feeding/CREADrgn_Dragon flesh eating 5_GfxSounds_FantasyGameBundle.wav,724012,78305fddf8a8e400c302a1609a17d719865acc32f826d25ad221807cd97a5757,Creatures And Monsters,2,48000,16
audio/Creatures And Monsters/Dragons/Adult Dragon/Body Attacks and Feeding/CREADrgn_Dragon flesh eating 6_GfxSounds_FantasyGameBundle.wav,Fantasy Game Bundle/Creatures And Monsters/Dragons/Adult Dragon/Body Attacks and Feeding/CREADrgn_Dragon flesh eating 6_GfxSounds_FantasyGameBundle.wav,948240,712d49d651f600c189396249e1965d765f965311b586dc1a5fdffaab18d3aadc,Creatures And Monsters,2,48000,16
audio/Creatures And Monsters/Dragons/Adult Dragon/Body Attacks and Feeding/CREADrgn_Dragon flesh eating 7_GfxSounds_FantasyGameBundle.wav,Fantasy Game Bundle/Creatures And Monsters/Dragons/Adult Dragon/Body Attacks and Feeding/CREADrgn_Dragon flesh eating 7_GfxSounds_FantasyGameBundle.wav,608700,e75ab3702f9901e9a76022f9d0adf5d25319475d095e5155076629289ccc1ac2,Creatures And Monsters,2,48000,16
audio/Creatures And Monsters/Dragons/Adult Dragon/Body Attacks and Feeding/CREADrgn_Dragon flesh eating 8_GfxSounds_FantasyGameBundle.wav,Fantasy Game Bundle/Creatures And Monsters/Dragons/Adult Dragon/Body Attacks and Feeding/CREADrgn_Dragon flesh eating 8_GfxSounds_FantasyGameBundle.wav,826516,e00691dab24cb13b0d7fd20295900ee04d80502ebd61ea499afa5a46dc2875ac,Creatures And Monsters,2,48000,16
audio/Creatures And Monsters/Dragons/Adult Dragon/Body Attacks and Feeding/CREADrgn_Dragon flesh eating 9_GfxSounds_FantasyGameBundle.wav,Fantasy Game Bundle/Creatures And Monsters/Dragons/Adult Dragon/Body Attacks and Feeding/CREADrgn_Dragon flesh eating 9_GfxSounds_FantasyGameBundle.wav,1063556,3ef49a271ad963406a095f307c7233aecc823b571f36dcb5d6420435063d6eaf,Creatures And Monsters,2,48000,16
audio/Creatures And Monsters/Dragons/Adult Dragon/Body Attacks and Feeding/CREADrgn_Dragon flesh eating_GfxSounds_FantasyGameBundle.wav,Fantasy Game Bundle/Creatures And Monsters/Dragons/Adult Dragon/Body Attacks and Feeding/CREADrgn_Dragon flesh eating_GfxSounds_FantasyGameBundle.wav,948240,f1622fdd982a5ea370883c408f4f371d5bb0256299b8bc64b8f63721445a32c5,Creatures And Monsters,2,48000,16
audio/Creatures And Monsters/Dragons/Adult Dragon/Body Attacks and Feeding/CREADrgn_Dragon tail swipe 10_GfxSounds_FantasyGameBundle.wav,Fantasy Game Bundle/Creatures And Monsters/Dragons/Adult Dragon/Body Attacks and Feeding/CREADrgn_Dragon tail swipe 10_GfxSounds_FantasyGameBundle.wav,563856,75ae1c7d01606f284d78acc3b0c361779dae1ccd8dc77eda40d84573e21aa0bc,Creatures And Monsters,2,48000,16
audio/Creatures And Monsters/Dragons/Adult Dragon/Body Attacks and Feeding/CREADrgn_Dragon tail swipe 2_GfxSounds_FantasyGameBundle.wav,Fantasy Game Bundle/Creatures And Monsters/Dragons/Adult Dragon/Body Attacks and Feeding/CREADrgn_Dragon tail swipe 2_GfxSounds_FantasyGameBundle.wav,198692,03f3f723e142fe19333a67908a5c52d4947bbf709ad8403411b32978ef1945de,Creatures And Monsters,2,48000,16
audio/Creatures And Monsters/Dragons/Adult Dragon/Body Attacks and Feeding/CREADrgn_Dragon tail swipe 3_GfxSounds_FantasyGameBundle.wav,Fantasy Game Bundle/Creatures And Monsters/Dragons/Adult Dragon/Body Attacks and Feeding/CREADrgn_Dragon tail swipe 3_GfxSounds_FantasyGameBundle.wav,301192,73ef05ae5705086172a21b027e23e1356e04f2e1a3b5e0c20b5538ac8e105fad,Creatures And Monsters,2,48000,16
audio/Creatures And Monsters/Dragons/Adult Dragon/Body Attacks and Feeding/CREADrgn_Dragon tail swipe 4_GfxSounds_FantasyGameBundle.wav,Fantasy Game Bundle/Creatures And Monsters/Dragons/Adult Dragon/Body Attacks and Feeding/CREADrgn_Dragon tail swipe 4_GfxSounds_FantasyGameBundle.wav,480576,7620fde7f5866d01fab2ff4854deaa2437aa1692d1beff2e6f25a81db9e31df8,Creatures And Monsters,2,48000,16
audio/Creatures And Monsters/Dragons/Adult Dragon/Body Attacks and Feeding/CREADrgn_Dragon tail swipe 5_GfxSounds_FantasyGameBundle.wav,Fantasy Game Bundle/Creatures And Monsters/Dragons/Adult Dragon/Body Attacks and Feeding/CREADrgn_Dragon tail swipe 5_GfxSounds_FantasyGameBundle.wav,281980,ac7f19cf48db83ec32246b9e3e59cbe3d0907de504eee7eaebcdf39acee05677,Creatures And Monsters,2,48000,16
audio/Creatures And Monsters/Dragons/Adult Dragon/Body Attacks and Feeding/CREADrgn_Dragon tail swipe 6_GfxSounds_FantasyGameBundle.wav,Fantasy Game Bundle/Creatures And Monsters/Dragons/Adult Dragon/Body Attacks and Feeding/CREADrgn_Dragon tail swipe 6_GfxSounds_FantasyGameBundle.wav,326816,a1ed90cf2936c33a5d4f9585ab7e38222a1ce939769eef16f7aec1d5b956ef95,Creatures And Monsters,2,48000,16
audio/Creatures And Monsters/Dragons/Adult Dragon/Body Attacks and Feeding/CREADrgn_Dragon tail swipe 7_GfxSounds_FantasyGameBundle.wav,Fantasy Game Bundle/Creatures And Monsters/Dragons/Adult Dragon/Body Attacks and Feeding/CREADrgn_Dragon tail swipe 7_GfxSounds_FantasyGameBundle.wav,230724,37f67d88318f15bed649d79bbc75590b6801143017c0f5caad785194981995c6,Creatures And Monsters,2,48000,16
audio/Creatures And Monsters/Dragons/Adult Dragon/Body Attacks and Feeding/CREADrgn_Dragon tail swipe 8_GfxSounds_FantasyGameBundle.wav,Fantasy Game Bundle/Creatures And Monsters/Dragons/Adult Dragon/Body Attacks and Feeding/CREADrgn_Dragon tail swipe 8_GfxSounds_FantasyGameBundle.wav,422916,93ae31f36715dcf7d71810030cfe1d90e320bf6ce6b93894b493fb65a7bfd369,Creatures And Monsters,2,48000,16
audio/Creatures And Monsters/Dragons/Adult Dragon/Body Attacks and Feeding/CREADrgn_Dragon tail swipe 9_GfxSounds_FantasyGameBundle.wav,Fantasy Game Bundle/Creatures And Monsters/Dragons/Adult Dragon/Body Attacks and Feeding/CREADrgn_Dragon tail swipe 9_GfxSounds_FantasyGameBundle.wav,211504,be8b1453422ca929995ce86f5e48b74140b5f940613c67daaae50505ff43b9e4,Creatures And Monsters,2,48000,16
audio/Creatures And Monsters/Dragons/Adult Dragon/Body Attacks and Feeding/CREADrgn_Dragon tail swipe_GfxSounds_FantasyGameBundle.wav,Fantasy Game Bundle/Creatures And Monsters/Dragons/Adult Dragon/Body Attacks and Feeding/CREADrgn_Dragon tail swipe_GfxSounds_FantasyGameBundle.wav,256352,e17b651d2fa561c6c4e37eeb597b29e4817caef3def26045ef1a097166c837a5,Creatures And Monsters,2,48000,16
audio/Creatures And Monsters/Dragons/Adult Dragon/Fire Breath and Flames/CREADrgn_Dragon fireball breath 2_GfxSounds_FantasyGameBundle.wav,Fantasy Game Bundle/Creatures And Monsters/Dragons/Adult Dragon/Fire Breath and Flames/CREADrgn_Dragon fireball breath 2_GfxSounds_FantasyGameBundle.wav,570260,6603ffe75bd18e6cc113896c7c1e2acbe94b8cb53fa0f44104f8d4e7b5e6a4be,Creatures And Monsters,2,48000,16
audio/Creatures And Monsters/Dragons/Adult Dragon/Fire Breath and Flames/CREADrgn_Dragon fireball breath 3_GfxSounds_FantasyGameBundle.wav,Fantasy Game Bundle/Creatures And Monsters/Dragons/Adult Dragon/Fire Breath and Flames/CREADrgn_Dragon fireball breath 3_GfxSounds_FantasyGameBundle.wav,499788,d55a52958ee20510f866d252922d4d0e851178b824800b685fb0128485e6da72,Creatures And Monsters,2,48000,16
audio/Creatures And Monsters/Dragons/Adult Dragon/Fire Breath and Flames/CREADrgn_Dragon fireball breath 4_GfxSounds_FantasyGameBundle.wav,Fantasy Game Bundle/Creatures And Monsters/Dragons/Adult Dragon/Fire Breath and Flames/CREADrgn_Dragon fireball breath 4_GfxSounds_FantasyGameBundle.wav,525420,d7921fdee51709a21ccb06f73d9554280bed932eae9d4403ddf19193730f326f,Creatures And Monsters,2,48000,16
audio/Creatures And Monsters/Dragons/Adult Dragon/Fire Breath and Flames/CREADrgn_Dragon fireball breath 5_GfxSounds_FantasyGameBundle.wav,Fantasy Game Bundle/Creatures And Monsters/Dragons/Adult Dragon/Fire Breath and Flames/CREADrgn_Dragon fireball breath 5_GfxSounds_FantasyGameBundle.wav,820112,98f5503d8d71ff8725b43c4b987130393c649cd1b9fc5cee2fac61eb860b88b0,Creatures And Monsters,2,48000,16
audio/Creatures And Monsters/Dragons/Adult Dragon/Fire Breath and Flames/CREADrgn_Dragon fireball breath 6_GfxSounds_FantasyGameBundle.wav,Fantasy Game Bundle/Creatures And Monsters/Dragons/Adult Dragon/Fire Breath and Flames/CREADrgn_Dragon fireball breath 6_GfxSounds_FantasyGameBundle.wav,672764,320a488dd1ec6f8fdb5d5bb9bea975f64f7fd35912224bb96b60308f95af80ab,Creatures And Monsters,2,48000,16
audio/Creatures And Monsters/Dragons/Adult Dragon/Fire Breath and Flames/CREADrgn_Dragon fireball breath 7_GfxSounds_FantasyGameBundle.wav,Fantasy Game Bundle/Creatures And Monsters/Dragons/Adult Dragon/Fire Breath and Flames/CREADrgn_Dragon fireball breath 7_GfxSounds_FantasyGameBundle.wav,384480,85b5f65d407d17eaa956245ce83d3a5ff784657f17f893963209e2075b1dbf23,Creatures And Monsters,2,48000,16
audio/Creatures And Monsters/Dragons/Adult Dragon/Fire Breath and Flames/CREADrgn_Dragon fireball breath_GfxSounds_FantasyGameBundle.wav,Fantasy Game Bundle/Creatures And Monsters/Dragons/Adult Dragon/Fire Breath and Flames/CREADrgn_Dragon fireball breath_GfxSounds_FantasyGameBundle.wav,551048,72d3d3ea5ff965742543c9b9e501d0e831e61f7786647a991eed51edc9dee627,Creatures And Monsters,2,48000,16
audio/Creatures And Monsters/Dragons/Adult Dragon/Fire Breath and Flames/CREADrgn_Dragon flame burst 2_GfxSounds_FantasyGameBundle.wav,Fantasy Game Bundle/Creatures And Monsters/Dragons/Adult Dragon/Fire Breath and Flames/CREADrgn_Dragon flame burst 2_GfxSounds_FantasyGameBundle.wav,788076,506e52e2c8ea5d93f10eb70c0d41c9bd9456cd7fac76ec5a963de262ee7040b8,Creatures And Monsters,2,48000,16
audio/Creatures And Monsters/Dragons/Adult Dragon/Fire Breath and Flames/CREADrgn_Dragon flame burst 3_GfxSounds_FantasyGameBundle.wav,Fantasy Game Bundle/Creatures And Monsters/Dragons/Adult Dragon/Fire Breath and Flames/CREADrgn_Dragon flame burst 3_GfxSounds_FantasyGameBundle.wav,1018712,5e4d0ad53407059c6eea0da8be8b165a790a0d44562442fb3ffdd144895c8b17,Creatures And Monsters,2,48000,16
audio/Creatures And Monsters/Dragons/Adult Dragon/Fire Breath and Flames/CREADrgn_Dragon flame burst 4_GfxSounds_FantasyGameBundle.wav,Fantasy Game Bundle/Creatures And Monsters/Dragons/Adult Dragon/Fire Breath and Flames/CREADrgn_Dragon flame burst 4_GfxSounds_FantasyGameBundle.wav,832924,eda80e1556d053bd598c57d4b152247f701da0cdca10f89b8624686d5b0c0172,Creatures And Monsters,2,48000,16
audio/Creatures And Monsters/Dragons/Adult Dragon/Fire Breath and Flames/CREADrgn_Dragon flame burst 5_GfxSounds_FantasyGameBundle.wav,Fantasy Game Bundle/Creatures And Monsters/Dragons/Adult Dragon/Fire Breath and Flames/CREADrgn_Dragon flame burst 5_GfxSounds_FantasyGameBundle.wav,1223716,7dc660c974a9ce63424719d69c48b29f02a656907ab93cfa3e6e5e1681051094,Creatures And Monsters,2,48000,16
audio/Creatures And Monsters/Dragons/Adult Dragon/Fire Breath and Flames/CREADrgn_Dragon flame burst 6_GfxSounds_FantasyGameBundle.wav,Fantasy Game Bundle/Creatures And Monsters/Dragons/Adult Dragon/Fire Breath and Flames/CREADrgn_Dragon flame burst 6_GfxSounds_FantasyGameBundle.wav,1332620,be721d9b8cfc438cd713ee95a29516f53c78a05d8dc81248d33e7ad0e19c49cb,Creatures And Monsters,2,48000,16
audio/Creatures And Monsters/Dragons/Adult Dragon/Fire Breath and Flames/CREADrgn_Dragon flame burst 7_GfxSounds_FantasyGameBundle.wav,Fantasy Game Bundle/Creatures And Monsters/Dragons/Adult Dragon/Fire Breath and Flames/CREADrgn_Dragon flame burst 7_GfxSounds_FantasyGameBundle.wav,813704,b93bd669bf1cd76dd6fbd3077ed9b18c03bfa9e918a75ba591601ab58ce92af1,Creatures And Monsters,2,48000,16
audio/Creatures And Monsters/Dragons/Adult Dragon/Fire Breath and Flames/CREADrgn_Dragon flame burst 8_GfxSounds_FantasyGameBundle.wav,Fantasy Game Bundle/Creatures And Monsters/Dragons/Adult Dragon/Fire Breath and Flames/CREADrgn_Dragon flame burst 8_GfxSounds_FantasyGameBundle.wav,1037928,9066e653fbb80d8b69bd856ae986876196299f49a692ed60741cd2a85b9bfbba,Creatures And Monsters,2,48000,16
audio/Creatures And Monsters/Dragons/Adult Dragon/Fire Breath and Flames/CREADrgn_Dragon flame burst_GfxSounds_FantasyGameBundle.wav,Fantasy Game Bundle/Creatures And Monsters/Dragons/Adult Dragon/Fire Breath and Flames/CREADrgn_Dragon flame burst_GfxSounds_FantasyGameBundle.wav,1242932,883abce76aec5cfd36821096d1c1752de25fcdc4dc0bdb91b8cae40fe77a54f4,Creatures And Monsters,2,48000,16
audio/Creatures And Monsters/Dragons/Adult Dragon/Footstep Loops/CREADrgn_Dragon ground shaking footsteps loop 2_GfxSounds_FantasyGameBundle.wav,Fantasy Game Bundle/Creatures And Monsters/Dragons/Adult Dragon/Footstep Loops/CREADrgn_Dragon ground shaking footsteps loop 2_GfxSounds_FantasyGameBundle.wav,1614504,e540061246a478941d786c09ec1ef155137683eb15c4e8d54c67c48f509eaa81,Creatures And Monsters,2,48000,16
audio/Creatures And Monsters/Dragons/Adult Dragon/Footstep Loops/CREADrgn_Dragon ground shaking footsteps loop 3_GfxSounds_FantasyGameBundle.wav,Fantasy Game Bundle/Creatures And Monsters/Dragons/Adult Dragon/Footstep Loops/CREADrgn_Dragon ground shaking footsteps loop 3_GfxSounds_FantasyGameBundle.wav,1473564,81c13e7959d605b854b49916e6f308b8482fb69e7dc9f9bdc68f8b6eae5a29a2,Creatures And Monsters,2,48000,16
audio/Creatures And Monsters/Dragons/Adult Dragon/Footstep Loops/CREADrgn_Dragon ground shaking footsteps loop 4_GfxSounds_FantasyGameBundle.wav,Fantasy Game Bundle/Creatures And Monsters/Dragons/Adult Dragon/Footstep Loops/CREADrgn_Dragon ground shaking footsteps loop 4_GfxSounds_FantasyGameBundle.wav,1601696,107154da80860e5ed5667149c87abc3ecf37f04dbbe07fe01802c4bc63077303,Creatures And Monsters,2,48000,16
audio/Creatures And Monsters/Dragons/Adult Dragon/Footstep Loops/CREADrgn_Dragon ground shaking footsteps loop 5_GfxSounds_FantasyGameBundle.wav,Fantasy Game Bundle/Creatures And Monsters/Dragons/Adult Dragon/Footstep Loops/CREADrgn_Dragon ground shaking footsteps loop 5_GfxSounds_FantasyGameBundle.wav,948240,701f445a88534ac6470aaf8115300c271c28373fa919b2e5d443b28d5e5ba8c8,Creatures And Monsters,2,48000,16
audio/Creatures And Monsters/Dragons/Adult Dragon/Footstep Loops/CREADrgn_Dragon ground shaking footsteps loop 6_GfxSounds_FantasyGameBundle.wav,Fantasy Game Bundle/Creatures And Monsters/Dragons/Adult Dragon/Footstep Loops/CREADrgn_Dragon ground shaking footsteps loop 6_GfxSounds_FantasyGameBundle.wav,858548,d448b1e089e44769eb41e5cf9ff0701840c48750e6b128aa8fdb68bca02bf9d3,Creatures And Monsters,2,48000,16
audio/Creatures And Monsters/Dragons/Adult Dragon/Footstep Loops/CREADrgn_Dragon ground shaking footsteps loop 7_GfxSounds_FantasyGameBundle.wav,Fantasy Game Bundle/Creatures And Monsters/Dragons/Adult Dragon/Footstep Loops/CREADrgn_Dragon ground shaking footsteps loop 7_GfxSounds_FantasyGameBundle.wav,909800,1177aa0ffadfcb7e0db9131541754760a99673d473183a0fc40604e4676ddac1,Creatures And Monsters,2,48000,16
audio/Creatures And Monsters/Dragons/Adult Dragon/Footstep Loops/CREADrgn_Dragon ground shaking footsteps loop 8_GfxSounds_FantasyGameBundle.wav,Fantasy Game Bundle/Creatures And Monsters/Dragons/Adult Dragon/Footstep Loops/CREADrgn_Dragon ground shaking footsteps loop 8_GfxSounds_FantasyGameBundle.wav,1146840,0fdade45f2792256f65c77d08203296ec2a7d5621047a8579fa6bdafc80c021a,Creatures And Monsters,2,48000,16
audio/Creatures And Monsters/Dragons/Adult Dragon/Footstep Loops/CREADrgn_Dragon ground shaking footsteps loop 9_GfxSounds_FantasyGameBundle.wav,Fantasy Game Bundle/Creatures And Monsters/Dragons/Adult Dragon/Footstep Loops/CREADrgn_Dragon ground shaking footsteps loop 9_GfxSounds_FantasyGameBundle.wav,1140428,b72954fd449d0307fdc13c09f010c019f32c3e76ea3fc4aae7fd5a4f289fa8c2,Creatures And Monsters,2,48000,16
audio/Creatures And Monsters/Dragons/Adult Dragon/Footstep Loops/CREADrgn_Dragon ground shaking footsteps loop_GfxSounds_FantasyGameBundle.wav,Fantasy Game Bundle/Creatures And Monsters/Dragons/Adult Dragon/Footstep Loops/CREADrgn_Dragon ground shaking footsteps loop_GfxSounds_FantasyGameBundle.wav,2991884,2cab6a9d44e2021a1a258716ec86f7a9e4329453890e35785686614ad55801d6,Creatures And Monsters,2,48000,16
audio/Creatures And Monsters/Dragons/Adult Dragon/Footstep Loops/CREADrgn_Dragon heavy steps loop 2_GfxSounds_FantasyGameBundle.wav,Fantasy Game Bundle/Creatures And Monsters/Dragons/Adult Dragon/Footstep Loops/CREADrgn_Dragon heavy steps loop 2_GfxSounds_FantasyGameBundle.wav,5288810,c0fc14cab3bc9e33f754b0b06875b3903df28fd8f0498218c8f605e908a5b4fd,Creatures And Monsters,2,48000,24
audio/Creatures And Monsters/Dragons/Adult Dragon/Footstep Loops/CREADrgn_Dragon heavy steps loop 3_GfxSounds_FantasyGameBundle.wav,Fantasy Game Bundle/Creatures And Monsters/Dragons/Adult Dragon/Footstep Loops/CREADrgn_Dragon heavy steps loop 3_GfxSounds_FantasyGameBundle.wav,3268664,66370e81c076b6bb32f6873e67844816fb844ba23c702caa987371089c92e2c7,Creatures And Monsters,2,48000,24
audio/Creatures And Monsters/Dragons/Adult Dragon/Footstep Loops/CREADrgn_Dragon heavy steps loop 4_GfxSounds_FantasyGameBundle.wav,Fantasy Game Bundle/Creatures And Monsters/Dragons/Adult Dragon/Footstep Loops/CREADrgn_Dragon heavy steps loop 4_GfxSounds_FantasyGameBundle.wav,3444656,2775fec922b278ca88fe8e8aa95165f236112fb82512de374cfeaa0271ee226c,Creatures And Monsters,2,48000,24
audio/Creatures And Monsters/Dragons/Adult Dragon/Footstep Loops/CREADrgn_Dragon heavy steps loop 5_GfxSounds_FantasyGameBundle.wav,Fantasy Game Bundle/Creatures And Monsters/Dragons/Adult Dragon/Footstep Loops/CREADrgn_Dragon heavy steps loop 5_GfxSounds_FantasyGameBundle.wav,4557782,40c83477023140cfb209f2ffe3e4d5b1849c2be2bcce6e40d73c5351d9f537c6,Creatures And Monsters,2,48000,24
audio/Creatures And Monsters/Dragons/Adult Dragon/Footstep Loops/CREADrgn_Dragon heavy steps loop 6_GfxSounds_FantasyGameBundle.wav,Fantasy Game Bundle/Creatures And Monsters/Dragons/Adult Dragon/Footstep Loops/CREADrgn_Dragon heavy steps loop 6_GfxSounds_FantasyGameBundle.wav,506196,a99a30218208bbdc93c22a0f81664cf82896aa1139d8ea7fe2ecc979c43d590e,Creatures And Monsters,2,48000,16
audio/Creatures And Monsters/Dragons/Adult Dragon/Footstep Loops/CREADrgn_Dragon heavy steps loop 7_GfxSounds_FantasyGameBundle.wav,Fantasy Game Bundle/Creatures And Monsters/Dragons/Adult Dragon/Footstep Loops/CREADrgn_Dragon heavy steps loop 7_GfxSounds_FantasyGameBundle.wav,1198088,f2f442cb27c9cdc8092d2afd687e5288558e4e3bf77e585b201319ec2e416a3b,Creatures And Monsters,2,48000,16
audio/Creatures And Monsters/Dragons/Adult Dragon/Footstep Loops/CREADrgn_Dragon heavy steps loop_GfxSounds_FantasyGameBundle.wav,Fantasy Game Bundle/Creatures And Monsters/Dragons/Adult Dragon/Footstep Loops/CREADrgn_Dragon heavy steps loop_GfxSounds_FantasyGameBundle.wav,3329738,528d4ca751499d4d341de64a3c7d3605787e3f14d2cd0a47eecdae97d777b62a,Creatures And Monsters,2,48000,24
audio/Creatures And Monsters/Dragons/Adult Dragon/Growls Snarls and Snorts/CREADrgn_Dragon aggressive snarl 2_GfxSounds_FantasyGameBundle.wav,Fantasy Game Bundle/Creatures And Monsters/Dragons/Adult Dragon/Growls Snarls and Snorts/CREADrgn_Dragon aggressive snarl 2_GfxSounds_FantasyGameBundle.wav,346036,f9ce20c2a1ef8fc2cc99d224db09661ccc9393e529c6f48cd614c25a48b6ef13,Creatures And Monsters,2,48000,16
audio/Creatures And Monsters/Dragons/Adult Dragon/Growls Snarls and Snorts/CREADrgn_Dragon aggressive snarl 3_GfxSounds_FantasyGameBundle.wav,Fantasy Game Bundle/Creatures And Monsters/Dragons/Adult Dragon/Growls Snarls and Snorts/CREADrgn_Dragon aggressive snarl 3_GfxSounds_FantasyGameBundle.wav,269160,e1596dc710d32066344ce1ce9b4347e9ffc139df99d976813e1c3c64dcb7ed6f,Creatures And Monsters,2,48000,16
audio/Creatures And Monsters/Dragons/Adult Dragon/Growls Snarls and Snorts/CREADrgn_Dragon aggressive snarl 4_GfxSounds_FantasyGameBundle.wav,Fantasy Game Bundle/Creatures And Monsters/Dragons/Adult Dragon/Growls Snarls and Snorts/CREADrgn_Dragon aggressive snarl 4_GfxSounds_FantasyGameBundle.wav,506196,42ef101a6f0ab7e2c1002b2b3375dfb0c96826000ab3cbc03d6aae3173b0abf6,Creatures And Monsters,2,48000,16
audio/Creatures And Monsters/Dragons/Adult Dragon/Growls Snarls and Snorts/CREADrgn_Dragon aggressive snarl_GfxSounds_FantasyGameBundle.wav,Fantasy Game Bundle/Creatures And Monsters/Dragons/Adult Dragon/Growls Snarls and Snorts/CREADrgn_Dragon aggressive snarl_GfxSounds_FantasyGameBundle.wav,1050744,35dc8fc35533cea63dbd55325fe6073106179b3c0da89ba31e15e135a749efe0,Creatures And Monsters,2,48000,16
audio/Creatures And Monsters/Dragons/Adult Dragon/Growls Snarls and Snorts/CREADrgn_Dragon heavy sniff 2_GfxSounds_FantasyGameBundle.wav,Fantasy Game Bundle/Creatures And Monsters/Dragons/Adult Dragon/Growls Snarls and Snorts/CREADrgn_Dragon heavy sniff 2_GfxSounds_FantasyGameBundle.wav,961052,28dfa549a5014809b44f28d70af96eff83ef0bf579fec36d07048017e1cd9cab,Creatures And Monsters,2,48000,16
audio/Creatures And Monsters/Dragons/Adult Dragon/Growls Snarls and Snorts/CREADrgn_Dragon heavy sniff 3_GfxSounds_FantasyGameBundle.wav,Fantasy Game Bundle/Creatures And Monsters/Dragons/Adult Dragon/Growls Snarls and Snorts/CREADrgn_Dragon heavy sniff 3_GfxSounds_FantasyGameBundle.wav,416508,60b9be9e82866e742e5c40d1d6602da10f5b77e36f14b61db1b178e925a0d1ee,Creatures And Monsters,2,48000,16
audio/Creatures And Monsters/Dragons/Adult Dragon/Growls Snarls and Snorts/CREADrgn_Dragon heavy sniff 4_GfxSounds_FantasyGameBundle.wav,Fantasy Game Bundle/Creatures And Monsters/Dragons/Adult Dragon/Growls Snarls and Snorts/CREADrgn_Dragon heavy sniff 4_GfxSounds_FantasyGameBundle.wav,762456,65ce2c8d86d2cd273f5cad21d5ba15f7aaf1a4b0cd30fa9fc1982a0ec875d1e0,Creatures And Monsters,2,48000,16
audio/Creatures And Monsters/Dragons/Adult Dragon/Growls Snarls and Snorts/CREADrgn_Dragon heavy sniff 5_GfxSounds_FantasyGameBundle.wav,Fantasy Game Bundle/Creatures And Monsters/Dragons/Adult Dragon/Growls Snarls and Snorts/CREADrgn_Dragon heavy sniff 5_GfxSounds_FantasyGameBundle.wav,903392,1f9abfc62988eb74095da2be6124ac5381fd47aa10e8d6f125a0958051fd90ee,Creatures And Monsters,2,48000,16
audio/Creatures And Monsters/Dragons/Adult Dragon/Growls Snarls and Snorts/CREADrgn_Dragon heavy sniff 6_GfxSounds_FantasyGameBundle.wav,Fantasy Game Bundle/Creatures And Monsters/Dragons/Adult Dragon/Growls Snarls and Snorts/CREADrgn_Dragon heavy sniff 6_GfxSounds_FantasyGameBundle.wav,768860,6ec0a9e51a47def84121e6305f151b1fa91aa95e5582d170dc4d74b3f20119ab,Creatures And Monsters,2,48000,16
audio/Creatures And Monsters/Dragons/Adult Dragon/Growls Snarls and Snorts/CREADrgn_Dragon heavy sniff 7_GfxSounds_FantasyGameBundle.wav,Fantasy Game Bundle/Creatures And Monsters/Dragons/Adult Dragon/Growls Snarls and Snorts/CREADrgn_Dragon heavy sniff 7_GfxSounds_FantasyGameBundle.wav,358848,e92d882f3963316191dacd2620556325b6a7a3e2df40b1a817b141b88d747973,Creatures And Monsters,2,48000,16
audio/Creatures And Monsters/Dragons/Adult Dragon/Growls Snarls and Snorts/CREADrgn_Dragon heavy sniff_GfxSounds_FantasyGameBundle.wav,Fantasy Game Bundle/Creatures And Monsters/Dragons/Adult Dragon/Growls Snarls and Snorts/CREADrgn_Dragon heavy sniff_GfxSounds_FantasyGameBundle.wav,583076,022dedeab644513f8cf85a7dee77151020321ef48f38a6881d2d6a614f8527a4,Creatures And Monsters,2,48000,16
audio/Creatures And Monsters/Dragons/Adult Dragon/Growls Snarls and Snorts/CREADrgn_Dragon short rumble growl 2_GfxSounds_FantasyGameBundle.wav,Fantasy Game Bundle/Creatures And Monsters/Dragons/Adult Dragon/Growls Snarls and Snorts/CREADrgn_Dragon short rumble growl 2_GfxSounds_FantasyGameBundle.wav,429320,5efb58911576a5b913b65db0115a9fef79f1d61b7b647c4f89ad0ec17118529e,Creatures And Monsters,2,48000,16
audio/Creatures And Monsters/Dragons/Adult Dragon/Growls Snarls and Snorts/CREADrgn_Dragon short rumble growl 3_GfxSounds_FantasyGameBundle.wav,Fantasy Game Bundle/Creatures And Monsters/Dragons/Adult Dragon/Growls Snarls and Snorts/CREADrgn_Dragon short rumble growl 3_GfxSounds_FantasyGameBundle.wav,493384,39aa9e83b2360b957f802fb86068f2e332691b807568187024b2acdba11ce22f,Creatures And Monsters,2,48000,16
audio/Creatures And Monsters/Dragons/Adult Dragon/Growls Snarls and Snorts/CREADrgn_Dragon short rumble growl 4_GfxSounds_FantasyGameBundle.wav,Fantasy Game Bundle/Creatures And Monsters/Dragons/Adult Dragon/Growls Snarls and Snorts/CREADrgn_Dragon short rumble growl 4_GfxSounds_FantasyGameBundle.wav,672764,81760ceccb248275f7d8d5de4907c91b2315af7f98d47c63565b1e3e1a32ee7d,Creatures And Monsters,2,48000,16
audio/Creatures And Monsters/Dragons/Adult Dragon/Growls Snarls and Snorts/CREADrgn_Dragon short rumble growl 5_GfxSounds_FantasyGameBundle.wav,Fantasy Game Bundle/Creatures And Monsters/Dragons/Adult Dragon/Growls Snarls and Snorts/CREADrgn_Dragon short rumble growl 5_GfxSounds_FantasyGameBundle.wav,454948,32a0cc149519e3433e56c744f3a8aa1fb9ded23200e36b7ab8d30e6a082b393b,Creatures And Monsters,2,48000,16
audio/Creatures And Monsters/Dragons/Adult Dragon/Growls Snarls and Snorts/CREADrgn_Dragon short rumble growl 6_GfxSounds_FantasyGameBundle.wav,Fantasy Game Bundle/Creatures And Monsters/Dragons/Adult Dragon/Growls Snarls and Snorts/CREADrgn_Dragon short rumble growl 6_GfxSounds_FantasyGameBundle.wav,333224,ee5de694b66def8a6ee83e89fc645129691ac1896d79a62c89a224384306959a,Creatures And Monsters,2,48000,16
audio/Creatures And Monsters/Dragons/Adult Dragon/Growls Snarls and Snorts/CREADrgn_Dragon short rumble growl_GfxSounds_FantasyGameBundle.wav,Fantasy Game Bundle/Creatures And Monsters/Dragons/Adult Dragon/Growls Snarls and Snorts/CREADrgn_Dragon short rumble growl_GfxSounds_FantasyGameBundle.wav,301196,df16ec722c5bb6e6227ddb79390378e186d8cb8646e724c8ca39b158b09a9b13,Creatures And Monsters,2,48000,16
audio/Creatures And Monsters/Dragons/Adult Dragon/Growls Snarls and Snorts/CREADrgn_Dragon snorts 2_GfxSounds_FantasyGameBundle.wav,Fantasy Game Bundle/Creatures And Monsters/Dragons/Adult Dragon/Growls Snarls and Snorts/CREADrgn_Dragon snorts 2_GfxSounds_FantasyGameBundle.wav,1127616,8cdd533f6de4b52753bc01702bb274df3e1d90d2aaaf86644263e4dd509d2c53,Creatures And Monsters,2,48000,16
audio/Creatures And Monsters/Dragons/Adult Dragon/Growls Snarls and Snorts/CREADrgn_Dragon snorts_GfxSounds_FantasyGameBundle.wav,Fantasy Game Bundle/Creatures And Monsters/Dragons/Adult Dragon/Growls Snarls and Snorts/CREADrgn_Dragon snorts_GfxSounds_FantasyGameBundle.wav,608700,1c20035c0dde4459f9760695754a31caaeddb9da2289cf3537eabec2d3db5413,Creatures And Monsters,2,48000,16
audio/Creatures And Monsters/Dragons/Adult Dragon/Idles Breathing and Sleep/CREADrgn_Dragon breathing 2_GfxSounds_FantasyGameBundle.wav,Fantasy Game Bundle/Creatures And Monsters/Dragons/Adult Dragon/Idles Breathing and Sleep/CREADrgn_Dragon breathing 2_GfxSounds_FantasyGameBundle.wav,1127616,b467d8123f41d2facced5900efa2a1a1255c90bbf27298efa8a8ad88e87132e6,Creatures And Monsters,2,48000,16
audio/Creatures And Monsters/Dragons/Adult Dragon/Idles Breathing and Sleep/CREADrgn_Dragon breathing 3_GfxSounds_FantasyGameBundle.wav,Fantasy Game Bundle/Creatures And Monsters/Dragons/Adult Dragon/Idles Breathing and Sleep/CREADrgn_Dragon breathing 3_GfxSounds_FantasyGameBundle.wav,1569660,07d9cb196f70a4197f3bb9333ba1903b22b09f247ceaf35a9f0853f56c3cd55d,Creatures And Monsters,2,48000,16
audio/Creatures And Monsters/Dragons/Adult Dragon/Idles Breathing and Sleep/CREADrgn_Dragon breathing_GfxSounds_FantasyGameBundle.wav,Fantasy Game Bundle/Creatures And Monsters/Dragons/Adult Dragon/Idles Breathing and Sleep/CREADrgn_Dragon breathing_GfxSounds_FantasyGameBundle.wav,980272,e7cf9de7cc689166c17fc51cb29c50593024915fd974100f3eff633525e34e48,Creatures And Monsters,2,48000,16
audio/Creatures And Monsters/Dragons/Adult Dragon/Idles Breathing and Sleep/CREADrgn_Dragon heavy snore 2_GfxSounds_FantasyGameBundle.wav,Fantasy Game Bundle/Creatures And Monsters/Dragons/Adult Dragon/Idles Breathing and Sleep/CREADrgn_Dragon heavy snore 2_GfxSounds_FantasyGameBundle.wav,3087980,8b174290f86815c7fbdf5a8cb7e572c0a1c3260d349ddc4469d1d6df62211b85,Creatures And Monsters,2,48000,16
audio/Creatures And Monsters/Dragons/Adult Dragon/Idles Breathing and Sleep/CREADrgn_Dragon heavy snore 3_GfxSounds_FantasyGameBundle.wav,Fantasy Game Bundle/Creatures And Monsters/Dragons/Adult Dragon/Idles Breathing and Sleep/CREADrgn_Dragon heavy snore 3_GfxSounds_FantasyGameBundle.wav,2690782,73552fbfb7fbc4fee227e01993dad742c2570ee4c5fd91437eb7783e5ec1ef2a,Creatures And Monsters,2,48000,16
audio/Creatures And Monsters/Dragons/Adult Dragon/Idles Breathing and Sleep/CREADrgn_Dragon heavy snore_GfxSounds_FantasyGameBundle.wav,Fantasy Game Bundle/Creatures And Monsters/Dragons/Adult Dragon/Idles Breathing and Sleep/CREADrgn_Dragon heavy snore_GfxSounds_FantasyGameBundle.wav,2991888,06b80825f22eec0686fbb7fee0764bfe7a9bd133b3f7df79c4922c6d06094de5,Creatures And Monsters,2,48000,16
audio/Creatures And Monsters/Dragons/Adult Dragon/Idles Breathing and Sleep/CREADrgn_Dragon single snore 2_GfxSounds_FantasyGameBundle.wav,Fantasy Game Bundle/Creatures And Monsters/Dragons/Adult Dragon/Idles Breathing and Sleep/CREADrgn_Dragon single snore 2_GfxSounds_FantasyGameBundle.wav,595888,e3f7d97b4172b3259ab2e400f0e6d4872b30727716bd34081a514ce283fe6240,Creatures And Monsters,2,48000,16
audio/Creatures And Monsters/Dragons/Adult Dragon/Idles Breathing and Sleep/CREADrgn_Dragon single snore 3_GfxSounds_FantasyGameBundle.wav,Fantasy Game Bundle/Creatures And Monsters/Dragons/Adult Dragon/Idles Breathing and Sleep/CREADrgn_Dragon single snore 3_GfxSounds_FantasyGameBundle.wav,557448,edc80d9ce6dd9bad13a0df7d955515498014161a08df38613b1141f0b0a67cdf,Creatures And Monsters,2,48000,16
audio/Creatures And Monsters/Dragons/Adult Dragon/Idles Breathing and Sleep/CREADrgn_Dragon single snore 4_GfxSounds_FantasyGameBundle.wav,Fantasy Game Bundle/Creatures And Monsters/Dragons/Adult Dragon/Idles Breathing and Sleep/CREADrgn_Dragon single snore 4_GfxSounds_FantasyGameBundle.wav,589480,855a5fa9c2e346e88b91f0f134f7b080655140dbe3d234c9f04a2244ea1135d3,Creatures And Monsters,2,48000,16
audio/Creatures And Monsters/Dragons/Adult Dragon/Idles Breathing and Sleep/CREADrgn_Dragon single snore 5_GfxSounds_FantasyGameBundle.wav,Fantasy Game Bundle/Creatures And Monsters/Dragons/Adult Dragon/Idles Breathing and Sleep/CREADrgn_Dragon single snore 5_GfxSounds_FantasyGameBundle.wav,486980,688ff7d65e8da8f17e9a53fe182c8a0d6742d187d7736d7edd7159c80cb16944,Creatures And Monsters,2,48000,16
audio/Creatures And Monsters/Dragons/Adult Dragon/Idles Breathing and Sleep/CREADrgn_Dragon single snore_GfxSounds_FantasyGameBundle.wav,Fantasy Game Bundle/Creatures And Monsters/Dragons/Adult Dragon/Idles Breathing and Sleep/CREADrgn_Dragon single snore_GfxSounds_FantasyGameBundle.wav,531820,100b80334fc06eefdda3a2c8b83c3d4cd2c97c1f4df72b1cc9d9790601f58a95,Creatures And Monsters,2,48000,16
audio/Creatures And Monsters/Dragons/Adult Dragon/Landings and Ground Impacts/CREADrgn_Dragon close landing impact 2_GfxSounds_FantasyGameBundle.wav,Fantasy Game Bundle/Creatures And Monsters/Dragons/Adult Dragon/Landings and Ground Impacts/CREADrgn_Dragon close landing impact 2_GfxSounds_FantasyGameBundle.wav,583072,3694541997dd0b25eb8c352259b2327a86bf98b7b414cd4ce0dd81eb9806e5b5,Creatures And Monsters,2,48000,16
audio/Creatures And Monsters/Dragons/Adult Dragon/Landings and Ground Impacts/CREADrgn_Dragon close landing impact 3_GfxSounds_FantasyGameBundle.wav,Fantasy Game Bundle/Creatures And Monsters/Dragons/Adult Dragon/Landings and Ground Impacts/CREADrgn_Dragon close landing impact 3_GfxSounds_FantasyGameBundle.wav,583076,3e783b3250f4563655a951b54a2225dc30065113444654d1b61e4dddee69c613,Creatures And Monsters,2,48000,16
audio/Creatures And Monsters/Dragons/Adult Dragon/Landings and Ground Impacts/CREADrgn_Dragon close landing impact_GfxSounds_FantasyGameBundle.wav,Fantasy Game Bundle/Creatures And Monsters/Dragons/Adult Dragon/Landings and Ground Impacts/CREADrgn_Dragon close landing impact_GfxSounds_FantasyGameBundle.wav,422916,5708989143212a56254f057e5cf2c6cf8a0ae51b22f0b55c4455ef40d45ab196,Creatures And Monsters,2,48000,16
audio/Creatures And Monsters/Dragons/Adult Dragon/Landings and Ground Impacts/CREADrgn_Dragon heavy ground impact 2_GfxSounds_FantasyGameBundle.wav,Fantasy Game Bundle/Creatures And Monsters/Dragons/Adult Dragon/Landings and Ground Impacts/CREADrgn_Dragon heavy ground impact 2_GfxSounds_FantasyGameBundle.wav,294788,06893e6b8ae3ab9490a03de9508f7f66ac52687350e8b5036b543b78e94eee49,Creatures And Monsters,2,48000,16
audio/Creatures And Monsters/Dragons/Adult Dragon/Landings and Ground Impacts/CREADrgn_Dragon heavy ground impact 3_GfxSounds_FantasyGameBundle.wav,Fantasy Game Bundle/Creatures And Monsters/Dragons/Adult Dragon/Landings and Ground Impacts/CREADrgn_Dragon heavy ground impact 3_GfxSounds_FantasyGameBundle.wav,525416,ee01dec60a5acde3db8410eabfdcc43a6f85ecf8f1f37fc050be07a47582b873,Creatures And Monsters,2,48000,16
audio/Creatures And Monsters/Dragons/Adult Dragon/Landings and Ground Impacts/CREADrgn_Dragon heavy ground impact 4_GfxSounds_FantasyGameBundle.wav,Fantasy Game Bundle/Creatures And Monsters/Dragons/Adult Dragon/Landings and Ground Impacts/CREADrgn_Dragon heavy ground impact 4_GfxSounds_FantasyGameBundle.wav,743236,fe34bd19407ed821bc1ff1c5b48f455e5db81ce522dd3ee723bf77e5350bd67e,Creatures And Monsters,2,48000,16
audio/Creatures And Monsters/Dragons/Adult Dragon/Landings and Ground Impacts/CREADrgn_Dragon heavy ground impact_GfxSounds_FantasyGameBundle.wav,Fantasy Game Bundle/Creatures And Monsters/Dragons/Adult Dragon/Landings and Ground Impacts/CREADrgn_Dragon heavy ground impact_GfxSounds_FantasyGameBundle.wav,448540,9fc6b5542c273938b07cce20368aa044c6d8f4f7ed0d3b65f1385c12aaeada6d,Creatures And Monsters,2,48000,16
audio/Creatures And Monsters/Dragons/Adult Dragon/Landings and Ground Impacts/CREADrgn_Dragon landing debris impact 2_GfxSounds_FantasyGameBundle.wav,Fantasy Game Bundle/Creatures And Monsters/Dragons/Adult Dragon/Landings and Ground Impacts/CREADrgn_Dragon landing debris impact 2_GfxSounds_FantasyGameBundle.wav,314012,627e0f735f44f83fa8051e7cc48ea2df3df7f71ccbcbf663b9b78c0a00150415,Creatures And Monsters,2,48000,16
audio/Creatures And Monsters/Dragons/Adult Dragon/Landings and Ground Impacts/CREADrgn_Dragon landing debris impact 3_GfxSounds_FantasyGameBundle.wav,Fantasy Game Bundle/Creatures And Monsters/Dragons/Adult Dragon/Landings and Ground Impacts/CREADrgn_Dragon landing debris impact 3_GfxSounds_FantasyGameBundle.wav,666360,efc3936bed5af7732bf0da2ae439a2730d3be777511e5a0fd2e9fef1aaea9471,Creatures And Monsters,2,48000,16
audio/Creatures And Monsters/Dragons/Adult Dragon/Landings and Ground Impacts/CREADrgn_Dragon landing debris impact 4_GfxSounds_FantasyGameBundle.wav,Fantasy Game Bundle/Creatures And Monsters/Dragons/Adult Dragon/Landings and Ground Impacts/CREADrgn_Dragon landing debris impact 4_GfxSounds_FantasyGameBundle.wav,442140,5d9c0cc651da906bfbf652af6dde92f56a13cfd0c902e24c0578fc70fc324b2f,Creatures And Monsters,2,48000,16
audio/Creatures And Monsters/Dragons/Adult Dragon/Landings and Ground Impacts/CREADrgn_Dragon landing debris impact_GfxSounds_FantasyGameBundle.wav,Fantasy Game Bundle/Creatures And Monsters/Dragons/Adult Dragon/Landings and Ground Impacts/CREADrgn_Dragon landing debris impact_GfxSounds_FantasyGameBundle.wav,589484,a41b2a9d391f9752dc286288d92d1da43094b9f472f0eb56c3662569e887a7bc,Creatures And Monsters,2,48000,16
audio/Creatures And Monsters/Dragons/Adult Dragon/Pain and Death Roars/CREADrgn_Dragon death pain roar 2_GfxSounds_FantasyGameBundle.wav,Fantasy Game Bundle/Creatures And Monsters/Dragons/Adult Dragon/Pain and Death Roars/CREADrgn_Dragon death pain roar 2_GfxSounds_FantasyGameBundle.wav,1210900,ffb8bfa7e810385b91507e9248f7f6d2097b327f34094d0d24eed6a2d35d8aff,Creatures And Monsters,2,48000,16
audio/Creatures And Monsters/Dragons/Adult Dragon/Pain and Death Roars/CREADrgn_Dragon death pain roar 3_GfxSounds_FantasyGameBundle.wav,Fantasy Game Bundle/Creatures And Monsters/Dragons/Adult Dragon/Pain and Death Roars/CREADrgn_Dragon death pain roar 3_GfxSounds_FantasyGameBundle.wav,1262156,3c40878182a7c876d10602ed97daefa9e92dac3370ef2e95a7f69125a9d4b913,Creatures And Monsters,2,48000,16
audio/Creatures And Monsters/Dragons/Adult Dragon/Pain and Death Roars/CREADrgn_Dragon death pain roar 4_GfxSounds_FantasyGameBundle.wav,Fantasy Game Bundle/Creatures And Monsters/Dragons/Adult Dragon/Pain and Death Roars/CREADrgn_Dragon death pain roar 4_GfxSounds_FantasyGameBundle.wav,999492,2d4943eb40a48973a59e486e9d30c06329b75620cf7986217188f4c5f4629462,Creatures And Monsters,2,48000,16
audio/Creatures And Monsters/Dragons/Adult Dragon/Pain and Death Roars/CREADrgn_Dragon death pain roar 5_GfxSounds_FantasyGameBundle.wav,Fantasy Game Bundle/Creatures And Monsters/Dragons/Adult Dragon/Pain and Death Roars/CREADrgn_Dragon death pain roar 5_GfxSounds_FantasyGameBundle.wav,993084,7d314570e926f6b9423661da2144097b7ca52c56abe2ceddcb0d39fafc1dd1c5,Creatures And Monsters,2,48000,16
audio/Creatures And Monsters/Dragons/Adult Dragon/Pain and Death Roars/CREADrgn_Dragon death pain roar 6_GfxSounds_FantasyGameBundle.wav,Fantasy Game Bundle/Creatures And Monsters/Dragons/Adult Dragon/Pain and Death Roars/CREADrgn_Dragon death pain roar 6_GfxSounds_FantasyGameBundle.wav,1351844,0cc4f6ebf0b8e9411a1d6f7d21abc41fa1cdfc4b97b73536f8e9fc215e66b519,Creatures And Monsters,2,48000,16
audio/Creatures And Monsters/Dragons/Adult Dragon/Pain and Death Roars/CREADrgn_Dragon death pain roar 7_GfxSounds_FantasyGameBundle.wav,Fantasy Game Bundle/Creatures And Monsters/Dragons/Adult Dragon/Pain and Death Roars/CREADrgn_Dragon death pain roar 7_GfxSounds_FantasyGameBundle.wav,570260,dec60a61a7350dbdad80eb4b026ea6b6e3eacbda1afdd0b1b6db8c9efbbcf215,Creatures And Monsters,2,48000,16
audio/Creatures And Monsters/Dragons/Adult Dragon/Pain and Death Roars/CREADrgn_Dragon death pain roar_GfxSounds_FantasyGameBundle.wav,Fantasy Game Bundle/Creatures And Monsters/Dragons/Adult Dragon/Pain and Death Roars/CREADrgn_Dragon death pain roar_GfxSounds_FantasyGameBundle.wav,852144,ea4b0b6e8716e8aefbdfd906ef15941b555f46fd6f868c60dd1accc0a11e89b1,Creatures And Monsters,2,48000,16
audio/Creatures And Monsters/Dragons/Adult Dragon/Single Footsteps/CREADrgn_Dragon single footstep 2_GfxSounds_FantasyGameBundle.wav,Fantasy Game Bundle/Creatures And Monsters/Dragons/Adult Dragon/Single Footsteps/CREADrgn_Dragon single footstep 2_GfxSounds_FantasyGameBundle.wav,275564,535392fed80feb1140e06c938cd071c1781ec9d4f4b427b75b6ecf383ecf68ee,Creatures And Monsters,2,48000,16
audio/Creatures And Monsters/Dragons/Adult Dragon/Single Footsteps/CREADrgn_Dragon single footstep 3_GfxSounds_FantasyGameBundle.wav,Fantasy Game Bundle/Creatures And Monsters/Dragons/Adult Dragon/Single Footsteps/CREADrgn_Dragon single footstep 3_GfxSounds_FantasyGameBundle.wav,269160,c1515389acdd701dd490892114aad4342450b3af56e4b1b8846aac542a36202b,Creatures And Monsters,2,48000,16
audio/Creatures And Monsters/Dragons/Adult Dragon/Single Footsteps/CREADrgn_Dragon single footstep 4_GfxSounds_FantasyGameBundle.wav,Fantasy Game Bundle/Creatures And Monsters/Dragons/Adult Dragon/Single Footsteps/CREADrgn_Dragon single footstep 4_GfxSounds_FantasyGameBundle.wav,281976,d152989edb480ef73cf6a05dc3946ea5e193b98ecf4fbbbb0af8007054d62e47,Creatures And Monsters,2,48000,16
audio/Creatures And Monsters/Dragons/Adult Dragon/Single Footsteps/CREADrgn_Dragon single footstep 5_GfxSounds_FantasyGameBundle.wav,Fantasy Game Bundle/Creatures And Monsters/Dragons/Adult Dragon/Single Footsteps/CREADrgn_Dragon single footstep 5_GfxSounds_FantasyGameBundle.wav,384480,3b8c4a1ca2248a6dc5cfab1a7ddd73b9bc7d95e65354ac938115e0ee8d025fc5,Creatures And Monsters,2,48000,16
audio/Creatures And Monsters/Dragons/Adult Dragon/Single Footsteps/CREADrgn_Dragon single footstep 6_GfxSounds_FantasyGameBundle.wav,Fantasy Game Bundle/Creatures And Monsters/Dragons/Adult Dragon/Single Footsteps/CREADrgn_Dragon single footstep 6_GfxSounds_FantasyGameBundle.wav,378072,9c85e448976b11ed5e6d5f9e2615098261bcf5d31d8861156c1b1a8ecc641286,Creatures And Monsters,2,48000,16
audio/Creatures And Monsters/Dragons/Adult Dragon/Single Footsteps/CREADrgn_Dragon single footstep 7_GfxSounds_FantasyGameBundle.wav,Fantasy Game Bundle/Creatures And Monsters/Dragons/Adult Dragon/Single Footsteps/CREADrgn_Dragon single footstep 7_GfxSounds_FantasyGameBundle.wav,346036,76bfa9460d42121c7db2091c9b8a08d2bb71cc7f728ea596ff5c0456d55834d8,Creatures And Monsters,2,48000,16
audio/Creatures And Monsters/Dragons/Adult Dragon/Single Footsteps/CREADrgn_Dragon single footstep 8_GfxSounds_FantasyGameBundle.wav,Fantasy Game Bundle/Creatures And Monsters/Dragons/Adult Dragon/Single Footsteps/CREADrgn_Dragon single footstep 8_GfxSounds_FantasyGameBundle.wav,525420,b6b98ec37a060f8359d3318ccb42a365668dfe39d9682033893f0422b9e0adc6,Creatures And Monsters,2,48000,16
audio/Creatures And Monsters/Dragons/Adult Dragon/Single Footsteps/CREADrgn_Dragon single footstep_GfxSounds_FantasyGameBundle.wav,Fantasy Game Bundle/Creatures And Monsters/Dragons/Adult Dragon/Single Footsteps/CREADrgn_Dragon single footstep_GfxSounds_FantasyGameBundle.wav,281976,76948324b97e9fdd3ed15ed3d9905a95a50cdcf56b26fda1562c56761bc7dc0a,Creatures And Monsters,2,48000,16
audio/Creatures And Monsters/Dragons/Adult Dragon/Wings Takeoffs and Flight/CREADrgn_Dragon launch wing flaps 2_GfxSounds_FantasyGameBundle.wav,Fantasy Game Bundle/Creatures And Monsters/Dragons/Adult Dragon/Wings Takeoffs and Flight/CREADrgn_Dragon launch wing flaps 2_GfxSounds_FantasyGameBundle.wav,877768,5baf4897cfc403b4aad144f636eca4043945c54c092f13862785762f9f723f29,Creatures And Monsters,2,48000,16
audio/Creatures And Monsters/Dragons/Adult Dragon/Wings Takeoffs and Flight/CREADrgn_Dragon launch wing flaps 3_GfxSounds_FantasyGameBundle.wav,Fantasy Game Bundle/Creatures And Monsters/Dragons/Adult Dragon/Wings Takeoffs and Flight/CREADrgn_Dragon launch wing flaps 3_GfxSounds_FantasyGameBundle.wav,589484,6e9efe77f6536e3b393bf7fd4452db9b1d16a39212a23f6adbfa6eaa9117251b,Creatures And Monsters,2,48000,16
audio/Creatures And Monsters/Dragons/Adult Dragon/Wings Takeoffs and Flight/CREADrgn_Dragon launch wing flaps 4_GfxSounds_FantasyGameBundle.wav,Fantasy Game Bundle/Creatures And Monsters/Dragons/Adult Dragon/Wings Takeoffs and Flight/CREADrgn_Dragon launch wing flaps 4_GfxSounds_FantasyGameBundle.wav,672764,108cacec388b2879c57b8b9b24ea6006cfea29c9c6e093c0c4365f2078471cd9,Creatures And Monsters,2,48000,16
audio/Creatures And Monsters/Dragons/Adult Dragon/Wings Takeoffs and Flight/CREADrgn_Dragon launch wing flaps 5_GfxSounds_FantasyGameBundle.wav,Fantasy Game Bundle/Creatures And Monsters/Dragons/Adult Dragon/Wings Takeoffs and Flight/CREADrgn_Dragon launch wing flaps 5_GfxSounds_FantasyGameBundle.wav,1242932,72ae422c7b79429167b446e55a10145413a7dd789e3cc10945a88f2460f32f17,Creatures And Monsters,2,48000,16
audio/Creatures And Monsters/Dragons/Adult Dragon/Wings Takeoffs and Flight/CREADrgn_Dragon launch wing flaps_GfxSounds_FantasyGameBundle.wav,Fantasy Game Bundle/Creatures And Monsters/Dragons/Adult Dragon/Wings Takeoffs and Flight/CREADrgn_Dragon launch wing flaps_GfxSounds_FantasyGameBundle.wav,1057148,17c605a8237feeb5537c8ef67230254272751173ee11023bceb9bdaa4a62b12e,Creatures And Monsters,2,48000,16
audio/Creatures And Monsters/Dragons/Adult Dragon/Wings Takeoffs and Flight/CREADrgn_Dragon single wing flap 2_GfxSounds_FantasyGameBundle.wav,Fantasy Game Bundle/Creatures And Monsters/Dragons/Adult Dragon/Wings Takeoffs and Flight/CREADrgn_Dragon single wing flap 2_GfxSounds_FantasyGameBundle.wav,557448,3fe0d356faaba61ca224d0d17408ea26dbf799e27d637976e8fa1db357aa5e2d,Creatures And Monsters,2,48000,16
audio/Creatures And Monsters/Dragons/Adult Dragon/Wings Takeoffs and Flight/CREADrgn_Dragon single wing flap 3_GfxSounds_FantasyGameBundle.wav,Fantasy Game Bundle/Creatures And Monsters/Dragons/Adult Dragon/Wings Takeoffs and Flight/CREADrgn_Dragon single wing flap 3_GfxSounds_FantasyGameBundle.wav,243536,91c9d80a5d4842646d9985be55b0437ccf8eff09dcd31c159ffc642d27bd528f,Creatures And Monsters,2,48000,16
audio/Creatures And Monsters/Dragons/Adult Dragon/Wings Takeoffs and Flight/CREADrgn_Dragon single wing flap 4_GfxSounds_FantasyGameBundle.wav,Fantasy Game Bundle/Creatures And Monsters/Dragons/Adult Dragon/Wings Takeoffs and Flight/CREADrgn_Dragon single wing flap 4_GfxSounds_FantasyGameBundle.wav,429320,ba029841c4d282781f468b48d8baaa63e0c9ef4c06c139fda18b2e27afd8b964,Creatures And Monsters,2,48000,16
audio/Creatures And Monsters/Dragons/Adult Dragon/Wings Takeoffs and Flight/CREADrgn_Dragon single wing flap_GfxSounds_FantasyGameBundle.wav,Fantasy Game Bundle/Creatures And Monsters/Dragons/Adult Dragon/Wings Takeoffs and Flight/CREADrgn_Dragon single wing flap_GfxSounds_FantasyGameBundle.wav,378068,3faa3fcbb156427e72834fe8a30e9259ebcc2186a239a47f16f56a2480dced34,Creatures And Monsters,2,48000,16
audio/Creatures And Monsters/Dragons/Adult Dragon/Wings Takeoffs and Flight/CREADrgn_Dragon takeoff wing flaps 2_GfxSounds_FantasyGameBundle.wav,Fantasy Game Bundle/Creatures And Monsters/Dragons/Adult Dragon/Wings Takeoffs and Flight/CREADrgn_Dragon takeoff wing flaps 2_GfxSounds_FantasyGameBundle.wav,794492,33a54a8490e6ca7d818c8d08b4a46a0901929903e306a5777369dc24e02a4935,Creatures And Monsters,2,48000,16
audio/Creatures And Monsters/Dragons/Adult Dragon/Wings Takeoffs and Flight/CREADrgn_Dragon takeoff wing flaps 3_GfxSounds_FantasyGameBundle.wav,Fantasy Game Bundle/Creatures And Monsters/Dragons/Adult Dragon/Wings Takeoffs and Flight/CREADrgn_Dragon takeoff wing flaps 3_GfxSounds_FantasyGameBundle.wav,864960,b546b8db1362009d88507e35fa3119a86414cafd0048a2528f1dcdb4eba71af2,Creatures And Monsters,2,48000,16
audio/Creatures And Monsters/Dragons/Adult Dragon/Wings Takeoffs and Flight/CREADrgn_Dragon takeoff wing flaps_GfxSounds_FantasyGameBundle.wav,Fantasy Game Bundle/Creatures And Monsters/Dragons/Adult Dragon/Wings Takeoffs and Flight/CREADrgn_Dragon takeoff wing flaps_GfxSounds_FantasyGameBundle.wav,1095588,e385f39443caef07641b95acd8fcc199ddcc8d61917d4569236a5030830ae9d5,Creatures And Monsters,2,48000,16
audio/Creatures And Monsters/Dragons/Adult Dragon/Wings Takeoffs and Flight/CREADrgn_Dragon wing flight loop 2_GfxSounds_FantasyGameBundle.wav,Fantasy Game Bundle/Creatures And Monsters/Dragons/Adult Dragon/Wings Takeoffs and Flight/CREADrgn_Dragon wing flight loop 2_GfxSounds_FantasyGameBundle.wav,1172468,59bcb552a8354002096100b354bb4ae0aa639e34604c0669e4b26aef5a697621,Creatures And Monsters,2,48000,16
audio/Creatures And Monsters/Dragons/Adult Dragon/Wings Takeoffs and Flight/CREADrgn_Dragon wing flight loop 3_GfxSounds_FantasyGameBundle.wav,Fantasy Game Bundle/Creatures And Monsters/Dragons/Adult Dragon/Wings Takeoffs and Flight/CREADrgn_Dragon wing flight loop 3_GfxSounds_FantasyGameBundle.wav,1173554,c8cf18bcba9fa42fab0e46b44522130f2d5706f5e3699ca56a0d1f37d4a0c6d5,Creatures And Monsters,2,48000,24
audio/Creatures And Monsters/Dragons/Adult Dragon/Wings Takeoffs and Flight/CREADrgn_Dragon wing flight loop 4_GfxSounds_FantasyGameBundle.wav,Fantasy Game Bundle/Creatures And Monsters/Dragons/Adult Dragon/Wings Takeoffs and Flight/CREADrgn_Dragon wing flight loop 4_GfxSounds_FantasyGameBundle.wav,930770,6fce32d1bbfb7f07978e06754061c9d4e963eb2d464f737ca132616707f8667f,Creatures And Monsters,2,48000,24
audio/Creatures And Monsters/Dragons/Adult Dragon/Wings Takeoffs and Flight/CREADrgn_Dragon wing flight loop 5_GfxSounds_FantasyGameBundle.wav,Fantasy Game Bundle/Creatures And Monsters/Dragons/Adult Dragon/Wings Takeoffs and Flight/CREADrgn_Dragon wing flight loop 5_GfxSounds_FantasyGameBundle.wav,1861454,76651932a06ccd235093c367d27f934139ee60b33ea9c45b1050ead13195a275,Creatures And Monsters,2,48000,24
audio/Creatures And Monsters/Dragons/Adult Dragon/Wings Takeoffs and Flight/CREADrgn_Dragon wing flight loop 6_GfxSounds_FantasyGameBundle.wav,Fantasy Game Bundle/Creatures And Monsters/Dragons/Adult Dragon/Wings Takeoffs and Flight/CREADrgn_Dragon wing flight loop 6_GfxSounds_FantasyGameBundle.wav,2219852,ad9226b0c0b029634b39b47a0199802c9bbe0e53ea4e646aa509c8d58cf4138e,Creatures And Monsters,2,48000,24
audio/Creatures And Monsters/Dragons/Adult Dragon/Wings Takeoffs and Flight/CREADrgn_Dragon wing flight loop 7_GfxSounds_FantasyGameBundle.wav,Fantasy Game Bundle/Creatures And Monsters/Dragons/Adult Dragon/Wings Takeoffs and Flight/CREADrgn_Dragon wing flight loop 7_GfxSounds_FantasyGameBundle.wav,1291520,3a004f37cafbb074bea27103513f7705c8b7125e744bfd4cd3f4686281d036a5,Creatures And Monsters,2,48000,24
audio/Creatures And Monsters/Dragons/Adult Dragon/Wings Takeoffs and Flight/CREADrgn_Dragon wing flight loop 8_GfxSounds_FantasyGameBundle.wav,Fantasy Game Bundle/Creatures And Monsters/Dragons/Adult Dragon/Wings Takeoffs and Flight/CREADrgn_Dragon wing flight loop 8_GfxSounds_FantasyGameBundle.wav,2184536,c7bfd6eca9c2b16c4f009fd24b7fb261b85702448d5e3fe634a8e064ecf76e0c,Creatures And Monsters,2,48000,24
audio/Creatures And Monsters/Dragons/Adult Dragon/Wings Takeoffs and Flight/CREADrgn_Dragon wing flight loop 9_GfxSounds_FantasyGameBundle.wav,Fantasy Game Bundle/Creatures And Monsters/Dragons/Adult Dragon/Wings Takeoffs and Flight/CREADrgn_Dragon wing flight loop 9_GfxSounds_FantasyGameBundle.wav,788076,5c29f7ee5e3016ccbe2601a44fec6b99849e83bcb9c0795f91a1fa4f19adee99,Creatures And Monsters,2,48000,16
audio/Creatures And Monsters/Dragons/Adult Dragon/Wings Takeoffs and Flight/CREADrgn_Dragon wing flight loop_GfxSounds_FantasyGameBundle.wav,Fantasy Game Bundle/Creatures And Monsters/Dragons/Adult Dragon/Wings Takeoffs and Flight/CREADrgn_Dragon wing flight loop_GfxSounds_FantasyGameBundle.wav,2763284,86d32217aecba3bead40594905e96d8d25b6fe7adfa64289381bcf2f2131c518,Creatures And Monsters,2,48000,24
audio/Creatures And Monsters/Dragons/Epic Giant Dragon/Footsteps/CREADrgn_Giant dragon footsteps 2_GfxSounds_FantasyGameBundle.wav,Fantasy Game Bundle/Creatures And Monsters/Dragons/Epic Giant Dragon/Footsteps/CREADrgn_Giant dragon footsteps 2_GfxSounds_FantasyGameBundle.wav,1249340,1c3d7392871184ab34c01a5a58f2a1313a87d1e9e0ed3af370e7cf1ef2d79b65,Creatures And Monsters,2,48000,16
audio/Creatures And Monsters/Dragons/Epic Giant Dragon/Footsteps/CREADrgn_Giant dragon footsteps 3_GfxSounds_FantasyGameBundle.wav,Fantasy Game Bundle/Creatures And Monsters/Dragons/Epic Giant Dragon/Footsteps/CREADrgn_Giant dragon footsteps 3_GfxSounds_FantasyGameBundle.wav,2979072,be0d580b1b671aa18fbbc2d99e6d251eab618b3053124d36535306aa2664e5bb,Creatures And Monsters,2,48000,16
audio/Creatures And Monsters/Dragons/Epic Giant Dragon/Footsteps/CREADrgn_Giant dragon footsteps 4_GfxSounds_FantasyGameBundle.wav,Fantasy Game Bundle/Creatures And Monsters/Dragons/Epic Giant Dragon/Footsteps/CREADrgn_Giant dragon footsteps 4_GfxSounds_FantasyGameBundle.wav,1729824,bd67e47e5b5a9fa4c680061c3eaabbf3ebbe6f2ccfd2fb7a7fc53595a350b5b0,Creatures And Monsters,2,48000,16
audio/Creatures And Monsters/Dragons/Epic Giant Dragon/Footsteps/CREADrgn_Giant dragon footsteps 5_GfxSounds_FantasyGameBundle.wav,Fantasy Game Bundle/Creatures And Monsters/Dragons/Epic Giant Dragon/Footsteps/CREADrgn_Giant dragon footsteps 5_GfxSounds_FantasyGameBundle.wav,1249340,e670ce01accb80a29bbe7e7aa0fbf61162b2232e2de95ea7854a1175a19a66f2,Creatures And Monsters,2,48000,16
audio/Creatures And Monsters/Dragons/Epic Giant Dragon/Footsteps/CREADrgn_Giant dragon footsteps_GfxSounds_FantasyGameBundle.wav,Fantasy Game Bundle/Creatures And Monsters/Dragons/Epic Giant Dragon/Footsteps/CREADrgn_Giant dragon footsteps_GfxSounds_FantasyGameBundle.wav,1153244,e3996dc23edf66d2e394f6423513f21fc1e9fdf22fa004d4da654b882724c91e,Creatures And Monsters,2,48000,16
audio/Creatures And Monsters/Dragons/Epic Giant Dragon/Magical Wings and Takeoffs/CREADrgn_Magic dragon takeoff sparkles 2_GfxSounds_FantasyGameBundle.wav,Fantasy Game Bundle/Creatures And Monsters/Dragons/Epic Giant Dragon/Magical Wings and Takeoffs/CREADrgn_Magic dragon takeoff sparkles 2_GfxSounds_FantasyGameBundle.wav,993088,ecd0365ebe08a8db5967d7e1ca434d1b3283a46f75a4c4445308b565d6ba1268,Creatures And Monsters,2,48000,16
audio/Creatures And Monsters/Dragons/Epic Giant Dragon/Magical Wings and Takeoffs/CREADrgn_Magic dragon takeoff sparkles_GfxSounds_FantasyGameBundle.wav,Fantasy Game Bundle/Creatures And Monsters/Dragons/Epic Giant Dragon/Magical Wings and Takeoffs/CREADrgn_Magic dragon takeoff sparkles_GfxSounds_FantasyGameBundle.wav,800892,a4c245dbabfa5dde62b9ff5ff05535112cd220cd10d5a141e80c1367de466ce9,Creatures And Monsters,2,48000,16
audio/Creatures And Monsters/Dragons/Epic Giant Dragon/Magical Wings and Takeoffs/CREADrgn_Magic dragon wing flap 2_GfxSounds_FantasyGameBundle.wav,Fantasy Game Bundle/Creatures And Monsters/Dragons/Epic Giant Dragon/Magical Wings and Takeoffs/CREADrgn_Magic dragon wing flap 2_GfxSounds_FantasyGameBundle.wav,474164,22dd7449c432c600ed3c042f6985e68e72aa1115007f25524411eec3ca9d0273,Creatures And Monsters,2,48000,16
audio/Creatures And Monsters/Dragons/Epic Giant Dragon/Magical Wings and Takeoffs/CREADrgn_Magic dragon wing flap 3_GfxSounds_FantasyGameBundle.wav,Fantasy Game Bundle/Creatures And Monsters/Dragons/Epic Giant Dragon/Magical Wings and Takeoffs/CREADrgn_Magic dragon wing flap 3_GfxSounds_FantasyGameBundle.wav,442132,a3e2dd3c80773de01a82c70b0904535d15b7370c505c2c0aef291d2a8a9b8e4d,Creatures And Monsters,2,48000,16
audio/Creatures And Monsters/Dragons/Epic Giant Dragon/Magical Wings and Takeoffs/CREADrgn_Magic dragon wing flap 4_GfxSounds_FantasyGameBundle.wav,Fantasy Game Bundle/Creatures And Monsters/Dragons/Epic Giant Dragon/Magical Wings and Takeoffs/CREADrgn_Magic dragon wing flap 4_GfxSounds_FantasyGameBundle.wav,499792,c022738e4c394fb41b466c6604c7f128d53179461ef9017d1c69a43dae85a0fb,Creatures And Monsters,2,48000,16
audio/Creatures And Monsters/Dragons/Epic Giant Dragon/Magical Wings and Takeoffs/CREADrgn_Magic dragon wing flap_GfxSounds_FantasyGameBundle.wav,Fantasy Game Bundle/Creatures And Monsters/Dragons/Epic Giant Dragon/Magical Wings and Takeoffs/CREADrgn_Magic dragon wing flap_GfxSounds_FantasyGameBundle.wav,448540,d4700b53651521090683be3507f6d72f49a70102f8597b1e5782f285255ee5c3,Creatures And Monsters,2,48000,16
audio/Creatures And Monsters/Dragons/Epic Giant Dragon/Magical Wings and Takeoffs/CREADrgn_Magic dragon wings flapping_GfxSounds_FantasyGameBundle.wav,Fantasy Game Bundle/Creatures And Monsters/Dragons/Epic Giant Dragon/Magical Wings and Takeoffs/CREADrgn_Magic dragon wings flapping_GfxSounds_FantasyGameBundle.wav,1813108,cb49a12259b060f65240a073518c1141dd758628588a5e80641b2e26fe2b6f47,Creatures And Monsters,2,48000,16
audio/Creatures And Monsters/Dragons/Epic Giant Dragon/Roars Growls and Snarls/CREADrgn_Epic dragon roar 2_GfxSounds_FantasyGameBundle.wav,Fantasy Game Bundle/Creatures And Monsters/Dragons/Epic Giant Dragon/Roars Growls and Snarls/CREADrgn_Epic dragon roar 2_GfxSounds_FantasyGameBundle.wav,1153244,ce408b9f9a42b3d89c1d71b6c0754fac17cf88fb92ca3c4db90007f3c39d9aed,Creatures And Monsters,2,48000,16
audio/Creatures And Monsters/Dragons/Epic Giant Dragon/Roars Growls and Snarls/CREADrgn_Epic dragon roar 3_GfxSounds_FantasyGameBundle.wav,Fantasy Game Bundle/Creatures And Monsters/Dragons/Epic Giant Dragon/Roars Growls and Snarls/CREADrgn_Epic dragon roar 3_GfxSounds_FantasyGameBundle.wav,1236528,63df790631ed40c3bacf8bc921ed1fcbfae7e57cc49e567e60fd2711e583372c,Creatures And Monsters,2,48000,16
audio/Creatures And Monsters/Dragons/Epic Giant Dragon/Roars Growls and Snarls/CREADrgn_Epic dragon roar 4_GfxSounds_FantasyGameBundle.wav,Fantasy Game Bundle/Creatures And Monsters/Dragons/Epic Giant Dragon/Roars Growls and Snarls/CREADrgn_Epic dragon roar 4_GfxSounds_FantasyGameBundle.wav,666360,e53bba27be33706fb81fd5d4cb1d2dfaad5a7df15df87329f51a419748626920,Creatures And Monsters,2,48000,16
audio/Creatures And Monsters/Dragons/Epic Giant Dragon/Roars Growls and Snarls/CREADrgn_Epic dragon roar 5_GfxSounds_FantasyGameBundle.wav,Fantasy Game Bundle/Creatures And Monsters/Dragons/Epic Giant Dragon/Roars Growls and Snarls/CREADrgn_Epic dragon roar 5_GfxSounds_FantasyGameBundle.wav,621512,b7759def40d81d1725af0d974e0f11a20d6630306faa89bf507a4af47483db0c,Creatures And Monsters,2,48000,16
audio/Creatures And Monsters/Dragons/Epic Giant Dragon/Roars Growls and Snarls/CREADrgn_Epic dragon roar 6_GfxSounds_FantasyGameBundle.wav,Fantasy Game Bundle/Creatures And Monsters/Dragons/Epic Giant Dragon/Roars Growls and Snarls/CREADrgn_Epic dragon roar 6_GfxSounds_FantasyGameBundle.wav,608700,f375b6fb5ac645f29d8fd774adaf339ff3af6c92ee863b695b294964d0cc713c,Creatures And Monsters,2,48000,16
audio/Creatures And Monsters/Dragons/Epic Giant Dragon/Roars Growls and Snarls/CREADrgn_Epic dragon roar_GfxSounds_FantasyGameBundle.wav,Fantasy Game Bundle/Creatures And Monsters/Dragons/Epic Giant Dragon/Roars Growls and Snarls/CREADrgn_Epic dragon roar_GfxSounds_FantasyGameBundle.wav,583076,74a04f4324295048f427a46354e8384595584e43e2b85ee1bb0bdf641eb69cd6,Creatures And Monsters,2,48000,16
audio/Creatures And Monsters/Dragons/Epic Giant Dragon/Roars Growls and Snarls/CREADrgn_Epic dragon snarl 2_GfxSounds_FantasyGameBundle.wav,Fantasy Game Bundle/Creatures And Monsters/Dragons/Epic Giant Dragon/Roars Growls and Snarls/CREADrgn_Epic dragon snarl 2_GfxSounds_FantasyGameBundle.wav,954644,3f0d26861895330bef8519deac4b9e820b42ac3f6f5e188fc5680e8eb62a098a,Creatures And Monsters,2,48000,16
audio/Creatures And Monsters/Dragons/Epic Giant Dragon/Roars Growls and Snarls/CREADrgn_Epic dragon snarl 3_GfxSounds_FantasyGameBundle.wav,Fantasy Game Bundle/Creatures And Monsters/Dragons/Epic Giant Dragon/Roars Growls and Snarls/CREADrgn_Epic dragon snarl 3_GfxSounds_FantasyGameBundle.wav,845736,41857bc8d0474e65244b5d720a8196e4f962046d69f46d2c31290b2c7509df2a,Creatures And Monsters,2,48000,16
audio/Creatures And Monsters/Dragons/Epic Giant Dragon/Roars Growls and Snarls/CREADrgn_Epic dragon snarl 4_GfxSounds_FantasyGameBundle.wav,Fantasy Game Bundle/Creatures And Monsters/Dragons/Epic Giant Dragon/Roars Growls and Snarls/CREADrgn_Epic dragon snarl 4_GfxSounds_FantasyGameBundle.wav,1236524,31cc1d37a0f5f721bd5efef3a8365ab123aa7187197e888a756ad034e2327a25,Creatures And Monsters,2,48000,16
audio/Creatures And Monsters/Dragons/Epic Giant Dragon/Roars Growls and Snarls/CREADrgn_Epic dragon snarl 5_GfxSounds_FantasyGameBundle.wav,Fantasy Game Bundle/Creatures And Monsters/Dragons/Epic Giant Dragon/Roars Growls and Snarls/CREADrgn_Epic dragon snarl 5_GfxSounds_FantasyGameBundle.wav,877772,d5ce591bf9977f0f6090d1f773f6c34c9a273b2043ad999459fc46a2b739ea30,Creatures And Monsters,2,48000,16
audio/Creatures And Monsters/Dragons/Epic Giant Dragon/Roars Growls and Snarls/CREADrgn_Epic dragon snarl_GfxSounds_FantasyGameBundle.wav,Fantasy Game Bundle/Creatures And Monsters/Dragons/Epic Giant Dragon/Roars Growls and Snarls/CREADrgn_Epic dragon snarl_GfxSounds_FantasyGameBundle.wav,615104,669f05cd08a1e2d5d9166f22a788b347e46228eb121ef26035386bb7dd40a9c0,Creatures And Monsters,2,48000,16
audio/Creatures And Monsters/Dragons/Epic Giant Dragon/Roars Growls and Snarls/CREADrgn_Large dragon threatening growl 2_GfxSounds_FantasyGameBundle.wav,Fantasy Game Bundle/Creatures And Monsters/Dragons/Epic Giant Dragon/Roars Growls and Snarls/CREADrgn_Large dragon threatening growl 2_GfxSounds_FantasyGameBundle.wav,2248736,febbea9fc2ac19110bfe13a9a06166ba16ed38cba51fb33a8caa26366fb07a29,Creatures And Monsters,2,48000,16
audio/Creatures And Monsters/Dragons/Epic Giant Dragon/Roars Growls and Snarls/CREADrgn_Large dragon threatening growl 3_GfxSounds_FantasyGameBundle.wav,Fantasy Game Bundle/Creatures And Monsters/Dragons/Epic Giant Dragon/Roars Growls and Snarls/CREADrgn_Large dragon threatening growl 3_GfxSounds_FantasyGameBundle.wav,1563256,6bda76bde1c3fbf50531f3b51757825b5664b6da0f34ff25e7491320eb684d01,Creatures And Monsters,2,48000,16
audio/Creatures And Monsters/Dragons/Epic Giant Dragon/Roars Growls and Snarls/CREADrgn_Large dragon threatening growl 4_GfxSounds_FantasyGameBundle.wav,Fantasy Game Bundle/Creatures And Monsters/Dragons/Epic Giant Dragon/Roars Growls and Snarls/CREADrgn_Large dragon threatening growl 4_GfxSounds_FantasyGameBundle.wav,1236528,b4b51bd7246616228e876ec54ba761842eabe5bdfb0217dc22184b315f4e3046,Creatures And Monsters,2,48000,16
audio/Creatures And Monsters/Dragons/Epic Giant Dragon/Roars Growls and Snarls/CREADrgn_Large dragon threatening growl 5_GfxSounds_FantasyGameBundle.wav,Fantasy Game Bundle/Creatures And Monsters/Dragons/Epic Giant Dragon/Roars Growls and Snarls/CREADrgn_Large dragon threatening growl 5_GfxSounds_FantasyGameBundle.wav,768860,0a9d5cecb152cb95986401ef783fb15ef454a26f5c576107c27f4e1674a8557b,Creatures And Monsters,2,48000,16
audio/Creatures And Monsters/Dragons/Epic Giant Dragon/Roars Growls and Snarls/CREADrgn_Large dragon threatening growl_GfxSounds_FantasyGameBundle.wav,Fantasy Game Bundle/Creatures And Monsters/Dragons/Epic Giant Dragon/Roars Growls and Snarls/CREADrgn_Large dragon threatening growl_GfxSounds_FantasyGameBundle.wav,916204,12d89b8e739e1e7933741c197415c446116abbe0e605ed6e5d5f1e8c7575eaa9,Creatures And Monsters,2,48000,16
audio/Creatures And Monsters/Dragons/Epic Giant Dragon/Wings and Flight/CREADrgn_Epic dragon air rush 2_GfxSounds_FantasyGameBundle.wav,Fantasy Game Bundle/Creatures And Monsters/Dragons/Epic Giant Dragon/Wings and Flight/CREADrgn_Epic dragon air rush 2_GfxSounds_FantasyGameBundle.wav,1556852,5a0ba9a2bc2799145d82c8d8f4a2d551631bd6eddc16f72257888cc2bf16d0ee,Creatures And Monsters,2,48000,16
audio/Creatures And Monsters/Dragons/Epic Giant Dragon/Wings and Flight/CREADrgn_Epic dragon air rush_GfxSounds_FantasyGameBundle.wav,Fantasy Game Bundle/Creatures And Monsters/Dragons/Epic Giant Dragon/Wings and Flight/CREADrgn_Epic dragon air rush_GfxSounds_FantasyGameBundle.wav,2114208,ce0b8838ffefabe67c7f1d8272ca5cc2066bd1b232659b30cb546a0de9f143b2,Creatures And Monsters,2,48000,16
audio/Creatures And Monsters/Dragons/Epic Giant Dragon/Wings and Flight/CREADrgn_Epic dragon wing flap 2_GfxSounds_FantasyGameBundle.wav,Fantasy Game Bundle/Creatures And Monsters/Dragons/Epic Giant Dragon/Wings and Flight/CREADrgn_Epic dragon wing flap 2_GfxSounds_FantasyGameBundle.wav,275572,8c52635ace5aae3f7a7be52d3aefa88769fe3f2cc0473058584ed94c54750709,Creatures And Monsters,2,48000,16
audio/Creatures And Monsters/Dragons/Epic Giant Dragon/Wings and Flight/CREADrgn_Epic dragon wing flap 3_GfxSounds_FantasyGameBundle.wav,Fantasy Game Bundle/Creatures And Monsters/Dragons/Epic Giant Dragon/Wings and Flight/CREADrgn_Epic dragon wing flap 3_GfxSounds_FantasyGameBundle.wav,429324,4c66754cd424705d7347cbb435c2f4763d3e758b0ec89c40ff143273be4fafb3,Creatures And Monsters,2,48000,16
audio/Creatures And Monsters/Dragons/Epic Giant Dragon/Wings and Flight/CREADrgn_Epic dragon wing flap_GfxSounds_FantasyGameBundle.wav,Fantasy Game Bundle/Creatures And Monsters/Dragons/Epic Giant Dragon/Wings and Flight/CREADrgn_Epic dragon wing flap_GfxSounds_FantasyGameBundle.wav,672768,2bcd17c4e17bbb1002b142563857ac0b618e4aff77785990b6e66799b50b3799,Creatures And Monsters,2,48000,16
audio/Creatures And Monsters/Dragons/Epic Giant Dragon/Wings and Flight/CREADrgn_Giant dragon wing flaps 2_GfxSounds_FantasyGameBundle.wav,Fantasy Game Bundle/Creatures And Monsters/Dragons/Epic Giant Dragon/Wings and Flight/CREADrgn_Giant dragon wing flaps 2_GfxSounds_FantasyGameBundle.wav,986680,a7c3078e290991390bf6b0809a3d74b658444ddfe0a4047982b50f4a31c56103,Creatures And Monsters,2,48000,16
audio/Creatures And Monsters/Dragons/Epic Giant Dragon/Wings and Flight/CREADrgn_Giant dragon wing flaps 3_GfxSounds_FantasyGameBundle.wav,Fantasy Game Bundle/Creatures And Monsters/Dragons/Epic Giant Dragon/Wings and Flight/CREADrgn_Giant dragon wing flaps 3_GfxSounds_FantasyGameBundle.wav,3018410,a347641914328fdb7cb942ce923e59a691484c559b7fd820a459366e81bf0e4a,Creatures And Monsters,2,48000,24
audio/Creatures And Monsters/Dragons/Epic Giant Dragon/Wings and Flight/CREADrgn_Giant dragon wing flaps 4_GfxSounds_FantasyGameBundle.wav,Fantasy Game Bundle/Creatures And Monsters/Dragons/Epic Giant Dragon/Wings and Flight/CREADrgn_Giant dragon wing flaps 4_GfxSounds_FantasyGameBundle.wav,2260322,81e55390d403c823a64188eb56675ca2451e3ac7fbf6aa15cca2f7c5050aba93,Creatures And Monsters,2,48000,24
audio/Creatures And Monsters/Dragons/Epic Giant Dragon/Wings and Flight/CREADrgn_Giant dragon wing flaps 5_GfxSounds_FantasyGameBundle.wav,Fantasy Game Bundle/Creatures And Monsters/Dragons/Epic Giant Dragon/Wings and Flight/CREADrgn_Giant dragon wing flaps 5_GfxSounds_FantasyGameBundle.wav,4267856,c0132980c0be21d5b642732f54aa3ac253d48d7052985f4fbc8eff6f30115fd9,Creatures And Monsters,2,48000,24
audio/Creatures And Monsters/Dragons/Epic Giant Dragon/Wings and Flight/CREADrgn_Giant dragon wing flaps_GfxSounds_FantasyGameBundle.wav,Fantasy Game Bundle/Creatures And Monsters/Dragons/Epic Giant Dragon/Wings and Flight/CREADrgn_Giant dragon wing flaps_GfxSounds_FantasyGameBundle.wav,2396092,8ba7b875a3f8f4c80c550c1d22cc232ec5de49a0cf14d9d5185ce0f833bd8ac3,Creatures And Monsters,2,48000,16
audio/Creatures And Monsters/Dragons/Juvenile Dragon/Egg Hatching/CREADrgn_Dragon egg hatch 2_GfxSounds_FantasyGameBundle.wav,Fantasy Game Bundle/Creatures And Monsters/Dragons/Juvenile Dragon/Egg Hatching/CREADrgn_Dragon egg hatch 2_GfxSounds_FantasyGameBundle.wav,384476,dec86d760a5aba793c29d16e90ec3012ebea8c2dbd19d678f106265c063349da,Creatures And Monsters,2,48000,16
audio/Creatures And Monsters/Dragons/Juvenile Dragon/Egg Hatching/CREADrgn_Dragon egg hatch 3_GfxSounds_FantasyGameBundle.wav,Fantasy Game Bundle/Creatures And Monsters/Dragons/Juvenile Dragon/Egg Hatching/CREADrgn_Dragon egg hatch 3_GfxSounds_FantasyGameBundle.wav,442132,2377b37db7420182a0bd867a8598898b0cae56e0d665a39ab3d460c6f0411e1f,Creatures And Monsters,2,48000,16
audio/Creatures And Monsters/Dragons/Juvenile Dragon/Egg Hatching/CREADrgn_Dragon egg hatch 4_GfxSounds_FantasyGameBundle.wav,Fantasy Game Bundle/Creatures And Monsters/Dragons/Juvenile Dragon/Egg Hatching/CREADrgn_Dragon egg hatch 4_GfxSounds_FantasyGameBundle.wav,467760,09c1ecc2eba7d0bbd0ef729b838d85c72372719d6c51b117cefd4196b41d6d20,Creatures And Monsters,2,48000,16
audio/Creatures And Monsters/Dragons/Juvenile Dragon/Egg Hatching/CREADrgn_Dragon egg hatch 5_GfxSounds_FantasyGameBundle.wav,Fantasy Game Bundle/Creatures And Monsters/Dragons/Juvenile Dragon/Egg Hatching/CREADrgn_Dragon egg hatch 5_GfxSounds_FantasyGameBundle.wav,474164,422413a652cbd95ca79784a0e09cf59eff65ed36712d6b08e20f494af0b56615,Creatures And Monsters,2,48000,16
audio/Creatures And Monsters/Dragons/Juvenile Dragon/Egg Hatching/CREADrgn_Dragon egg hatch 6_GfxSounds_FantasyGameBundle.wav,Fantasy Game Bundle/Creatures And Monsters/Dragons/Juvenile Dragon/Egg Hatching/CREADrgn_Dragon egg hatch 6_GfxSounds_FantasyGameBundle.wav,525420,7bfbecd0c9e4d00a06e0b4f571b9fad0d25b544213d3037396283a866d41d7a0,Creatures And Monsters,2,48000,16
audio/Creatures And Monsters/Dragons/Juvenile Dragon/Egg Hatching/CREADrgn_Dragon egg hatch 7_GfxSounds_FantasyGameBundle.wav,Fantasy Game Bundle/Creatures And Monsters/Dragons/Juvenile Dragon/Egg Hatching/CREADrgn_Dragon egg hatch 7_GfxSounds_FantasyGameBundle.wav,448544,6d6463e3cf663e8c00e7f1de45576be2fcb42174ca6e70b5996df34536b9b2e7,Creatures And Monsters,2,48000,16
audio/Creatures And Monsters/Dragons/Juvenile Dragon/Egg Hatching/CREADrgn_Dragon egg hatch 8_GfxSounds_FantasyGameBundle.wav,Fantasy Game Bundle/Creatures And Monsters/Dragons/Juvenile Dragon/Egg Hatching/CREADrgn_Dragon egg hatch 8_GfxSounds_FantasyGameBundle.wav,397292,29a309cfed9edfb7086f11b423ab62542408155904185f055b2d63ba9210e5ba,Creatures And Monsters,2,48000,16
audio/Creatures And Monsters/Dragons/Juvenile Dragon/Egg Hatching/CREADrgn_Dragon egg hatch_GfxSounds_FantasyGameBundle.wav,Fantasy Game Bundle/Creatures And Monsters/Dragons/Juvenile Dragon/Egg Hatching/CREADrgn_Dragon egg hatch_GfxSounds_FantasyGameBundle.wav,397292,2c1ac413007c7707b2b25086c9c7530391ed840703e23029652c3a83cbbde0e1,Creatures And Monsters,2,48000,16
audio/Creatures And Monsters/Dragons/Juvenile Dragon/Footsteps/CREADrgn_Juvenile dragon footsteps 2_GfxSounds_FantasyGameBundle.wav,Fantasy Game Bundle/Creatures And Monsters/Dragons/Juvenile Dragon/Footsteps/CREADrgn_Juvenile dragon footsteps 2_GfxSounds_FantasyGameBundle.wav,576668,eb3dc02236bef941897725abdeaac1f5d39e9074f1dd2a487be163dcea17aa77,Creatures And Monsters,2,48000,16
audio/Creatures And Monsters/Dragons/Juvenile Dragon/Footsteps/CREADrgn_Juvenile dragon footsteps 3_GfxSounds_FantasyGameBundle.wav,Fantasy Game Bundle/Creatures And Monsters/Dragons/Juvenile Dragon/Footsteps/CREADrgn_Juvenile dragon footsteps 3_GfxSounds_FantasyGameBundle.wav,832924,00e5939a6760ec12be45ae6d37cd4a1885d0cd4967991cfc42c3087f25f66204,Creatures And Monsters,2,48000,16
audio/Creatures And Monsters/Dragons/Juvenile Dragon/Footsteps/CREADrgn_Juvenile dragon footsteps 4_GfxSounds_FantasyGameBundle.wav,Fantasy Game Bundle/Creatures And Monsters/Dragons/Juvenile Dragon/Footsteps/CREADrgn_Juvenile dragon footsteps 4_GfxSounds_FantasyGameBundle.wav,294784,d842e42a20a349ed96fc278bb3b4de057144430497c27ea201e44108e5ae3eb6,Creatures And Monsters,2,48000,16
audio/Creatures And Monsters/Dragons/Juvenile Dragon/Footsteps/CREADrgn_Juvenile dragon footsteps_GfxSounds_FantasyGameBundle.wav,Fantasy Game Bundle/Creatures And Monsters/Dragons/Juvenile Dragon/Footsteps/CREADrgn_Juvenile dragon footsteps_GfxSounds_FantasyGameBundle.wav,410100,0fe7015fc6dd6c22c654b589fb8d44eb2b0a4337d054db4d93a88d0f86f6a27f,Creatures And Monsters,2,48000,16
audio/Creatures And Monsters/Dragons/Juvenile Dragon/Footsteps/CREADrgn_Juvenile dragon single footstep 2_GfxSounds_FantasyGameBundle.wav,Fantasy Game Bundle/Creatures And Monsters/Dragons/Juvenile Dragon/Footsteps/CREADrgn_Juvenile dragon single footstep 2_GfxSounds_FantasyGameBundle.wav,96188,7ef39bcfbdd30e9bea30cf1fcf322de31958767d3110afdd36748f1385a64dda,Creatures And Monsters,2,48000,16
audio/Creatures And Monsters/Dragons/Juvenile Dragon/Footsteps/CREADrgn_Juvenile dragon single footstep 3_GfxSounds_FantasyGameBundle.wav,Fantasy Game Bundle/Creatures And Monsters/Dragons/Juvenile Dragon/Footsteps/CREADrgn_Juvenile dragon single footstep 3_GfxSounds_FantasyGameBundle.wav,83376,3bc436418e78b9130fae599e9f06d7ae58347e002b6b3950e6b57e03665e928a,Creatures And Monsters,2,48000,16
audio/Creatures And Monsters/Dragons/Juvenile Dragon/Footsteps/CREADrgn_Juvenile dragon single footstep_GfxSounds_FantasyGameBundle.wav,Fantasy Game Bundle/Creatures And Monsters/Dragons/Juvenile Dragon/Footsteps/CREADrgn_Juvenile dragon single footstep_GfxSounds_FantasyGameBundle.wav,109000,a131d4781e3482d960b05cff187e90bfbd18d4cf9d8fb050c7a46df98efcfa2a,Creatures And Monsters,2,48000,16
audio/Creatures And Monsters/Dragons/Juvenile Dragon/Landings and Impacts/CREADrgn_Juvenile dragon landing impact 2_GfxSounds_FantasyGameBundle.wav,Fantasy Game Bundle/Creatures And Monsters/Dragons/Juvenile Dragon/Landings and Impacts/CREADrgn_Juvenile dragon landing impact 2_GfxSounds_FantasyGameBundle.wav,474164,e381e6f46e54dac19c7161264339040c26e052b15e4f6cd3c29e40d1a438682b,Creatures And Monsters,2,48000,16
audio/Creatures And Monsters/Dragons/Juvenile Dragon/Landings and Impacts/CREADrgn_Juvenile dragon landing impact_GfxSounds_FantasyGameBundle.wav,Fantasy Game Bundle/Creatures And Monsters/Dragons/Juvenile Dragon/Landings and Impacts/CREADrgn_Juvenile dragon landing impact_GfxSounds_FantasyGameBundle.wav,262756,f33717fa43ff824ca6fca8c911d73098d1ee6d6aefe9d2378dea83b5079d4e30,Creatures And Monsters,2,48000,16
audio/Creatures And Monsters/Dragons/Juvenile Dragon/Roars Screeches and Pain/CREADrgn_Juvenile dragon aggressive roar 2_GfxSounds_FantasyGameBundle.wav,Fantasy Game Bundle/Creatures And Monsters/Dragons/Juvenile Dragon/Roars Screeches and Pain/CREADrgn_Juvenile dragon aggressive roar 2_GfxSounds_FantasyGameBundle.wav,403696,729e5ffe659e15fff8c7ed976f4d9907f2ca925217a2cec21a7564f4810cee26,Creatures And Monsters,2,48000,16
audio/Creatures And Monsters/Dragons/Juvenile Dragon/Roars Screeches and Pain/CREADrgn_Juvenile dragon aggressive roar 3_GfxSounds_FantasyGameBundle.wav,Fantasy Game Bundle/Creatures And Monsters/Dragons/Juvenile Dragon/Roars Screeches and Pain/CREADrgn_Juvenile dragon aggressive roar 3_GfxSounds_FantasyGameBundle.wav,531824,602512a2622c7d4c01ae2d3e0b6056ed1a25b940e2feed145f834d1aeb7f6ff2,Creatures And Monsters,2,48000,16
audio/Creatures And Monsters/Dragons/Juvenile Dragon/Roars Screeches and Pain/CREADrgn_Juvenile dragon aggressive roar 4_GfxSounds_FantasyGameBundle.wav,Fantasy Game Bundle/Creatures And Monsters/Dragons/Juvenile Dragon/Roars Screeches and Pain/CREADrgn_Juvenile dragon aggressive roar 4_GfxSounds_FantasyGameBundle.wav,525420,5f902dfdfb3fbc51c8001fb45815a20bf2976f59e4d9bb35c7868dd877196495,Creatures And Monsters,2,48000,16
audio/Creatures And Monsters/Dragons/Juvenile Dragon/Roars Screeches and Pain/CREADrgn_Juvenile dragon aggressive roar 5_GfxSounds_FantasyGameBundle.wav,Fantasy Game Bundle/Creatures And Monsters/Dragons/Juvenile Dragon/Roars Screeches and Pain/CREADrgn_Juvenile dragon aggressive roar 5_GfxSounds_FantasyGameBundle.wav,480572,bcf8cbe131cc8a968f9cdb0bc34aca90ef62f74abf8ff39a8f5301a196c85930,Creatures And Monsters,2,48000,16
audio/Creatures And Monsters/Dragons/Juvenile Dragon/Roars Screeches and Pain/CREADrgn_Juvenile dragon aggressive roar 6_GfxSounds_FantasyGameBundle.wav,Fantasy Game Bundle/Creatures And Monsters/Dragons/Juvenile Dragon/Roars Screeches and Pain/CREADrgn_Juvenile dragon aggressive roar 6_GfxSounds_FantasyGameBundle.wav,531824,5a4c1e3c190fc90602550a365e7d5ff6b4645efe09db2d0d0db0dc05fcc15fd3,Creatures And Monsters,2,48000,16
audio/Creatures And Monsters/Dragons/Juvenile Dragon/Roars Screeches and Pain/CREADrgn_Juvenile dragon aggressive roar_GfxSounds_FantasyGameBundle.wav,Fantasy Game Bundle/Creatures And Monsters/Dragons/Juvenile Dragon/Roars Screeches and Pain/CREADrgn_Juvenile dragon aggressive roar_GfxSounds_FantasyGameBundle.wav,506196,7283d966a68178af02f1eaabfe6e1f0efe2d959f3c2751094442ae4af187bc0d,Creatures And Monsters,2,48000,16
audio/Creatures And Monsters/Dragons/Juvenile Dragon/Roars Screeches and Pain/CREADrgn_Juvenile dragon cry roar 2_GfxSounds_FantasyGameBundle.wav,Fantasy Game Bundle/Creatures And Monsters/Dragons/Juvenile Dragon/Roars Screeches and Pain/CREADrgn_Juvenile dragon cry roar 2_GfxSounds_FantasyGameBundle.wav,659956,2c54bad0823f55d8b17f10c87597a0a12377f0c0697bc13a682da170881a0025,Creatures And Monsters,2,48000,16
audio/Creatures And Monsters/Dragons/Juvenile Dragon/Roars Screeches and Pain/CREADrgn_Juvenile dragon cry roar 3_GfxSounds_FantasyGameBundle.wav,Fantasy Game Bundle/Creatures And Monsters/Dragons/Juvenile Dragon/Roars Screeches and Pain/CREADrgn_Juvenile dragon cry roar 3_GfxSounds_FantasyGameBundle.wav,474168,8c2c077b958b73fbc8b131629cb9f304332a7872ed8d3ef8f06f6c4edb3d5875,Creatures And Monsters,2,48000,16
audio/Creatures And Monsters/Dragons/Juvenile Dragon/Roars Screeches and Pain/CREADrgn_Juvenile dragon cry roar 4_GfxSounds_FantasyGameBundle.wav,Fantasy Game Bundle/Creatures And Monsters/Dragons/Juvenile Dragon/Roars Screeches and Pain/CREADrgn_Juvenile dragon cry roar 4_GfxSounds_FantasyGameBundle.wav,672764,4264750188fe489a6748245ae003363c7c816e351f5a69d912d2b387a7bafda3,Creatures And Monsters,2,48000,16
audio/Creatures And Monsters/Dragons/Juvenile Dragon/Roars Screeches and Pain/CREADrgn_Juvenile dragon cry roar 5_GfxSounds_FantasyGameBundle.wav,Fantasy Game Bundle/Creatures And Monsters/Dragons/Juvenile Dragon/Roars Screeches and Pain/CREADrgn_Juvenile dragon cry roar 5_GfxSounds_FantasyGameBundle.wav,762456,52d7e0f337541b03a19fc05b1166293762236419667ab9dc66b20bbefc5aaac9,Creatures And Monsters,2,48000,16
audio/Creatures And Monsters/Dragons/Juvenile Dragon/Roars Screeches and Pain/CREADrgn_Juvenile dragon cry roar 6_GfxSounds_FantasyGameBundle.wav,Fantasy Game Bundle/Creatures And Monsters/Dragons/Juvenile Dragon/Roars Screeches and Pain/CREADrgn_Juvenile dragon cry roar 6_GfxSounds_FantasyGameBundle.wav,512604,5da5e462351310006a8f72f8bb811f8b3532267da271af681ca194d6f4f1a71b,Creatures And Monsters,2,48000,16
audio/Creatures And Monsters/Dragons/Juvenile Dragon/Roars Screeches and Pain/CREADrgn_Juvenile dragon cry roar_GfxSounds_FantasyGameBundle.wav,Fantasy Game Bundle/Creatures And Monsters/Dragons/Juvenile Dragon/Roars Screeches and Pain/CREADrgn_Juvenile dragon cry roar_GfxSounds_FantasyGameBundle.wav,563856,7bf9683dd8cbef5c76e8a3a03994499e29504d97e6a48e8ca924f661d9688e81,Creatures And Monsters,2,48000,16
audio/Creatures And Monsters/Dragons/Juvenile Dragon/Roars Screeches and Pain/CREADrgn_Juvenile dragon pain roar 2_GfxSounds_FantasyGameBundle.wav,Fantasy Game Bundle/Creatures And Monsters/Dragons/Juvenile Dragon/Roars Screeches and Pain/CREADrgn_Juvenile dragon pain roar 2_GfxSounds_FantasyGameBundle.wav,563856,f5b42d30b6316e1307684bc43d79a47fe021c798f55fb693c666c3ef4f8d75c1,Creatures And Monsters,2,48000,16
audio/Creatures And Monsters/Dragons/Juvenile Dragon/Roars Screeches and Pain/CREADrgn_Juvenile dragon pain roar 3_GfxSounds_FantasyGameBundle.wav,Fantasy Game Bundle/Creatures And Monsters/Dragons/Juvenile Dragon/Roars Screeches and Pain/CREADrgn_Juvenile dragon pain roar 3_GfxSounds_FantasyGameBundle.wav,551044,b282b419c49170cc8ab0c5aa34091d3ced416300682275e2fd52788ea68ee4ea,Creatures And Monsters,2,48000,16
audio/Creatures And Monsters/Dragons/Juvenile Dragon/Roars Screeches and Pain/CREADrgn_Juvenile dragon pain roar 4_GfxSounds_FantasyGameBundle.wav,Fantasy Game Bundle/Creatures And Monsters/Dragons/Juvenile Dragon/Roars Screeches and Pain/CREADrgn_Juvenile dragon pain roar 4_GfxSounds_FantasyGameBundle.wav,474168,92c4c40a9dd46590507e8d1abba7158794d5dd2909a0737eb1e67f6b5431ecc1,Creatures And Monsters,2,48000,16
audio/Creatures And Monsters/Dragons/Juvenile Dragon/Roars Screeches and Pain/CREADrgn_Juvenile dragon pain roar_GfxSounds_FantasyGameBundle.wav,Fantasy Game Bundle/Creatures And Monsters/Dragons/Juvenile Dragon/Roars Screeches and Pain/CREADrgn_Juvenile dragon pain roar_GfxSounds_FantasyGameBundle.wav,544636,146dfa93b50aa4766fa62de971936a7f14960035f2932862f19e1dfba16387b5,Creatures And Monsters,2,48000,16
audio/Creatures And Monsters/Dragons/Juvenile Dragon/Roars Screeches and Pain/CREADrgn_Juvenile dragon screech 2_GfxSounds_FantasyGameBundle.wav,Fantasy Game Bundle/Creatures And Monsters/Dragons/Juvenile Dragon/Roars Screeches and Pain/CREADrgn_Juvenile dragon screech 2_GfxSounds_FantasyGameBundle.wav,557448,3dc7012a7aa95412b90ddc23344ab0c670c8746fdc0eeece46cfe884d2b0accb,Creatures And Monsters,2,48000,16
audio/Creatures And Monsters/Dragons/Juvenile Dragon/Roars Screeches and Pain/CREADrgn_Juvenile dragon screech 3_GfxSounds_FantasyGameBundle.wav,Fantasy Game Bundle/Creatures And Monsters/Dragons/Juvenile Dragon/Roars Screeches and Pain/CREADrgn_Juvenile dragon screech 3_GfxSounds_FantasyGameBundle.wav,499792,3655c729758b32ad621ea2659cc7c8ff0219b09d22f1845c0bf6054edfd30905,Creatures And Monsters,2,48000,16
audio/Creatures And Monsters/Dragons/Juvenile Dragon/Roars Screeches and Pain/CREADrgn_Juvenile dragon screech 4_GfxSounds_FantasyGameBundle.wav,Fantasy Game Bundle/Creatures And Monsters/Dragons/Juvenile Dragon/Roars Screeches and Pain/CREADrgn_Juvenile dragon screech 4_GfxSounds_FantasyGameBundle.wav,544636,80b2c9e9abf0d3bc14e9cc453bc91f9b0e308191cd5e751da159e25a8db0f257,Creatures And Monsters,2,48000,16
audio/Creatures And Monsters/Dragons/Juvenile Dragon/Roars Screeches and Pain/CREADrgn_Juvenile dragon screech 5_GfxSounds_FantasyGameBundle.wav,Fantasy Game Bundle/Creatures And Monsters/Dragons/Juvenile Dragon/Roars Screeches and Pain/CREADrgn_Juvenile dragon screech 5_GfxSounds_FantasyGameBundle.wav,621516,86b9610ef3a801e54bca5b5ef08274ccec2d3060ef896054f3e1ec2d05b894bf,Creatures And Monsters,2,48000,16
audio/Creatures And Monsters/Dragons/Juvenile Dragon/Roars Screeches and Pain/CREADrgn_Juvenile dragon screech_GfxSounds_FantasyGameBundle.wav,Fantasy Game Bundle/Creatures And Monsters/Dragons/Juvenile Dragon/Roars Screeches and Pain/CREADrgn_Juvenile dragon screech_GfxSounds_FantasyGameBundle.wav,666360,05aab9deee870815531d8ec5d96ec9f0a34617ad771f190bc13310a29a30bd5b,Creatures And Monsters,2,48000,16
audio/Creatures And Monsters/Dragons/Juvenile Dragon/Wings and Flight/CREADrgn_Juvenile dragon flight wing flap 2_GfxSounds_FantasyGameBundle.wav,Fantasy Game Bundle/Creatures And Monsters/Dragons/Juvenile Dragon/Wings and Flight/CREADrgn_Juvenile dragon flight wing flap 2_GfxSounds_FantasyGameBundle.wav,448540,6443381c153b2405fc7bc723cd12d534472ff3a962294f8a6a18c516ee536a3e,Creatures And Monsters,2,48000,16
audio/Creatures And Monsters/Dragons/Juvenile Dragon/Wings and Flight/CREADrgn_Juvenile dragon flight wing flap 3_GfxSounds_FantasyGameBundle.wav,Fantasy Game Bundle/Creatures And Monsters/Dragons/Juvenile Dragon/Wings and Flight/CREADrgn_Juvenile dragon flight wing flap 3_GfxSounds_FantasyGameBundle.wav,538228,e309a52287dd7bd44003721ee2d596a4a60893da69d8f0a1398c6c20341e3b5e,Creatures And Monsters,2,48000,16
audio/Creatures And Monsters/Dragons/Juvenile Dragon/Wings and Flight/CREADrgn_Juvenile dragon flight wing flap 4_GfxSounds_FantasyGameBundle.wav,Fantasy Game Bundle/Creatures And Monsters/Dragons/Juvenile Dragon/Wings and Flight/CREADrgn_Juvenile dragon flight wing flap 4_GfxSounds_FantasyGameBundle.wav,365256,5042c9993c54bb7aa92976700b193cbdd04da7c7b3432853f680160f03f9a752,Creatures And Monsters,2,48000,16
audio/Creatures And Monsters/Dragons/Juvenile Dragon/Wings and Flight/CREADrgn_Juvenile dragon flight wing flap 5_GfxSounds_FantasyGameBundle.wav,Fantasy Game Bundle/Creatures And Monsters/Dragons/Juvenile Dragon/Wings and Flight/CREADrgn_Juvenile dragon flight wing flap 5_GfxSounds_FantasyGameBundle.wav,390884,2cf54e2f10d070e052e97e2a79bfb91ffc49b5f7d05fc12b5f0e776332cccbcb,Creatures And Monsters,2,48000,16
audio/Creatures And Monsters/Dragons/Juvenile Dragon/Wings and Flight/CREADrgn_Juvenile dragon flight wing flap 6_GfxSounds_FantasyGameBundle.wav,Fantasy Game Bundle/Creatures And Monsters/Dragons/Juvenile Dragon/Wings and Flight/CREADrgn_Juvenile dragon flight wing flap 6_GfxSounds_FantasyGameBundle.wav,627920,093299b75952baed0d05b52f17c2a644a4619ca9ee3546c751a1850f103cb898,Creatures And Monsters,2,48000,16
audio/Creatures And Monsters/Dragons/Juvenile Dragon/Wings and Flight/CREADrgn_Juvenile dragon flight wing flap_GfxSounds_FantasyGameBundle.wav,Fantasy Game Bundle/Creatures And Monsters/Dragons/Juvenile Dragon/Wings and Flight/CREADrgn_Juvenile dragon flight wing flap_GfxSounds_FantasyGameBundle.wav,570260,3b51a3b08290668abb345be7bef2183ce9ba8dde97e239b3b213308bb761d276,Creatures And Monsters,2,48000,16
audio/Creatures And Monsters/Dragons/Juvenile Dragon/Wings and Flight/CREADrgn_Juvenile dragon takeoff 2_GfxSounds_FantasyGameBundle.wav,Fantasy Game Bundle/Creatures And Monsters/Dragons/Juvenile Dragon/Wings and Flight/CREADrgn_Juvenile dragon takeoff 2_GfxSounds_FantasyGameBundle.wav,845736,7d1d721272de69991968d9d8b6988fd99324f1ebb162e34f1e4101d86c936e85,Creatures And Monsters,2,48000,16
audio/Creatures And Monsters/Dragons/Juvenile Dragon/Wings and Flight/CREADrgn_Juvenile dragon takeoff_GfxSounds_FantasyGameBundle.wav,Fantasy Game Bundle/Creatures And Monsters/Dragons/Juvenile Dragon/Wings and Flight/CREADrgn_Juvenile dragon takeoff_GfxSounds_FantasyGameBundle.wav,1127620,9ad892461b964dd98bf41751d9cbc496a1e6cd87cc5ff0c97eabd34c8188528c,Creatures And Monsters,2,48000,16
audio/Creatures And Monsters/Dragons/Juvenile Dragon/Wings and Flight/CREADrgn_Juvenile dragon wing flap 2_GfxSounds_FantasyGameBundle.wav,Fantasy Game Bundle/Creatures And Monsters/Dragons/Juvenile Dragon/Wings and Flight/CREADrgn_Juvenile dragon wing flap 2_GfxSounds_FantasyGameBundle.wav,224320,d2aac212e014a2e443d320790a48dcacde095f578a26c110853d00cd02b61d37,Creatures And Monsters,2,48000,16
audio/Creatures And Monsters/Dragons/Juvenile Dragon/Wings and Flight/CREADrgn_Juvenile dragon wing flap 3_GfxSounds_FantasyGameBundle.wav,Fantasy Game Bundle/Creatures And Monsters/Dragons/Juvenile Dragon/Wings and Flight/CREADrgn_Juvenile dragon wing flap 3_GfxSounds_FantasyGameBundle.wav,262756,2cadffce9cef7cd86e4c873fa4e071f236fa15487242ca3d9fe29673b5ec6158,Creatures And Monsters,2,48000,16
audio/Creatures And Monsters/Dragons/Juvenile Dragon/Wings and Flight/CREADrgn_Juvenile dragon wing flap_GfxSounds_FantasyGameBundle.wav,Fantasy Game Bundle/Creatures And Monsters/Dragons/Juvenile Dragon/Wings and Flight/CREADrgn_Juvenile dragon wing flap_GfxSounds_FantasyGameBundle.wav,230724,1300f591902c436361394f6c7781ee41df03d173f07cec4e7a3b9e11dd34165b,Creatures And Monsters,2,48000,16
audio/Creatures And Monsters/Dragons/Underwater Dragon/Movement/CREADrgn_Underwater dragon movement 2_GfxSounds_FantasyGameBundle.wav,Fantasy Game Bundle/Creatures And Monsters/Dragons/Underwater Dragon/Movement/CREADrgn_Underwater dragon movement 2_GfxSounds_FantasyGameBundle.wav,1217308,d6996c68bc6b5bf460dad462fc6ab172f1b233cf873e6b5cf64bf730fc6b6c80,Creatures And Monsters,2,48000,16
audio/Creatures And Monsters/Dragons/Underwater Dragon/Movement/CREADrgn_Underwater dragon movement 3_GfxSounds_FantasyGameBundle.wav,Fantasy Game Bundle/Creatures And Monsters/Dragons/Underwater Dragon/Movement/CREADrgn_Underwater dragon movement 3_GfxSounds_FantasyGameBundle.wav,2556248,a2ab6f1c82000613e0d9451e3bd8e3727b87a64beba819603d5d183399f7107a,Creatures And Monsters,2,48000,16
audio/Creatures And Monsters/Dragons/Underwater Dragon/Movement/CREADrgn_Underwater dragon movement 4_GfxSounds_FantasyGameBundle.wav,Fantasy Game Bundle/Creatures And Monsters/Dragons/Underwater Dragon/Movement/CREADrgn_Underwater dragon movement 4_GfxSounds_FantasyGameBundle.wav,980272,5037e9f521097b17d1da57bb25ec4937bf646cd4915b077a9e6b4292c23456de,Creatures And Monsters,2,48000,16
audio/Creatures And Monsters/Dragons/Underwater Dragon/Movement/CREADrgn_Underwater dragon movement 5_GfxSounds_FantasyGameBundle.wav,Fantasy Game Bundle/Creatures And Monsters/Dragons/Underwater Dragon/Movement/CREADrgn_Underwater dragon movement 5_GfxSounds_FantasyGameBundle.wav,1576064,3ea17e45a2fb58cc4ea11946689f1359707fa4ef56547b459d44b1b46ae0617e,Creatures And Monsters,2,48000,16
audio/Creatures And Monsters/Dragons/Underwater Dragon/Movement/CREADrgn_Underwater dragon movement 6_GfxSounds_FantasyGameBundle.wav,Fantasy Game Bundle/Creatures And Monsters/Dragons/Underwater Dragon/Movement/CREADrgn_Underwater dragon movement 6_GfxSounds_FantasyGameBundle.wav,1441532,7fe3162c5eec1b0271f5ffa4f02c5ca502b28f9e732c759454757a336b743173,Creatures And Monsters,2,48000,16
audio/Creatures And Monsters/Dragons/Underwater Dragon/Movement/CREADrgn_Underwater dragon movement_GfxSounds_FantasyGameBundle.wav,Fantasy Game Bundle/Creatures And Monsters/Dragons/Underwater Dragon/Movement/CREADrgn_Underwater dragon movement_GfxSounds_FantasyGameBundle.wav,1396688,4ac18e5529cfee35aa051a6a46c2e68076bfaf2a1c2ba3007c54fbbcec7b336b,Creatures And Monsters,2,48000,16
audio/Creatures And Monsters/Dragons/Underwater Dragon/Roars/CREADrgn_Underwater dragon roar 2_GfxSounds_FantasyGameBundle.wav,Fantasy Game Bundle/Creatures And Monsters/Dragons/Underwater Dragon/Roars/CREADrgn_Underwater dragon roar 2_GfxSounds_FantasyGameBundle.wav,1524816,1479f113babf5cf961d3bf4b8d9f2b70795b99783e3f174df28a2e78ed0ae899,Creatures And Monsters,2,48000,16
audio/Creatures And Monsters/Dragons/Underwater Dragon/Roars/CREADrgn_Underwater dragon roar 3_GfxSounds_FantasyGameBundle.wav,Fantasy Game Bundle/Creatures And Monsters/Dragons/Underwater Dragon/Roars/CREADrgn_Underwater dragon roar 3_GfxSounds_FantasyGameBundle.wav,1300592,3d5e77f2cf0a20de1eb0afa7c18b5bef69e622d7f31cc498fa206b150c8430ee,Creatures And Monsters,2,48000,16
audio/Creatures And Monsters/Dragons/Underwater Dragon/Roars/CREADrgn_Underwater dragon roar 4_GfxSounds_FantasyGameBundle.wav,Fantasy Game Bundle/Creatures And Monsters/Dragons/Underwater Dragon/Roars/CREADrgn_Underwater dragon roar 4_GfxSounds_FantasyGameBundle.wav,1249340,164126b8165df8cede1294d72b3fdbe6ba2cc4aa5b31e953b8658cb64a404bb5,Creatures And Monsters,2,48000,16
audio/Creatures And Monsters/Dragons/Underwater Dragon/Roars/CREADrgn_Underwater dragon roar 5_GfxSounds_FantasyGameBundle.wav,Fantasy Game Bundle/Creatures And Monsters/Dragons/Underwater Dragon/Roars/CREADrgn_Underwater dragon roar 5_GfxSounds_FantasyGameBundle.wav,1742632,8b31ccd0dba40bff43e6b31dfcda37e375fc257bcdd7cddeab81a7960874bfc8,Creatures And Monsters,2,48000,16
audio/Creatures And Monsters/Dragons/Underwater Dragon/Roars/CREADrgn_Underwater dragon roar 6_GfxSounds_FantasyGameBundle.wav,Fantasy Game Bundle/Creatures And Monsters/Dragons/Underwater Dragon/Roars/CREADrgn_Underwater dragon roar 6_GfxSounds_FantasyGameBundle.wav,1793884,42d3f260bd7dc2da19dcbd4bb2a0fac6440172ecd594d94421da61910bb8513f,Creatures And Monsters,2,48000,16
audio/Creatures And Monsters/Dragons/Underwater Dragon/Roars/CREADrgn_Underwater dragon roar_GfxSounds_FantasyGameBundle.wav,Fantasy Game Bundle/Creatures And Monsters/Dragons/Underwater Dragon/Roars/CREADrgn_Underwater dragon roar_GfxSounds_FantasyGameBundle.wav,1992484,ad1313105df709ed46fee73da13885801bb3e14b9b8a12750b4a8242b9c61422,Creatures And Monsters,2,48000,16
audio/Creatures And Monsters/Generic Monsters/Calls/CREASmall_Monster creature call 2_GfxSounds_FantasyGameBundle.wav,Fantasy Game Bundle/Creatures And Monsters/Generic Monsters/Calls/CREASmall_Monster creature call 2_GfxSounds_FantasyGameBundle.wav,111924,01f7d1a7508041d209f872948097e8232cd3430f35274bfde43052c32b1e76d2,Creatures And Monsters,2,44100,16
audio/Creatures And Monsters/Generic Monsters/Calls/CREASmall_Monster creature call 3_GfxSounds_FantasyGameBundle.wav,Fantasy Game Bundle/Creatures And Monsters/Generic Monsters/Calls/CREASmall_Monster creature call 3_GfxSounds_FantasyGameBundle.wav,117808,841587a1ee2b4816bc85a02e3324a6ce5445aab58c2ee630b9461202ebca746b,Creatures And Monsters,2,44100,16
audio/Creatures And Monsters/Generic Monsters/Calls/CREASmall_Monster creature call 4_GfxSounds_FantasyGameBundle.wav,Fantasy Game Bundle/Creatures And Monsters/Generic Monsters/Calls/CREASmall_Monster creature call 4_GfxSounds_FantasyGameBundle.wav,188440,147ce4cd1d8a978703a517d990f78fe5d30d1435a76b51cb9926a47c632c6a5e,Creatures And Monsters,2,44100,16
audio/Creatures And Monsters/Generic Monsters/Calls/CREASmall_Monster creature call 5_GfxSounds_FantasyGameBundle.wav,Fantasy Game Bundle/Creatures And Monsters/Generic Monsters/Calls/CREASmall_Monster creature call 5_GfxSounds_FantasyGameBundle.wav,141352,308e7fa012563c5a2346c33ed5f197af202954a91a03523c463087a7a445e802,Creatures And Monsters,2,44100,16
audio/Creatures And Monsters/Generic Monsters/Calls/CREASmall_Monster creature call 6_GfxSounds_FantasyGameBundle.wav,Fantasy Game Bundle/Creatures And Monsters/Generic Monsters/Calls/CREASmall_Monster creature call 6_GfxSounds_FantasyGameBundle.wav,141356,0b0ab7657c154410b60cd62c30a20aea8b7f63c57773e6546a9b0b23d460b316,Creatures And Monsters,2,44100,16
audio/Creatures And Monsters/Generic Monsters/Calls/CREASmall_Monster creature call_GfxSounds_FantasyGameBundle.wav,Fantasy Game Bundle/Creatures And Monsters/Generic Monsters/Calls/CREASmall_Monster creature call_GfxSounds_FantasyGameBundle.wav,123696,591a6b5ea5fcea7c4e312cfb393f67639a4e235e3058740a373ced6d62ad9ce0,Creatures And Monsters,2,44100,16
audio/Creatures And Monsters/Generic Monsters/Pass Bys/CREASmall_Small monster pass by 2_GfxSounds_FantasyGameBundle.wav,Fantasy Game Bundle/Creatures And Monsters/Generic Monsters/Pass Bys/CREASmall_Small monster pass by 2_GfxSounds_FantasyGameBundle.wav,288380,3871e3a36cd03d4ec37af090ebc22907386450388ec605f23bb461c1b486d58d,Creatures And Monsters,2,48000,16
audio/Creatures And Monsters/Generic Monsters/Pass Bys/CREASmall_Small monster pass by 3_GfxSounds_FantasyGameBundle.wav,Fantasy Game Bundle/Creatures And Monsters/Generic Monsters/Pass Bys/CREASmall_Small monster pass by 3_GfxSounds_FantasyGameBundle.wav,262756,71054973f759fcae5a02f8266f68137ac5ab13fbe5688176fbac9bc2c1d95b89,Creatures And Monsters,2,48000,16
audio/Creatures And Monsters/Generic Monsters/Pass Bys/CREASmall_Small monster pass by 4_GfxSounds_FantasyGameBundle.wav,Fantasy Game Bundle/Creatures And Monsters/Generic Monsters/Pass Bys/CREASmall_Small monster pass by 4_GfxSounds_FantasyGameBundle.wav,474164,e5a2a58ec9974dc1d1ef53c02955ab11dae7351613778d83eda28887367f21e3,Creatures And Monsters,2,48000,16
audio/Creatures And Monsters/Generic Monsters/Pass Bys/CREASmall_Small monster pass by 5_GfxSounds_FantasyGameBundle.wav,Fantasy Game Bundle/Creatures And Monsters/Generic Monsters/Pass Bys/CREASmall_Small monster pass by 5_GfxSounds_FantasyGameBundle.wav,480572,0cf0697b219b8bddaac6298e069cca4dc5dccd276cd977a02d7c42b3ee9771d7,Creatures And Monsters,2,48000,16
audio/Creatures And Monsters/Generic Monsters/Pass Bys/CREASmall_Small monster pass by_GfxSounds_FantasyGameBundle.wav,Fantasy Game Bundle/Creatures And Monsters/Generic Monsters/Pass Bys/CREASmall_Small monster pass by_GfxSounds_FantasyGameBundle.wav,198692,af7ccc1803ff872dc1d4555c0586405c6bc8f95dc49b1381fa9ff82a67ee2f1d,Creatures And Monsters,2,48000,16
audio/Creatures And Monsters/Humanoids/Goblin/Attacks/CREAHmn_Goblin quick attack 2_GfxSounds_FantasyGameBundle.wav,Fantasy Game Bundle/Creatures And Monsters/Humanoids/Goblin/Attacks/CREAHmn_Goblin quick attack 2_GfxSounds_FantasyGameBundle.wav,94268,cb28b520c16faa01969f04d3b9846389bd0f2623720debbb821f1d9e02ed26e4,Creatures And Monsters,2,44100,16
audio/Creatures And Monsters/Humanoids/Goblin/Attacks/CREAHmn_Goblin quick attack_GfxSounds_FantasyGameBundle.wav,Fantasy Game Bundle/Creatures And Monsters/Humanoids/Goblin/Attacks/CREAHmn_Goblin quick attack_GfxSounds_FantasyGameBundle.wav,188440,b0489c36ada52896c5838f753fcbb71b9965f0369b3aa47d26ce81454c4f0e20,Creatures And Monsters,2,44100,16
audio/Creatures And Monsters/Humanoids/Goblin/Idles and Burps/CREAHmn_Goblin burp 2_GfxSounds_FantasyGameBundle.wav,Fantasy Game Bundle/Creatures And Monsters/Humanoids/Goblin/Idles and Burps/CREAHmn_Goblin burp 2_GfxSounds_FantasyGameBundle.wav,94268,9c2fe27ca9ba23ca0f2deaaf75d83c246be33bfc4a16947559d4ff6a847f2295,Creatures And Monsters,2,44100,16
audio/Creatures And Monsters/Humanoids/Goblin/Idles and Burps/CREAHmn_Goblin burp 3_GfxSounds_FantasyGameBundle.wav,Fantasy Game Bundle/Creatures And Monsters/Humanoids/Goblin/Idles and Burps/CREAHmn_Goblin burp 3_GfxSounds_FantasyGameBundle.wav,170784,cf60ea27e4640e9509f3eddb97175f1b41836f597e220cfb01488d7f673bdafc,Creatures And Monsters,2,44100,16
audio/Creatures And Monsters/Humanoids/Goblin/Idles and Burps/CREAHmn_Goblin burp_GfxSounds_FantasyGameBundle.wav,Fantasy Game Bundle/Creatures And Monsters/Humanoids/Goblin/Idles and Burps/CREAHmn_Goblin burp_GfxSounds_FantasyGameBundle.wav,76608,7d815e77927bcb8f831db5f9599bebb9be295abab616baf24b41ecc33a5d52e6,Creatures And Monsters,2,44100,16
audio/Creatures And Monsters/Humanoids/Goblin/Laughs and Cackles/CREAHmn_Goblin cackle reverb 2_GfxSounds_FantasyGameBundle.wav,Fantasy Game Bundle/Creatures And Monsters/Humanoids/Goblin/Laughs and Cackles/CREAHmn_Goblin cackle reverb 2_GfxSounds_FantasyGameBundle.wav,253184,0745f2a7c9544e91ef886234c26f0cf3986715a5b9202f0ed1ed0f83cf3b7cde,Creatures And Monsters,2,44100,16
audio/Creatures And Monsters/Humanoids/Goblin/Laughs and Cackles/CREAHmn_Goblin cackle reverb_GfxSounds_FantasyGameBundle.wav,Fantasy Game Bundle/Creatures And Monsters/Humanoids/Goblin/Laughs and Cackles/CREAHmn_Goblin cackle reverb_GfxSounds_FantasyGameBundle.wav,235528,cc57107f4e81a7cba2cc7b8c0de778988f0f1023ff8dca64bad9bd55937e244d,Creatures And Monsters,2,44100,16
audio/Creatures And Monsters/Humanoids/Goblin/Laughs and Cackles/CREAHmn_Goblin creepy laugh 2_GfxSounds_FantasyGameBundle.wav,Fantasy Game Bundle/Creatures And Monsters/Humanoids/Goblin/Laughs and Cackles/CREAHmn_Goblin creepy laugh 2_GfxSounds_FantasyGameBundle.wav,353244,d7c5c320dae1dfa12f484ddc1fd3ed29a85242c4fa5d712da4b7113f65a1ddc0,Creatures And Monsters,2,44100,16
audio/Creatures And Monsters/Humanoids/Goblin/Laughs and Cackles/CREAHmn_Goblin creepy laugh 3_GfxSounds_FantasyGameBundle.wav,Fantasy Game Bundle/Creatures And Monsters/Humanoids/Goblin/Laughs and Cackles/CREAHmn_Goblin creepy laugh 3_GfxSounds_FantasyGameBundle.wav,241416,3001c15949078efc11a4e84250527908dfba186fec4127be4173f8a70b89f0d0,Creatures And Monsters,2,44100,16
audio/Creatures And Monsters/Humanoids/Goblin/Laughs and Cackles/CREAHmn_Goblin creepy laugh 4_GfxSounds_FantasyGameBundle.wav,Fantasy Game Bundle/Creatures And Monsters/Humanoids/Goblin/Laughs and Cackles/CREAHmn_Goblin creepy laugh 4_GfxSounds_FantasyGameBundle.wav,270844,fb224437abad2c8c85f28a4a682ccf4cc216c6d46d51a18a272e759950beb4d3,Creatures And Monsters,2,44100,16
audio/Creatures And Monsters/Humanoids/Goblin/Pain and Reactions/CREAHmn_Goblin aggressive reaction 2_GfxSounds_FantasyGameBundle.wav,Fantasy Game Bundle/Creatures And Monsters/Humanoids/Goblin/Pain and Reactions/CREAHmn_Goblin aggressive reaction 2_GfxSounds_FantasyGameBundle.wav,153124,486d07b4ff2731ba81cbf406e5b014d2874fd7f98fa74ef85f0a8173d2db5147,Creatures And Monsters,2,44100,16
audio/Creatures And Monsters/Humanoids/Goblin/Pain and Reactions/CREAHmn_Goblin aggressive reaction 3_GfxSounds_FantasyGameBundle.wav,Fantasy Game Bundle/Creatures And Monsters/Humanoids/Goblin/Pain and Reactions/CREAHmn_Goblin aggressive reaction 3_GfxSounds_FantasyGameBundle.wav,188440,177463b445c13dc63c9ac38b3f3f0c63f959f6bef60caf4eba97aa8215189828,Creatures And Monsters,2,44100,16
audio/Creatures And Monsters/Humanoids/Goblin/Pain and Reactions/CREAHmn_Goblin aggressive reaction_GfxSounds_FantasyGameBundle.wav,Fantasy Game Bundle/Creatures And Monsters/Humanoids/Goblin/Pain and Reactions/CREAHmn_Goblin aggressive reaction_GfxSounds_FantasyGameBundle.wav,159012,615578ab3c3311f86055c384e4172afff30841b6eac0dce7ec48320b3e1ddc4f,Creatures And Monsters,2,44100,16
audio/Creatures And Monsters/Humanoids/Goblin/Pain and Reactions/CREAHmn_Goblin pain hit_GfxSounds_FantasyGameBundle.wav,Fantasy Game Bundle/Creatures And Monsters/Humanoids/Goblin/Pain and Reactions/CREAHmn_Goblin pain hit_GfxSounds_FantasyGameBundle.wav,194328,7b59d794f31261b7fc88d674b03f00da17b9d3928365ab9bcd54581cb787dc2a,Creatures And Monsters,2,44100,16
audio/Creatures And Monsters/Humanoids/Goblin/Pain and Reactions/CREAHmn_Goblin small pain hit_GfxSounds_FantasyGameBundle.wav,Fantasy Game Bundle/Creatures And Monsters/Humanoids/Goblin/Pain and Reactions/CREAHmn_Goblin small pain hit_GfxSounds_FantasyGameBundle.wav,182552,4892d3cbd3216421cc8ea7400ab0cc35c69a0ae16248086cb01818d5c40c83a9,Creatures And Monsters,2,44100,16
audio/Creatures And Monsters/Humanoids/Goblin/Pain and Reactions/CREAHmn_Goblin surprised reaction_GfxSounds_FantasyGameBundle.wav,Fantasy Game Bundle/Creatures And Monsters/Humanoids/Goblin/Pain and Reactions/CREAHmn_Goblin surprised reaction_GfxSounds_FantasyGameBundle.wav,176668,931e675c32da9507beac503df414f764c80a801b32ea30d5c4718b9fb8f4381c,Creatures And Monsters,2,44100,16
audio/Creatures And Monsters/Humanoids/Humanoid Beast/Attacks/CREAHmn_Humanoid beast attack 2_GfxSounds_FantasyGameBundle.wav,Fantasy Game Bundle/Creatures And Monsters/Humanoids/Humanoid Beast/Attacks/CREAHmn_Humanoid beast attack 2_GfxSounds_FantasyGameBundle.wav,371664,3fcb92a0e84aac79395397eb9dfcd1deb635c62adb9686dd19caa30d1019831e,Creatures And Monsters,2,48000,16
audio/Creatures And Monsters/Humanoids/Humanoid Beast/Attacks/CREAHmn_Humanoid beast attack 3_GfxSounds_FantasyGameBundle.wav,Fantasy Game Bundle/Creatures And Monsters/Humanoids/Humanoid Beast/Attacks/CREAHmn_Humanoid beast attack 3_GfxSounds_FantasyGameBundle.wav,474164,8db5d4334a7778e3222f2c2c6987c520c22e0c770a951fe815c728d651279a5b,Creatures And Monsters,2,48000,16
audio/Creatures And Monsters/Humanoids/Humanoid Beast/Attacks/CREAHmn_Humanoid beast attack_GfxSounds_FantasyGameBundle.wav,Fantasy Game Bundle/Creatures And Monsters/Humanoids/Humanoid Beast/Attacks/CREAHmn_Humanoid beast attack_GfxSounds_FantasyGameBundle.wav,416508,7080ca733ecd8e29a3a7d3ab7baa4992976cc15549adf9b6b4cb7d933c068927,Creatures And Monsters,2,48000,16
audio/Creatures And Monsters/Humanoids/Humanoid Beast/Feeding/CREAHmn_Humanoid beast flesh eating 2_GfxSounds_FantasyGameBundle.wav,Fantasy Game Bundle/Creatures And Monsters/Humanoids/Humanoid Beast/Feeding/CREAHmn_Humanoid beast flesh eating 2_GfxSounds_FantasyGameBundle.wav,756048,3b880a134ee62e7d7ba59a81905eb054f4184ac45d0f3ecda56378d7c585e127,Creatures And Monsters,2,48000,16
audio/Creatures And Monsters/Humanoids/Humanoid Beast/Feeding/CREAHmn_Humanoid beast flesh eating 3_GfxSounds_FantasyGameBundle.wav,Fantasy Game Bundle/Creatures And Monsters/Humanoids/Humanoid Beast/Feeding/CREAHmn_Humanoid beast flesh eating 3_GfxSounds_FantasyGameBundle.wav,583076,8990396527d093f58c05edccafa2456b228b62b29a642f6747e6b2dcebea81da,Creatures And Monsters,2,48000,16
audio/Creatures And Monsters/Humanoids/Humanoid Beast/Feeding/CREAHmn_Humanoid beast flesh eating_GfxSounds_FantasyGameBundle.wav,Fantasy Game Bundle/Creatures And Monsters/Humanoids/Humanoid Beast/Feeding/CREAHmn_Humanoid beast flesh eating_GfxSounds_FantasyGameBundle.wav,1351844,8632f4f711790bea5becbc76ffee64e5416d9ad3f0ce283705937d5a89771d70,Creatures And Monsters,2,48000,16
audio/Creatures And Monsters/Humanoids/Humanoid Beast/Vocals and Reactions/CREAHmn_Humanoid beast death_GfxSounds_FantasyGameBundle.wav,Fantasy Game Bundle/Creatures And Monsters/Humanoids/Humanoid Beast/Vocals and Reactions/CREAHmn_Humanoid beast death_GfxSounds_FantasyGameBundle.wav,217908,c112826d014c611b3101890876d3855cf8bbdb88d6c562418b6f5359460922d0,Creatures And Monsters,2,48000,16
audio/Creatures And Monsters/Humanoids/Humanoid Beast/Vocals and Reactions/CREAHmn_Humanoid beast growl_GfxSounds_FantasyGameBundle.wav,Fantasy Game Bundle/Creatures And Monsters/Humanoids/Humanoid Beast/Vocals and Reactions/CREAHmn_Humanoid beast growl_GfxSounds_FantasyGameBundle.wav,378068,0859236788a728507fa8ad96e9f46f6d6e533855e5d6146cc8a99dd9c299ed1f,Creatures And Monsters,2,48000,16
audio/Creatures And Monsters/Humanoids/Humanoid Beast/Vocals and Reactions/CREAHmn_Humanoid beast hiss 2_GfxSounds_FantasyGameBundle.wav,Fantasy Game Bundle/Creatures And Monsters/Humanoids/Humanoid Beast/Vocals and Reactions/CREAHmn_Humanoid beast hiss 2_GfxSounds_FantasyGameBundle.wav,269164,cac3deafd9baaa1ed0d88bf09b341366f812b78cdd601000034e606c766186da,Creatures And Monsters,2,48000,16
audio/Creatures And Monsters/Humanoids/Humanoid Beast/Vocals and Reactions/CREAHmn_Humanoid beast hiss_GfxSounds_FantasyGameBundle.wav,Fantasy Game Bundle/Creatures And Monsters/Humanoids/Humanoid Beast/Vocals and Reactions/CREAHmn_Humanoid beast hiss_GfxSounds_FantasyGameBundle.wav,192284,ef86edb832e7a13a829162b399bb0193b50df8dfb80061d993ce3e2d1b30504f,Creatures And Monsters,2,48000,16
audio/Creatures And Monsters/Humanoids/Humanoid Beast/Vocals and Reactions/CREAHmn_Humanoid beast pain hit_GfxSounds_FantasyGameBundle.wav,Fantasy Game Bundle/Creatures And Monsters/Humanoids/Humanoid Beast/Vocals and Reactions/CREAHmn_Humanoid beast pain hit_GfxSounds_FantasyGameBundle.wav,205096,eb771843c3820bf2aa2a7602fadff96bdc6dc71edf964d555c72fd2804530739,Creatures And Monsters,2,48000,16
audio/Creatures And Monsters/Humanoids/Orc/Breathing Grunts and Idles/CREAHmn_Orc breathing 2_GfxSounds_FantasyGameBundle.wav,Fantasy Game Bundle/Creatures And Monsters/Humanoids/Orc/Breathing Grunts and Idles/CREAHmn_Orc breathing 2_GfxSounds_FantasyGameBundle.wav,1242932,ebc7c90e4a7614ebdb520001ad55238f1471e5853cdccc43edeaaafd7a045ffa,Creatures And Monsters,2,48000,16
audio/Creatures And Monsters/Humanoids/Orc/Breathing Grunts and Idles/CREAHmn_Orc breathing 3_GfxSounds_FantasyGameBundle.wav,Fantasy Game Bundle/Creatures And Monsters/Humanoids/Orc/Breathing Grunts and Idles/CREAHmn_Orc breathing 3_GfxSounds_FantasyGameBundle.wav,1646536,4006294a0ed2794ca42e58d3a4b828020dd16b22d6f297ab9e0729729a425954,Creatures And Monsters,2,48000,16
audio/Creatures And Monsters/Humanoids/Orc/Breathing Grunts and Idles/CREAHmn_Orc breathing_GfxSounds_FantasyGameBundle.wav,Fantasy Game Bundle/Creatures And Monsters/Humanoids/Orc/Breathing Grunts and Idles/CREAHmn_Orc breathing_GfxSounds_FantasyGameBundle.wav,1383872,8f5d92ba86e663f5a22beddcfb67b8c41e71aa79f942d4a2308ac66f2975abed,Creatures And Monsters,2,48000,16
audio/Creatures And Monsters/Humanoids/Orc/Breathing Grunts and Idles/CREAHmn_Orc short grunt 2_GfxSounds_FantasyGameBundle.wav,Fantasy Game Bundle/Creatures And Monsters/Humanoids/Orc/Breathing Grunts and Idles/CREAHmn_Orc short grunt 2_GfxSounds_FantasyGameBundle.wav,288380,25e3c10bcb211eb1fe4fe149d72e64915bc59d9f76eec7e6bf8034b229e72a0f,Creatures And Monsters,2,48000,16
audio/Creatures And Monsters/Humanoids/Orc/Breathing Grunts and Idles/CREAHmn_Orc short grunt 3_GfxSounds_FantasyGameBundle.wav,Fantasy Game Bundle/Creatures And Monsters/Humanoids/Orc/Breathing Grunts and Idles/CREAHmn_Orc short grunt 3_GfxSounds_FantasyGameBundle.wav,224316,0b66fa27cbab31f968828dcd633585ebaf007360ad432cfdc0c3559435075834,Creatures And Monsters,2,48000,16
audio/Creatures And Monsters/Humanoids/Orc/Breathing Grunts and Idles/CREAHmn_Orc short grunt 4_GfxSounds_FantasyGameBundle.wav,Fantasy Game Bundle/Creatures And Monsters/Humanoids/Orc/Breathing Grunts and Idles/CREAHmn_Orc short grunt 4_GfxSounds_FantasyGameBundle.wav,249944,8ee1cc658c720f7de499122fe9339bad5a3782cf33e7ee80c50f1c73d4fc50f3,Creatures And Monsters,2,48000,16
audio/Creatures And Monsters/Humanoids/Orc/Breathing Grunts and Idles/CREAHmn_Orc short grunt 5_GfxSounds_FantasyGameBundle.wav,Fantasy Game Bundle/Creatures And Monsters/Humanoids/Orc/Breathing Grunts and Idles/CREAHmn_Orc short grunt 5_GfxSounds_FantasyGameBundle.wav,371664,dbafaa0d8cddf9b4530617e6accd9b2ea7928e341cadfe2a0e4ef246e53867a3,Creatures And Monsters,2,48000,16
audio/Creatures And Monsters/Humanoids/Orc/Breathing Grunts and Idles/CREAHmn_Orc short grunt_GfxSounds_FantasyGameBundle.wav,Fantasy Game Bundle/Creatures And Monsters/Humanoids/Orc/Breathing Grunts and Idles/CREAHmn_Orc short grunt_GfxSounds_FantasyGameBundle.wav,307600,f46fea86dd0fc79711c7e266ae50d7bdfec8a3d97269f528d24d2c8d01867681,Creatures And Monsters,2,48000,16
audio/Creatures And Monsters/Humanoids/Orc/Combat Vocals/CREAHmn_Orc attack 2_GfxSounds_FantasyGameBundle.wav,Fantasy Game Bundle/Creatures And Monsters/Humanoids/Orc/Combat Vocals/CREAHmn_Orc attack 2_GfxSounds_FantasyGameBundle.wav,205096,8d3139a5f79d8318096a525748977f2259b4c482dd878b26fa57973f15dbbcae,Creatures And Monsters,2,48000,16
audio/Creatures And Monsters/Humanoids/Orc/Combat Vocals/CREAHmn_Orc attack 3_GfxSounds_FantasyGameBundle.wav,Fantasy Game Bundle/Creatures And Monsters/Humanoids/Orc/Combat Vocals/CREAHmn_Orc attack 3_GfxSounds_FantasyGameBundle.wav,269160,c7942ae638d321df0b13c887e86ec2f2ff7309a583ef9f697573da8bcacbde4e,Creatures And Monsters,2,48000,16
audio/Creatures And Monsters/Humanoids/Orc/Combat Vocals/CREAHmn_Orc attack shout 2_GfxSounds_FantasyGameBundle.wav,Fantasy Game Bundle/Creatures And Monsters/Humanoids/Orc/Combat Vocals/CREAHmn_Orc attack shout 2_GfxSounds_FantasyGameBundle.wav,858548,0d3bf994f0f45d61fd9d6e2f8778aa0ed30cd804803e68225d3ba9eae68c30af,Creatures And Monsters,2,48000,16
audio/Creatures And Monsters/Humanoids/Orc/Combat Vocals/CREAHmn_Orc attack shout_GfxSounds_FantasyGameBundle.wav,Fantasy Game Bundle/Creatures And Monsters/Humanoids/Orc/Combat Vocals/CREAHmn_Orc attack shout_GfxSounds_FantasyGameBundle.wav,948240,3453c9e6626bc079beab9c49549e664f60d3478b9f250685f16d9a9f0fc0f1b3,Creatures And Monsters,2,48000,16
audio/Creatures And Monsters/Humanoids/Orc/Combat Vocals/CREAHmn_Orc attack_GfxSounds_FantasyGameBundle.wav,Fantasy Game Bundle/Creatures And Monsters/Humanoids/Orc/Combat Vocals/CREAHmn_Orc attack_GfxSounds_FantasyGameBundle.wav,249940,ab50c65adda6f6d6f0114e8d3663eafe10d6ac9034d2c855d73ab7a91b2a91f8,Creatures And Monsters,2,48000,16
audio/Creatures And Monsters/Humanoids/Orc/Combat Vocals/CREAHmn_Orc battle cry 2_GfxSounds_FantasyGameBundle.wav,Fantasy Game Bundle/Creatures And Monsters/Humanoids/Orc/Combat Vocals/CREAHmn_Orc battle cry 2_GfxSounds_FantasyGameBundle.wav,525416,9e88ef579b539a4f739c522f302e0d6c6a5808aa0cef95bd8fb1ed45a1f2e70f,Creatures And Monsters,2,48000,16
audio/Creatures And Monsters/Humanoids/Orc/Combat Vocals/CREAHmn_Orc battle cry_GfxSounds_FantasyGameBundle.wav,Fantasy Game Bundle/Creatures And Monsters/Humanoids/Orc/Combat Vocals/CREAHmn_Orc battle cry_GfxSounds_FantasyGameBundle.wav,448540,1b3c2d66c6198ebd158ed8c4280af04233c55f7d8853625e2fc52423b1e27848,Creatures And Monsters,2,48000,16
audio/Creatures And Monsters/Humanoids/Orc/Combat Vocals/CREAHmn_Orc combat voice 2_GfxSounds_FantasyGameBundle.wav,Fantasy Game Bundle/Creatures And Monsters/Humanoids/Orc/Combat Vocals/CREAHmn_Orc combat voice 2_GfxSounds_FantasyGameBundle.wav,275568,9dc106a1bcd420972a43fb466f3d091dd8aabd33c9ec48a78993667ff0ad6d8f,Creatures And Monsters,2,48000,16
audio/Creatures And Monsters/Humanoids/Orc/Combat Vocals/CREAHmn_Orc combat voice 3_GfxSounds_FantasyGameBundle.wav,Fantasy Game Bundle/Creatures And Monsters/Humanoids/Orc/Combat Vocals/CREAHmn_Orc combat voice 3_GfxSounds_FantasyGameBundle.wav,198692,2f2e7abbd05b7e622ce618f74c977de12fbeef1066d99bea2f2258fa17e89a7b,Creatures And Monsters,2,48000,16
audio/Creatures And Monsters/Humanoids/Orc/Combat Vocals/CREAHmn_Orc combat voice 4_GfxSounds_FantasyGameBundle.wav,Fantasy Game Bundle/Creatures And Monsters/Humanoids/Orc/Combat Vocals/CREAHmn_Orc combat voice 4_GfxSounds_FantasyGameBundle.wav,262752,520aa2a11f78160cfe4da30cf5c6db4c3229c955271514f5e55a393f8481a4ce,Creatures And Monsters,2,48000,16
audio/Creatures And Monsters/Humanoids/Orc/Combat Vocals/CREAHmn_Orc combat voice 5_GfxSounds_FantasyGameBundle.wav,Fantasy Game Bundle/Creatures And Monsters/Humanoids/Orc/Combat Vocals/CREAHmn_Orc combat voice 5_GfxSounds_FantasyGameBundle.wav,294784,c2a9de8a6b280e8e109d0fa3b160ad809708ba973554aded73638c1292d55583,Creatures And Monsters,2,48000,16
audio/Creatures And Monsters/Humanoids/Orc/Combat Vocals/CREAHmn_Orc combat voice_GfxSounds_FantasyGameBundle.wav,Fantasy Game Bundle/Creatures And Monsters/Humanoids/Orc/Combat Vocals/CREAHmn_Orc combat voice_GfxSounds_FantasyGameBundle.wav,237128,0e730525914cd72c2940718cdbfb7c71ddff86a203f73394a640e41ac1cd2aae,Creatures And Monsters,2,48000,16
audio/Creatures And Monsters/Humanoids/Orc/Combat Vocals/CREAHmn_Orc power shout 2_GfxSounds_FantasyGameBundle.wav,Fantasy Game Bundle/Creatures And Monsters/Humanoids/Orc/Combat Vocals/CREAHmn_Orc power shout 2_GfxSounds_FantasyGameBundle.wav,339632,8e3d73b2673be711f64ca28d11d6c7dbd3fa05a9e12b03b100937818cc93750e,Creatures And Monsters,2,48000,16
audio/Creatures And Monsters/Humanoids/Orc/Combat Vocals/CREAHmn_Orc power shout 3_GfxSounds_FantasyGameBundle.wav,Fantasy Game Bundle/Creatures And Monsters/Humanoids/Orc/Combat Vocals/CREAHmn_Orc power shout 3_GfxSounds_FantasyGameBundle.wav,435728,869119e85351fcb823187350df75de88971be34d30d52c4b0de8a65d54e10a27,Creatures And Monsters,2,48000,16
audio/Creatures And Monsters/Humanoids/Orc/Combat Vocals/CREAHmn_Orc power shout_GfxSounds_FantasyGameBundle.wav,Fantasy Game Bundle/Creatures And Monsters/Humanoids/Orc/Combat Vocals/CREAHmn_Orc power shout_GfxSounds_FantasyGameBundle.wav,326820,354b5909aa6a97c82b1fedcafb40734289c1a9da97416e21265524ae1acc0647,Creatures And Monsters,2,48000,16
audio/Creatures And Monsters/Humanoids/Orc/Laughs and Yawns/CREAHmn_Orc laugh 2_GfxSounds_FantasyGameBundle.wav,Fantasy Game Bundle/Creatures And Monsters/Humanoids/Orc/Laughs and Yawns/CREAHmn_Orc laugh 2_GfxSounds_FantasyGameBundle.wav,493384,b2423aa35e503e95c63d542840284439c44e4c727ce4a3713c06dd2d0c292ee7,Creatures And Monsters,2,48000,16
audio/Creatures And Monsters/Humanoids/Orc/Laughs and Yawns/CREAHmn_Orc laugh 3_GfxSounds_FantasyGameBundle.wav,Fantasy Game Bundle/Creatures And Monsters/Humanoids/Orc/Laughs and Yawns/CREAHmn_Orc laugh 3_GfxSounds_FantasyGameBundle.wav,378072,da8e5b6a2dc5cbf37848d5df5b3a178d562c5bc3a9b60ce2f4037b5c3ac2c1fb,Creatures And Monsters,2,48000,16
audio/Creatures And Monsters/Humanoids/Orc/Laughs and Yawns/CREAHmn_Orc laugh_GfxSounds_FantasyGameBundle.wav,Fantasy Game Bundle/Creatures And Monsters/Humanoids/Orc/Laughs and Yawns/CREAHmn_Orc laugh_GfxSounds_FantasyGameBundle.wav,679172,bdd0b9ba1374be3e98c9aa3aa77bfee85eaa006f0584b88e58d4fe01b00caa79,Creatures And Monsters,2,48000,16
audio/Creatures And Monsters/Humanoids/Orc/Laughs and Yawns/CREAHmn_Orc yawn 2_GfxSounds_FantasyGameBundle.wav,Fantasy Game Bundle/Creatures And Monsters/Humanoids/Orc/Laughs and Yawns/CREAHmn_Orc yawn 2_GfxSounds_FantasyGameBundle.wav,551044,1217e841963d442701bbd0f76f35f314474c6ceedb72687d42544d6364379f06,Creatures And Monsters,2,48000,16
audio/Creatures And Monsters/Humanoids/Orc/Laughs and Yawns/CREAHmn_Orc yawn 3_GfxSounds_FantasyGameBundle.wav,Fantasy Game Bundle/Creatures And Monsters/Humanoids/Orc/Laughs and Yawns/CREAHmn_Orc yawn 3_GfxSounds_FantasyGameBundle.wav,685580,a87a43cb9464aad0b27c15e4a9edcfed4ac713cd763109714d7b4dd18348a8d5,Creatures And Monsters,2,48000,16
audio/Creatures And Monsters/Humanoids/Orc/Laughs and Yawns/CREAHmn_Orc yawn_GfxSounds_FantasyGameBundle.wav,Fantasy Game Bundle/Creatures And Monsters/Humanoids/Orc/Laughs and Yawns/CREAHmn_Orc yawn_GfxSounds_FantasyGameBundle.wav,634328,577197e9ccb3a2893b75816a809446766d93a5f31ce651a6640e4872c10dbd25,Creatures And Monsters,2,48000,16
audio/Creatures And Monsters/Humanoids/Orc/Pain and Reactions/CREAHmn_Orc pain 2_GfxSounds_FantasyGameBundle.wav,Fantasy Game Bundle/Creatures And Monsters/Humanoids/Orc/Pain and Reactions/CREAHmn_Orc pain 2_GfxSounds_FantasyGameBundle.wav,294788,732e30fafbbbe436e502fb3d3d92f61a66738b45835c20f498fa30fa809401a4,Creatures And Monsters,2,48000,16
audio/Creatures And Monsters/Humanoids/Orc/Pain and Reactions/CREAHmn_Orc pain 3_GfxSounds_FantasyGameBundle.wav,Fantasy Game Bundle/Creatures And Monsters/Humanoids/Orc/Pain and Reactions/CREAHmn_Orc pain 3_GfxSounds_FantasyGameBundle.wav,416504,81dcbc2e884779c1f889c0d24aba31b96083160fc510502f3c4608afe288e71d,Creatures And Monsters,2,48000,16
audio/Creatures And Monsters/Humanoids/Orc/Pain and Reactions/CREAHmn_Orc pain 4_GfxSounds_FantasyGameBundle.wav,Fantasy Game Bundle/Creatures And Monsters/Humanoids/Orc/Pain and Reactions/CREAHmn_Orc pain 4_GfxSounds_FantasyGameBundle.wav,224316,0b66fa27cbab31f968828dcd633585ebaf007360ad432cfdc0c3559435075834,Creatures And Monsters,2,48000,16
audio/Creatures And Monsters/Humanoids/Orc/Pain and Reactions/CREAHmn_Orc pain_GfxSounds_FantasyGameBundle.wav,Fantasy Game Bundle/Creatures And Monsters/Humanoids/Orc/Pain and Reactions/CREAHmn_Orc pain_GfxSounds_FantasyGameBundle.wav,339632,da693c96c4237f5e463805c9a0e686412f298038b1f42e29f4a33b3fae47b8c3,Creatures And Monsters,2,48000,16
audio/Creatures And Monsters/Humanoids/Orc/Pain and Reactions/CREAHmn_Orc surprised 2_GfxSounds_FantasyGameBundle.wav,Fantasy Game Bundle/Creatures And Monsters/Humanoids/Orc/Pain and Reactions/CREAHmn_Orc surprised 2_GfxSounds_FantasyGameBundle.wav,211504,4bd59324d245cd1a5a3d270a7c3eea19cdbfc094ad0d2e7ac58a0e0f1a5ead2f,Creatures And Monsters,2,48000,16
audio/Creatures And Monsters/Humanoids/Orc/Pain and Reactions/CREAHmn_Orc surprised_GfxSounds_FantasyGameBundle.wav,Fantasy Game Bundle/Creatures And Monsters/Humanoids/Orc/Pain and Reactions/CREAHmn_Orc surprised_GfxSounds_FantasyGameBundle.wav,173064,a5c2335187f59f47fc8b96047f3d3c2c4ac9fcac79e2617a0118d9c195c64bea,Creatures And Monsters,2,48000,16
audio/Creatures And Monsters/Humanoids/Orc/Voice Lines/CREAHmn_Orc voice come here_GfxSounds_FantasyGameBundle.wav,Fantasy Game Bundle/Creatures And Monsters/Humanoids/Orc/Voice Lines/CREAHmn_Orc voice come here_GfxSounds_FantasyGameBundle.wav,390884,9c2e4c094e4f8a7a2092a44940d1a426a2d97e04ac3718e70c838838bc9ec33c,Creatures And Monsters,2,48000,16
audio/Creatures And Monsters/Humanoids/Orc/Voice Lines/CREAHmn_Orc voice good one_GfxSounds_FantasyGameBundle.wav,Fantasy Game Bundle/Creatures And Monsters/Humanoids/Orc/Voice Lines/CREAHmn_Orc voice good one_GfxSounds_FantasyGameBundle.wav,333228,043ae746f88b79def95267c64ecf4888b2d3554efedfdbb9c2d3cdb1a9323fad,Creatures And Monsters,2,48000,16
audio/Creatures And Monsters/Humanoids/Orc/Voice Lines/CREAHmn_Orc voice huh!_GfxSounds_FantasyGameBundle.wav,Fantasy Game Bundle/Creatures And Monsters/Humanoids/Orc/Voice Lines/CREAHmn_Orc voice huh!_GfxSounds_FantasyGameBundle.wav,243536,525c84cf124c90ea9669a5ad7ebca23cebec9d7a9fd147070bc6c9685baeb585,Creatures And Monsters,2,48000,16
audio/Creatures And Monsters/Humanoids/Orc/Voice Lines/CREAHmn_Orc voice i follow your orders_GfxSounds_FantasyGameBundle.wav,Fantasy Game Bundle/Creatures And Monsters/Humanoids/Orc/Voice Lines/CREAHmn_Orc voice i follow your orders_GfxSounds_FantasyGameBundle.wav,685576,b051e6f7fca98d2ffbce4d2c951286881e175bd0a3f7f7bd498ec0776c3013d4,Creatures And Monsters,2,48000,16
audio/Creatures And Monsters/Humanoids/Orc/Voice Lines/CREAHmn_Orc voice i'm running to you_GfxSounds_FantasyGameBundle.wav,Fantasy Game Bundle/Creatures And Monsters/Humanoids/Orc/Voice Lines/CREAHmn_Orc voice i'm running to you_GfxSounds_FantasyGameBundle.wav,390888,9b2481edfa59dd8ab87ec0ee0a7ab0e0634d3b23250f9720a5b33d7a1f293242,Creatures And Monsters,2,48000,16
audio/Creatures And Monsters/Humanoids/Orc/Voice Lines/CREAHmn_Orc voice job done_GfxSounds_FantasyGameBundle.wav,Fantasy Game Bundle/Creatures And Monsters/Humanoids/Orc/Voice Lines/CREAHmn_Orc voice job done_GfxSounds_FantasyGameBundle.wav,371664,a842ec3aa3038b77ebd10ccd27beade3c0ecde2c28f696bfad5bd42baee35525,Creatures And Monsters,2,48000,16
audio/Creatures And Monsters/Humanoids/Orc/Voice Lines/CREAHmn_Orc voice kill them_GfxSounds_FantasyGameBundle.wav,Fantasy Game Bundle/Creatures And Monsters/Humanoids/Orc/Voice Lines/CREAHmn_Orc voice kill them_GfxSounds_FantasyGameBundle.wav,326820,cd2aba90b08ed3a09b37312e9bb74b487f82b4280170cf2434b3becfe37d8837,Creatures And Monsters,2,48000,16
audio/Creatures And Monsters/Humanoids/Orc/Voice Lines/CREAHmn_Orc voice ready for the battle_GfxSounds_FantasyGameBundle.wav,Fantasy Game Bundle/Creatures And Monsters/Humanoids/Orc/Voice Lines/CREAHmn_Orc voice ready for the battle_GfxSounds_FantasyGameBundle.wav,615108,8d7af865599c11279170da13fc595d4ad8d1a0eed440c42e2bd7a8dc3af36f34,Creatures And Monsters,2,48000,16
audio/Creatures And Monsters/Humanoids/Orc/Voice Lines/CREAHmn_Orc voice this is fun_GfxSounds_FantasyGameBundle.wav,Fantasy Game Bundle/Creatures And Monsters/Humanoids/Orc/Voice Lines/CREAHmn_Orc voice this is fun_GfxSounds_FantasyGameBundle.wav,416512,2ea4df219036d88003ea84da3ffb87090f580766245c97f2055f9e7a17a8d2e6,Creatures And Monsters,2,48000,16
audio/Creatures And Monsters/Humanoids/Orc/Voice Lines/CREAHmn_Orc voice welcome to your doom_GfxSounds_FantasyGameBundle.wav,Fantasy Game Bundle/Creatures And Monsters/Humanoids/Orc/Voice Lines/CREAHmn_Orc voice welcome to your doom_GfxSounds_FantasyGameBundle.wav,576672,a315e0138ab108b546dff8fe963dcfeb0d8a6e64cb16d14812069f01dcf3ac9a,Creatures And Monsters,2,48000,16
audio/Creatures And Monsters/Humanoids/Orc/Voice Lines/CREAHmn_Orc voice what do you want_GfxSounds_FantasyGameBundle.wav,Fantasy Game Bundle/Creatures And Monsters/Humanoids/Orc/Voice Lines/CREAHmn_Orc voice what do you want_GfxSounds_FantasyGameBundle.wav,461352,e9f53f1341a21e3943c274c453f1bf5c4721c288c0012760826373c9e448a05b,Creatures And Monsters,2,48000,16
audio/Creatures And Monsters/Humanoids/Orc/Voice Lines/CREAHmn_Orc voice where are you running_GfxSounds_FantasyGameBundle.wav,Fantasy Game Bundle/Creatures And Monsters/Humanoids/Orc/Voice Lines/CREAHmn_Orc voice where are you running_GfxSounds_FantasyGameBundle.wav,480576,b5e9e9cfd0e6152862d8da9b0df2b8ff19354bbf04d84714dd30a47153bf64ea,Creatures And Monsters,2,48000,16
audio/Creatures And Monsters/Humanoids/Orc/Voice Lines/CREAHmn_Orc voice why so scared_GfxSounds_FantasyGameBundle.wav,Fantasy Game Bundle/Creatures And Monsters/Humanoids/Orc/Voice Lines/CREAHmn_Orc voice why so scared_GfxSounds_FantasyGameBundle.wav,563860,3aa652a66261985deb321ce09a2fec57a1899155693628075ea2756bc704df6c,Creatures And Monsters,2,48000,16
audio/Creatures And Monsters/Humanoids/Orc/Voice Lines/CREAHmn_Orc voice you cannot defeat me_GfxSounds_FantasyGameBundle.wav,Fantasy Game Bundle/Creatures And Monsters/Humanoids/Orc/Voice Lines/CREAHmn_Orc voice you cannot defeat me_GfxSounds_FantasyGameBundle.wav,519016,1729016b2b3d972fdc848552f6ac81b29c7d7fa813017a5db0e28311d49f9e9f,Creatures And Monsters,2,48000,16
audio/Creatures And Monsters/Humanoids/Orc/Voice Lines/CREAHmn_Orc voice you will lose_GfxSounds_FantasyGameBundle.wav,Fantasy Game Bundle/Creatures And Monsters/Humanoids/Orc/Voice Lines/CREAHmn_Orc voice you will lose_GfxSounds_FantasyGameBundle.wav,474164,c35ac79720a3d087f332514826441354d2b7a826a498bf5b7a99bd34250b1844,Creatures And Monsters,2,48000,16
audio/Creatures And Monsters/Humanoids/Werewolf/Attacks Bites and Claws/CREAHmn_Werewolf bite flesh attack 2_GfxSounds_FantasyGameBundle.wav,Fantasy Game Bundle/Creatures And Monsters/Humanoids/Werewolf/Attacks Bites and Claws/CREAHmn_Werewolf bite flesh attack 2_GfxSounds_FantasyGameBundle.wav,410104,653a4fc5ee126df1529d82d46a34d2ecc9ee2d054d1f4f5a40e91cf4e8bfd559,Creatures And Monsters,2,48000,16
audio/Creatures And Monsters/Humanoids/Werewolf/Attacks Bites and Claws/CREAHmn_Werewolf bite flesh attack 3_GfxSounds_FantasyGameBundle.wav,Fantasy Game Bundle/Creatures And Monsters/Humanoids/Werewolf/Attacks Bites and Claws/CREAHmn_Werewolf bite flesh attack 3_GfxSounds_FantasyGameBundle.wav,563856,0c3968e97d96625e8b57d1bb6b7335078904b93bf0660d81babacc9249253842,Creatures And Monsters,2,48000,16
audio/Creatures And Monsters/Humanoids/Werewolf/Attacks Bites and Claws/CREAHmn_Werewolf bite flesh attack 4_GfxSounds_FantasyGameBundle.wav,Fantasy Game Bundle/Creatures And Monsters/Humanoids/Werewolf/Attacks Bites and Claws/CREAHmn_Werewolf bite flesh attack 4_GfxSounds_FantasyGameBundle.wav,448540,7deb64a2577770f28c3992bce44af77e7d5a478a9847a5ae0110f1fab9674f32,Creatures And Monsters,2,48000,16
audio/Creatures And Monsters/Humanoids/Werewolf/Attacks Bites and Claws/CREAHmn_Werewolf bite flesh attack 5_GfxSounds_FantasyGameBundle.wav,Fantasy Game Bundle/Creatures And Monsters/Humanoids/Werewolf/Attacks Bites and Claws/CREAHmn_Werewolf bite flesh attack 5_GfxSounds_FantasyGameBundle.wav,442132,60df1b57d76f0d1e48110f42bb1e92dfa47b330618d6be9b8de677b385fdb30d,Creatures And Monsters,2,48000,16
audio/Creatures And Monsters/Humanoids/Werewolf/Attacks Bites and Claws/CREAHmn_Werewolf bite flesh attack_GfxSounds_FantasyGameBundle.wav,Fantasy Game Bundle/Creatures And Monsters/Humanoids/Werewolf/Attacks Bites and Claws/CREAHmn_Werewolf bite flesh attack_GfxSounds_FantasyGameBundle.wav,531824,6494e14ff498fc865ef991b5abc234d22f4ba3b0a1e3fcfe785f92f9bed7d62c,Creatures And Monsters,2,48000,16
audio/Creatures And Monsters/Humanoids/Werewolf/Attacks Bites and Claws/CREAHmn_Werewolf claw slash strike 2_GfxSounds_FantasyGameBundle.wav,Fantasy Game Bundle/Creatures And Monsters/Humanoids/Werewolf/Attacks Bites and Claws/CREAHmn_Werewolf claw slash strike 2_GfxSounds_FantasyGameBundle.wav,134628,135e35034a491b3f06d960b428964b68d7e22aed64b4bdfd7bfea33e924df27b,Creatures And Monsters,2,48000,16
audio/Creatures And Monsters/Humanoids/Werewolf/Attacks Bites and Claws/CREAHmn_Werewolf claw slash strike 3_GfxSounds_FantasyGameBundle.wav,Fantasy Game Bundle/Creatures And Monsters/Humanoids/Werewolf/Attacks Bites and Claws/CREAHmn_Werewolf claw slash strike 3_GfxSounds_FantasyGameBundle.wav,416508,43553b13cad892c3a8299464541b2cf521efa3bfed9a1600d50b0cacedcf3f11,Creatures And Monsters,2,48000,16
audio/Creatures And Monsters/Humanoids/Werewolf/Attacks Bites and Claws/CREAHmn_Werewolf claw slash strike 4_GfxSounds_FantasyGameBundle.wav,Fantasy Game Bundle/Creatures And Monsters/Humanoids/Werewolf/Attacks Bites and Claws/CREAHmn_Werewolf claw slash strike 4_GfxSounds_FantasyGameBundle.wav,301192,80a0ff1d91167d1988b946eb5b1e8f9935cedce2e130fbd7ea42fff391d889b1,Creatures And Monsters,2,48000,16
audio/Creatures And Monsters/Humanoids/Werewolf/Attacks Bites and Claws/CREAHmn_Werewolf claw slash strike 5_GfxSounds_FantasyGameBundle.wav,Fantasy Game Bundle/Creatures And Monsters/Humanoids/Werewolf/Attacks Bites and Claws/CREAHmn_Werewolf claw slash strike 5_GfxSounds_FantasyGameBundle.wav,275564,1bc043650b76108e4a538cd812830e7a58a60f6bf313a171e4f1cf005426fa43,Creatures And Monsters,2,48000,16
audio/Creatures And Monsters/Humanoids/Werewolf/Attacks Bites and Claws/CREAHmn_Werewolf claw slash strike_GfxSounds_FantasyGameBundle.wav,Fantasy Game Bundle/Creatures And Monsters/Humanoids/Werewolf/Attacks Bites and Claws/CREAHmn_Werewolf claw slash strike_GfxSounds_FantasyGameBundle.wav,134628,f503fb15ea7c077bfcc9abae6f290da03d8d09b7a5b54d63921bca44a7005eab,Creatures And Monsters,2,48000,16
audio/Creatures And Monsters/Humanoids/Werewolf/Attacks Bites and Claws/CREAHmn_Werewolf claws scratching surface 2_GfxSounds_FantasyGameBundle.wav,Fantasy Game Bundle/Creatures And Monsters/Humanoids/Werewolf/Attacks Bites and Claws/CREAHmn_Werewolf claws scratching surface 2_GfxSounds_FantasyGameBundle.wav,602292,f097a87bfcc9ea114e4ea6cd6e8fc815183ae7588dec8a20ebd4284da448b176,Creatures And Monsters,2,48000,16
audio/Creatures And Monsters/Humanoids/Werewolf/Attacks Bites and Claws/CREAHmn_Werewolf claws scratching surface 3_GfxSounds_FantasyGameBundle.wav,Fantasy Game Bundle/Creatures And Monsters/Humanoids/Werewolf/Attacks Bites and Claws/CREAHmn_Werewolf claws scratching surface 3_GfxSounds_FantasyGameBundle.wav,525416,4d1462e799f195afba126b6b12bcf300ba9123120bca8dc3e4a1cf4358e528d9,Creatures And Monsters,2,48000,16
audio/Creatures And Monsters/Humanoids/Werewolf/Attacks Bites and Claws/CREAHmn_Werewolf claws scratching surface_GfxSounds_FantasyGameBundle.wav,Fantasy Game Bundle/Creatures And Monsters/Humanoids/Werewolf/Attacks Bites and Claws/CREAHmn_Werewolf claws scratching surface_GfxSounds_FantasyGameBundle.wav,589484,80faf623f807ecb2133b38c1c422bba3acbb1f826967c6608cac9b552b1f8d33,Creatures And Monsters,2,48000,16
audio/Creatures And Monsters/Humanoids/Werewolf/Attacks Bites and Claws/CREAHmn_Werewolf rage roar attack 2_GfxSounds_FantasyGameBundle.wav,Fantasy Game Bundle/Creatures And Monsters/Humanoids/Werewolf/Attacks Bites and Claws/CREAHmn_Werewolf rage roar attack 2_GfxSounds_FantasyGameBundle.wav,531824,5d0c4f58849fd6a4361bc472a2a885bba65425244c5b9686910cd85e60b9703c,Creatures And Monsters,2,48000,16
audio/Creatures And Monsters/Humanoids/Werewolf/Attacks Bites and Claws/CREAHmn_Werewolf rage roar attack_GfxSounds_FantasyGameBundle.wav,Fantasy Game Bundle/Creatures And Monsters/Humanoids/Werewolf/Attacks Bites and Claws/CREAHmn_Werewolf rage roar attack_GfxSounds_FantasyGameBundle.wav,563856,7c94ee3cbd13f0c74c3c4fa733a99d4cf25604e270efbb857521cec2e6f0dd89,Creatures And Monsters,2,48000,16
audio/Creatures And Monsters/Humanoids/Werewolf/Breathing and Idles/CREAHmn_Werewolf breathing heavy monster 2_GfxSounds_FantasyGameBundle.wav,Fantasy Game Bundle/Creatures And Monsters/Humanoids/Werewolf/Breathing and Idles/CREAHmn_Werewolf breathing heavy monster 2_GfxSounds_FantasyGameBundle.wav,576668,e1e3dc3f82099483d58f264e97658ccc1f129419e54662ff17a473bf905e9329,Creatures And Monsters,2,48000,16
audio/Creatures And Monsters/Humanoids/Werewolf/Breathing and Idles/CREAHmn_Werewolf breathing heavy monster 3_GfxSounds_FantasyGameBundle.wav,Fantasy Game Bundle/Creatures And Monsters/Humanoids/Werewolf/Breathing and Idles/CREAHmn_Werewolf breathing heavy monster 3_GfxSounds_FantasyGameBundle.wav,1050744,966d033347b639448a1bc15f232e3530d7428802d77972e7adbd75f04b313c6f,Creatures And Monsters,2,48000,16
audio/Creatures And Monsters/Humanoids/Werewolf/Breathing and Idles/CREAHmn_Werewolf breathing heavy monster 4_GfxSounds_FantasyGameBundle.wav,Fantasy Game Bundle/Creatures And Monsters/Humanoids/Werewolf/Breathing and Idles/CREAHmn_Werewolf breathing heavy monster 4_GfxSounds_FantasyGameBundle.wav,563856,4ef6f1ab6da5584fe55d21ef9d455074c165d0522391d8fcfcfb705f32e2732f,Creatures And Monsters,2,48000,16
audio/Creatures And Monsters/Humanoids/Werewolf/Breathing and Idles/CREAHmn_Werewolf breathing heavy monster 5_GfxSounds_FantasyGameBundle.wav,Fantasy Game Bundle/Creatures And Monsters/Humanoids/Werewolf/Breathing and Idles/CREAHmn_Werewolf breathing heavy monster 5_GfxSounds_FantasyGameBundle.wav,775268,fdfc589767ecc00cbe3b99b8a06167df0f7e74bec4fdabef7f52122375e1346d,Creatures And Monsters,2,48000,16
audio/Creatures And Monsters/Humanoids/Werewolf/Breathing and Idles/CREAHmn_Werewolf breathing heavy monster_GfxSounds_FantasyGameBundle.wav,Fantasy Game Bundle/Creatures And Monsters/Humanoids/Werewolf/Breathing and Idles/CREAHmn_Werewolf breathing heavy monster_GfxSounds_FantasyGameBundle.wav,929018,ef52768f28b933cfec870296371670f207240179dddd564d213ee6645b61f01f,Creatures And Monsters,2,48000,16
audio/Creatures And Monsters/Humanoids/Werewolf/Growls Howls and Grunts/CREAHmn_Werewolf angry grunt 2_GfxSounds_FantasyGameBundle.wav,Fantasy Game Bundle/Creatures And Monsters/Humanoids/Werewolf/Growls Howls and Grunts/CREAHmn_Werewolf angry grunt 2_GfxSounds_FantasyGameBundle.wav,530714,788f3e260b25cd88201803d14afe72041107240a500198a7ff411e7520608b59,Creatures And Monsters,2,48000,24
audio/Creatures And Monsters/Humanoids/Werewolf/Growls Howls and Grunts/CREAHmn_Werewolf angry grunt 3_GfxSounds_FantasyGameBundle.wav,Fantasy Game Bundle/Creatures And Monsters/Humanoids/Werewolf/Growls Howls and Grunts/CREAHmn_Werewolf angry grunt 3_GfxSounds_FantasyGameBundle.wav,530714,1be61be13ef60b5503fe9592eac9b14fe2aa343084b9e0b6b6db9a3ef4dfd8e0,Creatures And Monsters,2,48000,24
audio/Creatures And Monsters/Humanoids/Werewolf/Growls Howls and Grunts/CREAHmn_Werewolf angry grunt 4_GfxSounds_FantasyGameBundle.wav,Fantasy Game Bundle/Creatures And Monsters/Humanoids/Werewolf/Growls Howls and Grunts/CREAHmn_Werewolf angry grunt 4_GfxSounds_FantasyGameBundle.wav,342422,adf340d61126ef801b8a37d8845c308cb4bbd2e72ad3dbfcfadce1c9356cac79,Creatures And Monsters,2,48000,24
audio/Creatures And Monsters/Humanoids/Werewolf/Growls Howls and Grunts/CREAHmn_Werewolf angry grunt 5_GfxSounds_FantasyGameBundle.wav,Fantasy Game Bundle/Creatures And Monsters/Humanoids/Werewolf/Growls Howls and Grunts/CREAHmn_Werewolf angry grunt 5_GfxSounds_FantasyGameBundle.wav,252080,b839b306a795566b20f1cd9f7e897fb2e052caf5322ce12292a9d95c21a2bada,Creatures And Monsters,2,48000,24
audio/Creatures And Monsters/Humanoids/Werewolf/Growls Howls and Grunts/CREAHmn_Werewolf angry grunt_GfxSounds_FantasyGameBundle.wav,Fantasy Game Bundle/Creatures And Monsters/Humanoids/Werewolf/Growls Howls and Grunts/CREAHmn_Werewolf angry grunt_GfxSounds_FantasyGameBundle.wav,540626,4d880306e26b952f0b6e1762f37ebb7bfe7d3a12e65ce8b77764728deefd30d0,Creatures And Monsters,2,48000,24
audio/Creatures And Monsters/Humanoids/Werewolf/Growls Howls and Grunts/CREAHmn_Werewolf deep growling 2_GfxSounds_FantasyGameBundle.wav,Fantasy Game Bundle/Creatures And Monsters/Humanoids/Werewolf/Growls Howls and Grunts/CREAHmn_Werewolf deep growling 2_GfxSounds_FantasyGameBundle.wav,326820,bf299de3b90232855d090bac9e81ae85025229248a6f0bf970c1569d019fe0c0,Creatures And Monsters,2,48000,16
audio/Creatures And Monsters/Humanoids/Werewolf/Growls Howls and Grunts/CREAHmn_Werewolf deep growling 3_GfxSounds_FantasyGameBundle.wav,Fantasy Game Bundle/Creatures And Monsters/Humanoids/Werewolf/Growls Howls and Grunts/CREAHmn_Werewolf deep growling 3_GfxSounds_FantasyGameBundle.wav,832924,8c2262809894f372c59b0bc411bc31a2bc7298e07e6fde659a794d9a9df9f51c,Creatures And Monsters,2,48000,16
audio/Creatures And Monsters/Humanoids/Werewolf/Growls Howls and Grunts/CREAHmn_Werewolf deep growling 4_GfxSounds_FantasyGameBundle.wav,Fantasy Game Bundle/Creatures And Monsters/Humanoids/Werewolf/Growls Howls and Grunts/CREAHmn_Werewolf deep growling 4_GfxSounds_FantasyGameBundle.wav,698392,a22c2a79c7cd8a914f6259453e0a93f98f3b23cd5d7beaa788e1a8eecaf0f5cf,Creatures And Monsters,2,48000,16
audio/Creatures And Monsters/Humanoids/Werewolf/Growls Howls and Grunts/CREAHmn_Werewolf deep growling_GfxSounds_FantasyGameBundle.wav,Fantasy Game Bundle/Creatures And Monsters/Humanoids/Werewolf/Growls Howls and Grunts/CREAHmn_Werewolf deep growling_GfxSounds_FantasyGameBundle.wav,467760,423a957fa22bd53fa93a45d1487874dc7fe177ea75718f063aee6ac44241ffc3,Creatures And Monsters,2,48000,16
audio/Creatures And Monsters/Humanoids/Werewolf/Growls Howls and Grunts/CREAHmn_Werewolf growling and snarling 2_GfxSounds_FantasyGameBundle.wav,Fantasy Game Bundle/Creatures And Monsters/Humanoids/Werewolf/Growls Howls and Grunts/CREAHmn_Werewolf growling and snarling 2_GfxSounds_FantasyGameBundle.wav,435728,06da07bed3bbb38a03bcfd5864bf90ced55141d7b02d735bb234f990c64e621c,Creatures And Monsters,2,48000,16
audio/Creatures And Monsters/Humanoids/Werewolf/Growls Howls and Grunts/CREAHmn_Werewolf growling and snarling 3_GfxSounds_FantasyGameBundle.wav,Fantasy Game Bundle/Creatures And Monsters/Humanoids/Werewolf/Growls Howls and Grunts/CREAHmn_Werewolf growling and snarling 3_GfxSounds_FantasyGameBundle.wav,346040,ad18ced169f5c09b9b12f142baf1a63e56f23aab51b3f3789ef3412cad73265d,Creatures And Monsters,2,48000,16
audio/Creatures And Monsters/Humanoids/Werewolf/Growls Howls and Grunts/CREAHmn_Werewolf growling and snarling_GfxSounds_FantasyGameBundle.wav,Fantasy Game Bundle/Creatures And Monsters/Humanoids/Werewolf/Growls Howls and Grunts/CREAHmn_Werewolf growling and snarling_GfxSounds_FantasyGameBundle.wav,461352,ccc13f87c696e9aebdb33791b6471742a6f307b3f083d82f493e6a3d3c878b7e,Creatures And Monsters,2,48000,16
audio/Creatures And Monsters/Humanoids/Werewolf/Growls Howls and Grunts/CREAHmn_Werewolf howling wolf calling 2_GfxSounds_FantasyGameBundle.wav,Fantasy Game Bundle/Creatures And Monsters/Humanoids/Werewolf/Growls Howls and Grunts/CREAHmn_Werewolf howling wolf calling 2_GfxSounds_FantasyGameBundle.wav,2197488,aea0357e0c0627e23208c29105d2632f15dab20baef91b1d7d7bff3af52666e2,Creatures And Monsters,2,48000,16
audio/Creatures And Monsters/Humanoids/Werewolf/Growls Howls and Grunts/CREAHmn_Werewolf howling wolf calling 3_GfxSounds_FantasyGameBundle.wav,Fantasy Game Bundle/Creatures And Monsters/Humanoids/Werewolf/Growls Howls and Grunts/CREAHmn_Werewolf howling wolf calling 3_GfxSounds_FantasyGameBundle.wav,1922012,86c455e1fa52fb04ec698cf00237aac3af6fc7d1eb87e0bcbf1b126527e090a5,Creatures And Monsters,2,48000,16
audio/Creatures And Monsters/Humanoids/Werewolf/Growls Howls and Grunts/CREAHmn_Werewolf howling wolf calling_GfxSounds_FantasyGameBundle.wav,Fantasy Game Bundle/Creatures And Monsters/Humanoids/Werewolf/Growls Howls and Grunts/CREAHmn_Werewolf howling wolf calling_GfxSounds_FantasyGameBundle.wav,1230120,1cb5b5dae3dceaee389cb1e0219e86db4d7b494f6bb5966e1b0a88a92c24dade,Creatures And Monsters,2,48000,16
audio/Creatures And Monsters/Humanoids/Werewolf/Movement and Impacts/CREAHmn_Werewolf heavy landing impact 2_GfxSounds_FantasyGameBundle.wav,Fantasy Game Bundle/Creatures And Monsters/Humanoids/Werewolf/Movement and Impacts/CREAHmn_Werewolf heavy landing impact 2_GfxSounds_FantasyGameBundle.wav,583076,8e5d3898a52486f56bad14b56fe82521ab9f60b49ea923d19c6253b4e4fe9de6,Creatures And Monsters,2,48000,16
audio/Creatures And Monsters/Humanoids/Werewolf/Movement and Impacts/CREAHmn_Werewolf heavy landing impact 3_GfxSounds_FantasyGameBundle.wav,Fantasy Game Bundle/Creatures And Monsters/Humanoids/Werewolf/Movement and Impacts/CREAHmn_Werewolf heavy landing impact 3_GfxSounds_FantasyGameBundle.wav,538232,c88f0edbbb24c7b767bc7019b6d8a78440ae37607b0a89436e37496bcd73b327,Creatures And Monsters,2,48000,16
audio/Creatures And Monsters/Humanoids/Werewolf/Movement and Impacts/CREAHmn_Werewolf heavy landing impact_GfxSounds_FantasyGameBundle.wav,Fantasy Game Bundle/Creatures And Monsters/Humanoids/Werewolf/Movement and Impacts/CREAHmn_Werewolf heavy landing impact_GfxSounds_FantasyGameBundle.wav,576668,15d84719663ab1cfe50b416ff7992794540f85a0205b2a699a5504380b019a9e,Creatures And Monsters,2,48000,16
audio/Creatures And Monsters/Humanoids/Werewolf/Movement and Impacts/CREAHmn_Werewolf jump powerful monster 2_GfxSounds_FantasyGameBundle.wav,Fantasy Game Bundle/Creatures And Monsters/Humanoids/Werewolf/Movement and Impacts/CREAHmn_Werewolf jump powerful monster 2_GfxSounds_FantasyGameBundle.wav,576668,6981456cd9312c061e2cf1c2d9a3ef74043a0abf8e0243ffd3b2fe5a115ec82f,Creatures And Monsters,2,48000,16
audio/Creatures And Monsters/Humanoids/Werewolf/Movement and Impacts/CREAHmn_Werewolf jump powerful monster 3_GfxSounds_FantasyGameBundle.wav,Fantasy Game Bundle/Creatures And Monsters/Humanoids/Werewolf/Movement and Impacts/CREAHmn_Werewolf jump powerful monster 3_GfxSounds_FantasyGameBundle.wav,762452,66fd3ecbc456c98243fa00bffe6b8d25b8ae3264b7d6b890f8fe43c16137d868,Creatures And Monsters,2,48000,16
audio/Creatures And Monsters/Humanoids/Werewolf/Movement and Impacts/CREAHmn_Werewolf jump powerful monster_GfxSounds_FantasyGameBundle.wav,Fantasy Game Bundle/Creatures And Monsters/Humanoids/Werewolf/Movement and Impacts/CREAHmn_Werewolf jump powerful monster_GfxSounds_FantasyGameBundle.wav,679168,8a40154e3bd6ae8a7c50770b1df7b21df0058b99ecb6a87138f739dd463f112c,Creatures And Monsters,2,48000,16
audio/Creatures And Monsters/Humanoids/Werewolf/Pain Reactions/CREAHmn_Werewolf pain scream female 2_GfxSounds_FantasyGameBundle.wav,Fantasy Game Bundle/Creatures And Monsters/Humanoids/Werewolf/Pain Reactions/CREAHmn_Werewolf pain scream female 2_GfxSounds_FantasyGameBundle.wav,948240,d1ff59b6ada7f22441dac3c8fec2a6820d841b85db2b57a8ca604b29260bb4e0,Creatures And Monsters,2,48000,16
audio/Creatures And Monsters/Humanoids/Werewolf/Pain Reactions/CREAHmn_Werewolf pain scream female_GfxSounds_FantasyGameBundle.wav,Fantasy Game Bundle/Creatures And Monsters/Humanoids/Werewolf/Pain Reactions/CREAHmn_Werewolf pain scream female_GfxSounds_FantasyGameBundle.wav,781672,6dda9aa8c9de1f26c71b6f923dd7e9063a8ed33275065459e6b64e3762950421,Creatures And Monsters,2,48000,16
audio/Creatures And Monsters/Humanoids/Werewolf/Pain Reactions/CREAHmn_Werewolf pain scream male 2_GfxSounds_FantasyGameBundle.wav,Fantasy Game Bundle/Creatures And Monsters/Humanoids/Werewolf/Pain Reactions/CREAHmn_Werewolf pain scream male 2_GfxSounds_FantasyGameBundle.wav,1403092,0f2ff4892603a5e8328ad4fbc7088da12bcf74c83adb7a0941df8fdc8aebb260,Creatures And Monsters,2,48000,16
audio/Creatures And Monsters/Humanoids/Werewolf/Pain Reactions/CREAHmn_Werewolf pain scream male_GfxSounds_FantasyGameBundle.wav,Fantasy Game Bundle/Creatures And Monsters/Humanoids/Werewolf/Pain Reactions/CREAHmn_Werewolf pain scream male_GfxSounds_FantasyGameBundle.wav,1069960,5c682b3126d0638ff7cb5f67cad8678983d1b1803f90c39f6cb84238b2e7d496,Creatures And Monsters,2,48000,16
audio/Creatures And Monsters/Humanoids/Werewolf/Transformations/CREAHmn_Werewolf claws extending transformation 2 2_GfxSounds_FantasyGameBundle.wav,Fantasy Game Bundle/Creatures And Monsters/Humanoids/Werewolf/Transformations/CREAHmn_Werewolf claws extending transformation 2 2_GfxSounds_FantasyGameBundle.wav,813708,1f141064a21ea12ad2f6b47fab61661b754213b56936d5bfb3defdbd489facb4,Creatures And Monsters,2,48000,16
audio/Creatures And Monsters/Humanoids/Werewolf/Transformations/CREAHmn_Werewolf claws extending transformation_GfxSounds_FantasyGameBundle.wav,Fantasy Game Bundle/Creatures And Monsters/Humanoids/Werewolf/Transformations/CREAHmn_Werewolf claws extending transformation_GfxSounds_FantasyGameBundle.wav,672764,2aa714c7798d320835230ef4d1ef0620d596459438603508f40e6acbd5778992,Creatures And Monsters,2,48000,16
audio/Creatures And Monsters/Humanoids/Werewolf/Transformations/CREAHmn_Werewolf fangs growing transformation 2_GfxSounds_FantasyGameBundle.wav,Fantasy Game Bundle/Creatures And Monsters/Humanoids/Werewolf/Transformations/CREAHmn_Werewolf fangs growing transformation 2_GfxSounds_FantasyGameBundle.wav,717608,bad2b0ba5ad68829e201cccaf82a97daf9373415de2bb7496e24ddc1f670bd1b,Creatures And Monsters,2,48000,16
audio/Creatures And Monsters/Humanoids/Werewolf/Transformations/CREAHmn_Werewolf fangs growing transformation 3_GfxSounds_FantasyGameBundle.wav,Fantasy Game Bundle/Creatures And Monsters/Humanoids/Werewolf/Transformations/CREAHmn_Werewolf fangs growing transformation 3_GfxSounds_FantasyGameBundle.wav,570260,03b5fd6cb114e1e6c9893e6d0baaf8111b1f859f9c6eb84425767f6385050052,Creatures And Monsters,2,48000,16
audio/Creatures And Monsters/Humanoids/Werewolf/Transformations/CREAHmn_Werewolf fangs growing transformation_GfxSounds_FantasyGameBundle.wav,Fantasy Game Bundle/Creatures And Monsters/Humanoids/Werewolf/Transformations/CREAHmn_Werewolf fangs growing transformation_GfxSounds_FantasyGameBundle.wav,551040,dec2b52188d4b4168000626551ce1b65119c625d1cbc13e35bd5b0b5bc35439f,Creatures And Monsters,2,48000,16
audio/Creatures And Monsters/Humanoids/Werewolf/Transformations/CREAHmn_Werewolf transformation female 2_GfxSounds_FantasyGameBundle.wav,Fantasy Game Bundle/Creatures And Monsters/Humanoids/Werewolf/Transformations/CREAHmn_Werewolf transformation female 2_GfxSounds_FantasyGameBundle.wav,2709872,7fdb8a22e7070b5088bb41dc89f47ba1dd9e96b484d44751f9ea60e811b76ba2,Creatures And Monsters,2,48000,24
audio/Creatures And Monsters/Humanoids/Werewolf/Transformations/CREAHmn_Werewolf transformation female_GfxSounds_FantasyGameBundle.wav,Fantasy Game Bundle/Creatures And Monsters/Humanoids/Werewolf/Transformations/CREAHmn_Werewolf transformation female_GfxSounds_FantasyGameBundle.wav,3795800,93d613ec2a29d3df87ef77ee097f88f294b206a4e9104b1ad630f02496556a2b,Creatures And Monsters,2,48000,24
audio/Creatures And Monsters/Humanoids/Werewolf/Transformations/CREAHmn_Werewolf transformation male 2_GfxSounds_FantasyGameBundle.wav,Fantasy Game Bundle/Creatures And Monsters/Humanoids/Werewolf/Transformations/CREAHmn_Werewolf transformation male 2_GfxSounds_FantasyGameBundle.wav,3753734,1f03586ff0afb339822161b3ec2452d80b2d010ca6286937ff3cfe8fd6e39343,Creatures And Monsters,2,48000,24
audio/Creatures And Monsters/Humanoids/Werewolf/Transformations/CREAHmn_Werewolf transformation male_GfxSounds_FantasyGameBundle.wav,Fantasy Game Bundle/Creatures And Monsters/Humanoids/Werewolf/Transformations/CREAHmn_Werewolf transformation male_GfxSounds_FantasyGameBundle.wav,3805466,316ae43061197f2bc67f3f40191f709983ea0c22850a8d89a48cc96384752b9e,Creatures And Monsters,2,48000,24
audio/Creatures And Monsters/Insects/Attacks/CREAInsc_Clicking insect attack 2_GfxSounds_FantasyGameBundle.wav,Fantasy Game Bundle/Creatures And Monsters/Insects/Attacks/CREAInsc_Clicking insect attack 2_GfxSounds_FantasyGameBundle.wav,301192,33286d40c33df3f4451c6862d0d975108e510f2714912833d0da56d202080003,Creatures And Monsters,2,48000,16
audio/Creatures And Monsters/Insects/Attacks/CREAInsc_Clicking insect attack 3_GfxSounds_FantasyGameBundle.wav,Fantasy Game Bundle/Creatures And Monsters/Insects/Attacks/CREAInsc_Clicking insect attack 3_GfxSounds_FantasyGameBundle.wav,269164,7b195f9ccff3f90e7f526ce1e86ddf005e556bce1d22c0ae239f153ce0a6ce07,Creatures And Monsters,2,48000,16
audio/Creatures And Monsters/Insects/Attacks/CREAInsc_Clicking insect attack_GfxSounds_FantasyGameBundle.wav,Fantasy Game Bundle/Creatures And Monsters/Insects/Attacks/CREAInsc_Clicking insect attack_GfxSounds_FantasyGameBundle.wav,326816,92d04c8b5fb1d244bf7d5baeef8f81ac18c7bc461c4b4a8ce2b33ed97a0cd360,Creatures And Monsters,2,48000,16
audio/Creatures And Monsters/Insects/Calls and Chirps/CREAInsc_Insect monster call 2_GfxSounds_FantasyGameBundle.wav,Fantasy Game Bundle/Creatures And Monsters/Insects/Calls and Chirps/CREAInsc_Insect monster call 2_GfxSounds_FantasyGameBundle.wav,314004,d9f38e871a0a7cda0d18c30996c5628718bac37c85a5ac223fbb04f8512060b1,Creatures And Monsters,2,48000,16
audio/Creatures And Monsters/Insects/Calls and Chirps/CREAInsc_Insect monster call_GfxSounds_FantasyGameBundle.wav,Fantasy Game Bundle/Creatures And Monsters/Insects/Calls and Chirps/CREAInsc_Insect monster call_GfxSounds_FantasyGameBundle.wav,314004,1cddafc214da8527cb2a1cf2d60ce599eb112cd12a1a21a583289bdea817f5c3,Creatures And Monsters,2,48000,16
audio/Creatures And Monsters/Insects/Calls and Chirps/CREAInsc_Insect monster chirping 2_GfxSounds_FantasyGameBundle.wav,Fantasy Game Bundle/Creatures And Monsters/Insects/Calls and Chirps/CREAInsc_Insect monster chirping 2_GfxSounds_FantasyGameBundle.wav,493388,cea69c27de22cc23de69ce8dd1bdd4efc36b5c26597ca6f8c637920a551b786d,Creatures And Monsters,2,48000,16
audio/Creatures And Monsters/Insects/Calls and Chirps/CREAInsc_Insect monster chirping_GfxSounds_FantasyGameBundle.wav,Fantasy Game Bundle/Creatures And Monsters/Insects/Calls and Chirps/CREAInsc_Insect monster chirping_GfxSounds_FantasyGameBundle.wav,384476,335a921df1578c650c5d50d6ee0718229e4fa169dd9ec3ab397972ead20cbc5e,Creatures And Monsters,2,48000,16
audio/Creatures And Monsters/Insects/Hurt and Pain/CREAInsc_Clicking insect hurt call 2_GfxSounds_FantasyGameBundle.wav,Fantasy Game Bundle/Creatures And Monsters/Insects/Hurt and Pain/CREAInsc_Clicking insect hurt call 2_GfxSounds_FantasyGameBundle.wav,1358248,033de883caefbe3335db0f79c436a68cb38ff75d18de773d1823ecdd4b680716,Creatures And Monsters,2,48000,16
audio/Creatures And Monsters/Insects/Hurt and Pain/CREAInsc_Clicking insect hurt call 3_GfxSounds_FantasyGameBundle.wav,Fantasy Game Bundle/Creatures And Monsters/Insects/Hurt and Pain/CREAInsc_Clicking insect hurt call 3_GfxSounds_FantasyGameBundle.wav,403696,4c457c8c73037bf0fd54ac7940aacb3ef2a5ac2cbac4417181abfc5cf4314baa,Creatures And Monsters,2,48000,16
audio/Creatures And Monsters/Insects/Hurt and Pain/CREAInsc_Clicking insect hurt call_GfxSounds_FantasyGameBundle.wav,Fantasy Game Bundle/Creatures And Monsters/Insects/Hurt and Pain/CREAInsc_Clicking insect hurt call_GfxSounds_FantasyGameBundle.wav,762452,667179854d5a746ab674acd283fef82194748c53c996440f00aaa9090000206d,Creatures And Monsters,2,48000,16
audio/Creatures And Monsters/Insects/Hurt and Pain/CREAInsc_Clicking insect hurt pain 2_GfxSounds_FantasyGameBundle.wav,Fantasy Game Bundle/Creatures And Monsters/Insects/Hurt and Pain/CREAInsc_Clicking insect hurt pain 2_GfxSounds_FantasyGameBundle.wav,249944,95b8defae728728bb73efd007654d1a0586249a7b404c4413a433922628c2408,Creatures And Monsters,2,48000,16
audio/Creatures And Monsters/Insects/Hurt and Pain/CREAInsc_Clicking insect hurt pain 3_GfxSounds_FantasyGameBundle.wav,Fantasy Game Bundle/Creatures And Monsters/Insects/Hurt and Pain/CREAInsc_Clicking insect hurt pain 3_GfxSounds_FantasyGameBundle.wav,416508,7bcf622307bde7958f46298e7cdf1d83c7d8fda6752951d6722cafae135e8ec4,Creatures And Monsters,2,48000,16
audio/Creatures And Monsters/Insects/Hurt and Pain/CREAInsc_Clicking insect hurt pain_GfxSounds_FantasyGameBundle.wav,Fantasy Game Bundle/Creatures And Monsters/Insects/Hurt and Pain/CREAInsc_Clicking insect hurt pain_GfxSounds_FantasyGameBundle.wav,230720,c026716b7fc91f447c521eef028d0ce9e0933787577fcdbf8e65b337f77d7d9a,Creatures And Monsters,2,48000,16
audio/Creatures And Monsters/Insects/Wings and Movement/CREAInsc_Insect monster flying wings 2_GfxSounds_FantasyGameBundle.wav,Fantasy Game Bundle/Creatures And Monsters/Insects/Wings and Movement/CREAInsc_Insect monster flying wings 2_GfxSounds_FantasyGameBundle.wav,480572,90daa731c90c8c04d1a6b8aec66e4105ec68d2593387c8ba0fccc0fa69c03d6f,Creatures And Monsters,2,48000,16
audio/Creatures And Monsters/Insects/Wings and Movement/CREAInsc_Insect monster flying wings 3_GfxSounds_FantasyGameBundle.wav,Fantasy Game Bundle/Creatures And Monsters/Insects/Wings and Movement/CREAInsc_Insect monster flying wings 3_GfxSounds_FantasyGameBundle.wav,474168,327322c5c9c3e4310f3ef790afc90269c49f5c35e20df2f1252f3008cfcbd9b0,Creatures And Monsters,2,48000,16
audio/Creatures And Monsters/Insects/Wings and Movement/CREAInsc_Insect monster flying wings_GfxSounds_FantasyGameBundle.wav,Fantasy Game Bundle/Creatures And Monsters/Insects/Wings and Movement/CREAInsc_Insect monster flying wings_GfxSounds_FantasyGameBundle.wav,474164,53ca92cf789e99a27129433aa5c3540375e92da2d8fe56183df60f379f617d86,Creatures And Monsters,2,48000,16
audio/Creatures And Monsters/Insects/Wings and Movement/CREAInsc_Insect monster scuttling tiny movement 2_GfxSounds_FantasyGameBundle.wav,Fantasy Game Bundle/Creatures And Monsters/Insects/Wings and Movement/CREAInsc_Insect monster scuttling tiny movement 2_GfxSounds_FantasyGameBundle.wav,454948,df3b7f4205abe99718e70f7377eb4c7d9bfb020dd5e401c7a3a6ef2e02801a7d,Creatures And Monsters,2,48000,16
audio/Creatures And Monsters/Insects/Wings and Movement/CREAInsc_Insect monster scuttling tiny movement 3_GfxSounds_FantasyGameBundle.wav,Fantasy Game Bundle/Creatures And Monsters/Insects/Wings and Movement/CREAInsc_Insect monster scuttling tiny movement 3_GfxSounds_FantasyGameBundle.wav,493388,943beb780b05062aef4dcc82c4729baada3b02c9f67cd03f946c41b2df1d89a9,Creatures And Monsters,2,48000,16
audio/Creatures And Monsters/Insects/Wings and Movement/CREAInsc_Insect monster scuttling tiny movement_GfxSounds_FantasyGameBundle.wav,Fantasy Game Bundle/Creatures And Monsters/Insects/Wings and Movement/CREAInsc_Insect monster scuttling tiny movement_GfxSounds_FantasyGameBundle.wav,403696,e3b6bb5584c169071836486bed628cdd886fcf2b42d989dfedee1c527e3250ac,Creatures And Monsters,2,48000,16
audio/Creatures And Monsters/Undead/Vampire/Bites and Feeding/CREAHmn_Vampire bite aggressive attack 2_GfxSounds_FantasyGameBundle.wav,Fantasy Game Bundle/Creatures And Monsters/Undead/Vampire/Bites and Feeding/CREAHmn_Vampire bite aggressive attack 2_GfxSounds_FantasyGameBundle.wav,346040,1b66da72d68aed40f4efe84a23e0d869191b919a49306ef78a735bf3c8ecb795,Creatures And Monsters,2,48000,24
audio/Creatures And Monsters/Undead/Vampire/Bites and Feeding/CREAHmn_Vampire bite aggressive attack 3_GfxSounds_FantasyGameBundle.wav,Fantasy Game Bundle/Creatures And Monsters/Undead/Vampire/Bites and Feeding/CREAHmn_Vampire bite aggressive attack 3_GfxSounds_FantasyGameBundle.wav,221114,7cb0708d3463b15b8e7a1dc3b0e89f2c84252848020301c44844652c4f55da9c,Creatures And Monsters,2,48000,24
audio/Creatures And Monsters/Undead/Vampire/Bites and Feeding/CREAHmn_Vampire bite aggressive attack 4_GfxSounds_FantasyGameBundle.wav,Fantasy Game Bundle/Creatures And Monsters/Undead/Vampire/Bites and Feeding/CREAHmn_Vampire bite aggressive attack 4_GfxSounds_FantasyGameBundle.wav,509402,3ac3724c0010600346585a567548b0cd01b71faa271d9cdefe95a146795a8cd5,Creatures And Monsters,2,48000,24
audio/Creatures And Monsters/Undead/Vampire/Bites and Feeding/CREAHmn_Vampire bite aggressive attack 5_GfxSounds_FantasyGameBundle.wav,Fantasy Game Bundle/Creatures And Monsters/Undead/Vampire/Bites and Feeding/CREAHmn_Vampire bite aggressive attack 5_GfxSounds_FantasyGameBundle.wav,797684,d28de75688dbf3fd8a6cb9f140eb524fee7d578867eb43161a643ae135099deb,Creatures And Monsters,2,48000,24
audio/Creatures And Monsters/Undead/Vampire/Bites and Feeding/CREAHmn_Vampire bite aggressive attack 6_GfxSounds_FantasyGameBundle.wav,Fantasy Game Bundle/Creatures And Monsters/Undead/Vampire/Bites and Feeding/CREAHmn_Vampire bite aggressive attack 6_GfxSounds_FantasyGameBundle.wav,845738,dba7db2a56a39116440fc8009e3cee09bc0111f52ad1bec282b51aad785f8984,Creatures And Monsters,2,48000,24
audio/Creatures And Monsters/Undead/Vampire/Bites and Feeding/CREAHmn_Vampire bite aggressive attack_GfxSounds_FantasyGameBundle.wav,Fantasy Game Bundle/Creatures And Monsters/Undead/Vampire/Bites and Feeding/CREAHmn_Vampire bite aggressive attack_GfxSounds_FantasyGameBundle.wav,528620,7e92652b8d5cc1f44411939e455f0838cb13b22d40efb1aad1cacd979218d526,Creatures And Monsters,2,48000,24
audio/Creatures And Monsters/Undead/Vampire/Bites and Feeding/CREAHmn_Vampire sucking blood feeding 2_GfxSounds_FantasyGameBundle.wav,Fantasy Game Bundle/Creatures And Monsters/Undead/Vampire/Bites and Feeding/CREAHmn_Vampire sucking blood feeding 2_GfxSounds_FantasyGameBundle.wav,519012,8c56332311a4f296a547cd6af0d3ce39309a02c82afc016ca2a7bbb368ba8c13,Creatures And Monsters,2,48000,16
audio/Creatures And Monsters/Undead/Vampire/Bites and Feeding/CREAHmn_Vampire sucking blood feeding 3_GfxSounds_FantasyGameBundle.wav,Fantasy Game Bundle/Creatures And Monsters/Undead/Vampire/Bites and Feeding/CREAHmn_Vampire sucking blood feeding 3_GfxSounds_FantasyGameBundle.wav,1069964,433d7a1c365816a36ed6aacebcdcfa9b2207380acdfca774deca4c3a280bcaff,Creatures And Monsters,2,48000,16
audio/Creatures And Monsters/Undead/Vampire/Bites and Feeding/CREAHmn_Vampire sucking blood feeding 4_GfxSounds_FantasyGameBundle.wav,Fantasy Game Bundle/Creatures And Monsters/Undead/Vampire/Bites and Feeding/CREAHmn_Vampire sucking blood feeding 4_GfxSounds_FantasyGameBundle.wav,717608,2b947bb03b7ca96abbaee1bd2f03a78c05466634a6fd5e5cd672d57e047bbc58,Creatures And Monsters,2,48000,16
audio/Creatures And Monsters/Undead/Vampire/Bites and Feeding/CREAHmn_Vampire sucking blood feeding 5_GfxSounds_FantasyGameBundle.wav,Fantasy Game Bundle/Creatures And Monsters/Undead/Vampire/Bites and Feeding/CREAHmn_Vampire sucking blood feeding 5_GfxSounds_FantasyGameBundle.wav,653544,a5a936065cbcce87082484f05025b2cf83b609cad04603f4488d38611720fdf4,Creatures And Monsters,2,48000,16
audio/Creatures And Monsters/Undead/Vampire/Bites and Feeding/CREAHmn_Vampire sucking blood feeding_GfxSounds_FantasyGameBundle.wav,Fantasy Game Bundle/Creatures And Monsters/Undead/Vampire/Bites and Feeding/CREAHmn_Vampire sucking blood feeding_GfxSounds_FantasyGameBundle.wav,608700,a30b6b1d1e870a4ba6927d84960cec42921c5205eaa8811df1fe86379ab3b379,Creatures And Monsters,2,48000,16
audio/Creatures And Monsters/Undead/Vampire/Cloak and Movement/CREAHmn_Vampire cloak whoosh 2_GfxSounds_FantasyGameBundle.wav,Fantasy Game Bundle/Creatures And Monsters/Undead/Vampire/Cloak and Movement/CREAHmn_Vampire cloak whoosh 2_GfxSounds_FantasyGameBundle.wav,185880,205a5e527de56a86122699e1d224c18f7a09c9d88b5140ee6e4b3bfad1161afa,Creatures And Monsters,2,48000,16
audio/Creatures And Monsters/Undead/Vampire/Cloak and Movement/CREAHmn_Vampire cloak whoosh 3_GfxSounds_FantasyGameBundle.wav,Fantasy Game Bundle/Creatures And Monsters/Undead/Vampire/Cloak and Movement/CREAHmn_Vampire cloak whoosh 3_GfxSounds_FantasyGameBundle.wav,326820,525e6986674bfae49d14d6164e394613665131518a2378215a0b609240b61ef2,Creatures And Monsters,2,48000,16
audio/Creatures And Monsters/Undead/Vampire/Cloak and Movement/CREAHmn_Vampire cloak whoosh 4_GfxSounds_FantasyGameBundle.wav,Fantasy Game Bundle/Creatures And Monsters/Undead/Vampire/Cloak and Movement/CREAHmn_Vampire cloak whoosh 4_GfxSounds_FantasyGameBundle.wav,249940,a5f239bdedc10b5a325eb4e64f3a560516d422bd866bbd773fbe23c1ae972d63,Creatures And Monsters,2,48000,16
audio/Creatures And Monsters/Undead/Vampire/Cloak and Movement/CREAHmn_Vampire cloak whoosh 5_GfxSounds_FantasyGameBundle.wav,Fantasy Game Bundle/Creatures And Monsters/Undead/Vampire/Cloak and Movement/CREAHmn_Vampire cloak whoosh 5_GfxSounds_FantasyGameBundle.wav,217908,1695a1899032e008ce11d3a7e98719d9eb5ef6c0bb5941a01b059db948a932ac,Creatures And Monsters,2,48000,16
audio/Creatures And Monsters/Undead/Vampire/Cloak and Movement/CREAHmn_Vampire cloak whoosh_GfxSounds_FantasyGameBundle.wav,Fantasy Game Bundle/Creatures And Monsters/Undead/Vampire/Cloak and Movement/CREAHmn_Vampire cloak whoosh_GfxSounds_FantasyGameBundle.wav,198692,ed70ca2f8af7b92b1424fcee7ee7d32a06737aa3407d893fff56db365990e4be,Creatures And Monsters,2,48000,16
audio/Creatures And Monsters/Undead/Vampire/Cloak and Movement/CREAHmn_Vampire supernatural speed movement 2_GfxSounds_FantasyGameBundle.wav,Fantasy Game Bundle/Creatures And Monsters/Undead/Vampire/Cloak and Movement/CREAHmn_Vampire supernatural speed movement 2_GfxSounds_FantasyGameBundle.wav,96188,f26687e4d31622784294b7b8d8cc504aa6a092ab06f74d9dcb59f8fe7f55330b,Creatures And Monsters,2,48000,16
audio/Creatures And Monsters/Undead/Vampire/Cloak and Movement/CREAHmn_Vampire supernatural speed movement 3_GfxSounds_FantasyGameBundle.wav,Fantasy Game Bundle/Creatures And Monsters/Undead/Vampire/Cloak and Movement/CREAHmn_Vampire supernatural speed movement 3_GfxSounds_FantasyGameBundle.wav,147440,7316a4f26f3e1c03ae4bd4fb51391bffc21f04605db187aa103739c8231effb0,Creatures And Monsters,2,48000,16
audio/Creatures And Monsters/Undead/Vampire/Cloak and Movement/CREAHmn_Vampire supernatural speed movement 4_GfxSounds_FantasyGameBundle.wav,Fantasy Game Bundle/Creatures And Monsters/Undead/Vampire/Cloak and Movement/CREAHmn_Vampire supernatural speed movement 4_GfxSounds_FantasyGameBundle.wav,198692,48e11c1b881977890a98ffbc299ceb407481a2af277d4d178e2d25fcb4f0a11d,Creatures And Monsters,2,48000,16
audio/Creatures And Monsters/Undead/Vampire/Cloak and Movement/CREAHmn_Vampire supernatural speed movement 5_GfxSounds_FantasyGameBundle.wav,Fantasy Game Bundle/Creatures And Monsters/Undead/Vampire/Cloak and Movement/CREAHmn_Vampire supernatural speed movement 5_GfxSounds_FantasyGameBundle.wav,147440,fbcd49ae55af6048a35934b7becdd8377a2e67e0bce4ee8573f4a162d592f255,Creatures And Monsters,2,48000,16
audio/Creatures And Monsters/Undead/Vampire/Cloak and Movement/CREAHmn_Vampire supernatural speed movement_GfxSounds_FantasyGameBundle.wav,Fantasy Game Bundle/Creatures And Monsters/Undead/Vampire/Cloak and Movement/CREAHmn_Vampire supernatural speed movement_GfxSounds_FantasyGameBundle.wav,96188,cd508e77a38dca3f1dd87408200a2335e3037580e21418acab29deeee24f929f,Creatures And Monsters,2,48000,16
audio/Creatures And Monsters/Undead/Vampire/Coffin Props/CREAHmn_Vampire coffin lid close 2_GfxSounds_FantasyGameBundle.wav,Fantasy Game Bundle/Creatures And Monsters/Undead/Vampire/Coffin Props/CREAHmn_Vampire coffin lid close 2_GfxSounds_FantasyGameBundle.wav,326820,04146e8682969365ea02a10fab446962696ef7ec45e81a28c195ddf5c694d7f5,Creatures And Monsters,2,48000,16
audio/Creatures And Monsters/Undead/Vampire/Coffin Props/CREAHmn_Vampire coffin lid close 3_GfxSounds_FantasyGameBundle.wav,Fantasy Game Bundle/Creatures And Monsters/Undead/Vampire/Coffin Props/CREAHmn_Vampire coffin lid close 3_GfxSounds_FantasyGameBundle.wav,301192,eafc5e7397339e526bbb526b9b129e25cf79d1f20dcab51bbd61a850e451735a,Creatures And Monsters,2,48000,16
audio/Creatures And Monsters/Undead/Vampire/Coffin Props/CREAHmn_Vampire coffin lid close_GfxSounds_FantasyGameBundle.wav,Fantasy Game Bundle/Creatures And Monsters/Undead/Vampire/Coffin Props/CREAHmn_Vampire coffin lid close_GfxSounds_FantasyGameBundle.wav,205100,80821097b27c3d4e59399876b54510a13791fa998d60a703f9e22a6b2482737c,Creatures And Monsters,2,48000,16
audio/Creatures And Monsters/Undead/Vampire/Coffin Props/CREAHmn_Vampire coffin lid open 2_GfxSounds_FantasyGameBundle.wav,Fantasy Game Bundle/Creatures And Monsters/Undead/Vampire/Coffin Props/CREAHmn_Vampire coffin lid open 2_GfxSounds_FantasyGameBundle.wav,230724,d8785b019211638cb6376ab96e89707d0f6fa70ce908a76759752fedea5fed87,Creatures And Monsters,2,48000,16
audio/Creatures And Monsters/Undead/Vampire/Coffin Props/CREAHmn_Vampire coffin lid open 3_GfxSounds_FantasyGameBundle.wav,Fantasy Game Bundle/Creatures And Monsters/Undead/Vampire/Coffin Props/CREAHmn_Vampire coffin lid open 3_GfxSounds_FantasyGameBundle.wav,358848,dc8ea0021ff6fd3606c9922bece7384d5e1d35bb81dd8008f7ec699fb1b715c6,Creatures And Monsters,2,48000,16
audio/Creatures And Monsters/Undead/Vampire/Coffin Props/CREAHmn_Vampire coffin lid open 4_GfxSounds_FantasyGameBundle.wav,Fantasy Game Bundle/Creatures And Monsters/Undead/Vampire/Coffin Props/CREAHmn_Vampire coffin lid open 4_GfxSounds_FantasyGameBundle.wav,307600,711fdb3c69bf9c80f29536fda68dbba0de7643cced798b33fd3a409907f8b99a,Creatures And Monsters,2,48000,16
audio/Creatures And Monsters/Undead/Vampire/Coffin Props/CREAHmn_Vampire coffin lid open 5_GfxSounds_FantasyGameBundle.wav,Fantasy Game Bundle/Creatures And Monsters/Undead/Vampire/Coffin Props/CREAHmn_Vampire coffin lid open 5_GfxSounds_FantasyGameBundle.wav,358848,4b19d06f0b9ba5db4eea9e00d1ab881dca4648eecffa312a5722479987f28e52,Creatures And Monsters,2,48000,16
audio/Creatures And Monsters/Undead/Vampire/Coffin Props/CREAHmn_Vampire coffin lid open_GfxSounds_FantasyGameBundle.wav,Fantasy Game Bundle/Creatures And Monsters/Undead/Vampire/Coffin Props/CREAHmn_Vampire coffin lid open_GfxSounds_FantasyGameBundle.wav,173068,04d86479ac662f1db64abf40a44920b5cd4bf0fc1a87b73f88b0b9ca155c1297,Creatures And Monsters,2,48000,16
audio/Creatures And Monsters/Undead/Vampire/Supernatural Presence and Transform/CREAHmn_Vampire dark presence wind 2_GfxSounds_FantasyGameBundle.wav,Fantasy Game Bundle/Creatures And Monsters/Undead/Vampire/Supernatural Presence and Transform/CREAHmn_Vampire dark presence wind 2_GfxSounds_FantasyGameBundle.wav,547838,cb5085d0878843a18f99062fb7e0186d75aa6283f4a7dfa11d76d40dff8f07de,Creatures And Monsters,2,48000,24
audio/Creatures And Monsters/Undead/Vampire/Supernatural Presence and Transform/CREAHmn_Vampire dark presence wind_GfxSounds_FantasyGameBundle.wav,Fantasy Game Bundle/Creatures And Monsters/Undead/Vampire/Supernatural Presence and Transform/CREAHmn_Vampire dark presence wind_GfxSounds_FantasyGameBundle.wav,1057148,62920d23c056af75f340006c2b11f85e5d5801d13a2ae7d0b2e4981c5e35fba8,Creatures And Monsters,2,48000,24
audio/Creatures And Monsters/Undead/Vampire/Supernatural Presence and Transform/CREAHmn_Vampire transformation bats morph 2_GfxSounds_FantasyGameBundle.wav,Fantasy Game Bundle/Creatures And Monsters/Undead/Vampire/Supernatural Presence and Transform/CREAHmn_Vampire transformation bats morph 2_GfxSounds_FantasyGameBundle.wav,682346,1cf6f81601797bda6cac6f701830f5cee26fd9b6122a5c1bac9b479ba91c3c2c,Creatures And Monsters,2,48000,24
audio/Creatures And Monsters/Undead/Vampire/Supernatural Presence and Transform/CREAHmn_Vampire transformation bats morph 3_GfxSounds_FantasyGameBundle.wav,Fantasy Game Bundle/Creatures And Monsters/Undead/Vampire/Supernatural Presence and Transform/CREAHmn_Vampire transformation bats morph 3_GfxSounds_FantasyGameBundle.wav,670370,121bb80c3ec2060ecf52961fc16860c4135b0d0cfa85d8b1355dbf68ca5932ff,Creatures And Monsters,2,48000,24
audio/Creatures And Monsters/Undead/Vampire/Supernatural Presence and Transform/CREAHmn_Vampire transformation bats morph 4_GfxSounds_FantasyGameBundle.wav,Fantasy Game Bundle/Creatures And Monsters/Undead/Vampire/Supernatural Presence and Transform/CREAHmn_Vampire transformation bats morph 4_GfxSounds_FantasyGameBundle.wav,1219454,3ebb6c6bd6af75855f34917f37c1864ee5d3613d39d87352977cabe78dcb8a0d,Creatures And Monsters,2,48000,24
audio/Creatures And Monsters/Undead/Vampire/Supernatural Presence and Transform/CREAHmn_Vampire transformation bats morph_GfxSounds_FantasyGameBundle.wav,Fantasy Game Bundle/Creatures And Monsters/Undead/Vampire/Supernatural Presence and Transform/CREAHmn_Vampire transformation bats morph_GfxSounds_FantasyGameBundle.wav,740006,b106a4372a16e439b3ec96a47a12aeef0b53c616d298bb70dd0f86d7006dc96d,Creatures And Monsters,2,48000,24
audio/Creatures And Monsters/Undead/Vampire/Supernatural Presence and Transform/CREAHmn_Vampire vanish dark dissolve 2_GfxSounds_FantasyGameBundle.wav,Fantasy Game Bundle/Creatures And Monsters/Undead/Vampire/Supernatural Presence and Transform/CREAHmn_Vampire vanish dark dissolve 2_GfxSounds_FantasyGameBundle.wav,797690,545b7d2206f7983ffad8f52b521bbb77e284274c1e13d105d030688e0f782a5a,Creatures And Monsters,2,48000,24
audio/Creatures And Monsters/Undead/Vampire/Supernatural Presence and Transform/CREAHmn_Vampire vanish dark dissolve 3_GfxSounds_FantasyGameBundle.wav,Fantasy Game Bundle/Creatures And Monsters/Undead/Vampire/Supernatural Presence and Transform/CREAHmn_Vampire vanish dark dissolve 3_GfxSounds_FantasyGameBundle.wav,807296,47fdb1dc8b5fd6badffc154911b7fc791f6b25aea5fef9745b067044d4a985b7,Creatures And Monsters,2,48000,24
audio/Creatures And Monsters/Undead/Vampire/Supernatural Presence and Transform/CREAHmn_Vampire vanish dark dissolve 4_GfxSounds_FantasyGameBundle.wav,Fantasy Game Bundle/Creatures And Monsters/Undead/Vampire/Supernatural Presence and Transform/CREAHmn_Vampire vanish dark dissolve 4_GfxSounds_FantasyGameBundle.wav,355646,1d617b803540412d54896825ec40fdff39e78f16f38c103ed84202a28723148b,Creatures And Monsters,2,48000,24
audio/Creatures And Monsters/Undead/Vampire/Supernatural Presence and Transform/CREAHmn_Vampire vanish dark dissolve 5_GfxSounds_FantasyGameBundle.wav,Fantasy Game Bundle/Creatures And Monsters/Undead/Vampire/Supernatural Presence and Transform/CREAHmn_Vampire vanish dark dissolve 5_GfxSounds_FantasyGameBundle.wav,355646,06322d12f93b3057a38c3da9cbf75697b7dcab211a80ab8361d458c46f6f10ac,Creatures And Monsters,2,48000,24
audio/Creatures And Monsters/Undead/Vampire/Supernatural Presence and Transform/CREAHmn_Vampire vanish dark dissolve 6_GfxSounds_FantasyGameBundle.wav,Fantasy Game Bundle/Creatures And Monsters/Undead/Vampire/Supernatural Presence and Transform/CREAHmn_Vampire vanish dark dissolve 6_GfxSounds_FantasyGameBundle.wav,346040,6c755b22d987b9c5da45c94447e454e293c34944bf2649d65b1b4fee9dd52d66,Creatures And Monsters,2,48000,24
audio/Creatures And Monsters/Undead/Vampire/Supernatural Presence and Transform/CREAHmn_Vampire vanish dark dissolve_GfxSounds_FantasyGameBundle.wav,Fantasy Game Bundle/Creatures And Monsters/Undead/Vampire/Supernatural Presence and Transform/CREAHmn_Vampire vanish dark dissolve_GfxSounds_FantasyGameBundle.wav,951446,0d042312cc6bc7304b91b0a60bc7da0b574f6fd833abbcd4817ace61afb88891,Creatures And Monsters,2,48000,24
audio/Creatures And Monsters/Undead/Vampire/Vocals and Pain/CREAHmn_Vampire hiss monster aggressive 2_GfxSounds_FantasyGameBundle.wav,Fantasy Game Bundle/Creatures And Monsters/Undead/Vampire/Vocals and Pain/CREAHmn_Vampire hiss monster aggressive 2_GfxSounds_FantasyGameBundle.wav,307596,042d907631c36ffda50bf6cb75ff36021a5c61863b5a6cea8a46c34974e08123,Creatures And Monsters,2,48000,16
audio/Creatures And Monsters/Undead/Vampire/Vocals and Pain/CREAHmn_Vampire hiss monster aggressive 3_GfxSounds_FantasyGameBundle.wav,Fantasy Game Bundle/Creatures And Monsters/Undead/Vampire/Vocals and Pain/CREAHmn_Vampire hiss monster aggressive 3_GfxSounds_FantasyGameBundle.wav,198692,4fb632bb91bb8c6a73909c8d56aa2fb275cbb8177ea61f7d0ffa7d48fa7e580a,Creatures And Monsters,2,48000,16
audio/Creatures And Monsters/Undead/Vampire/Vocals and Pain/CREAHmn_Vampire hiss monster aggressive 4_GfxSounds_FantasyGameBundle.wav,Fantasy Game Bundle/Creatures And Monsters/Undead/Vampire/Vocals and Pain/CREAHmn_Vampire hiss monster aggressive 4_GfxSounds_FantasyGameBundle.wav,269160,bd37e2ac99c125be57c8832ddb09cb002098849515dd0b5fe497d35b799f3807,Creatures And Monsters,2,48000,16
audio/Creatures And Monsters/Undead/Vampire/Vocals and Pain/CREAHmn_Vampire hiss monster aggressive 5_GfxSounds_FantasyGameBundle.wav,Fantasy Game Bundle/Creatures And Monsters/Undead/Vampire/Vocals and Pain/CREAHmn_Vampire hiss monster aggressive 5_GfxSounds_FantasyGameBundle.wav,211504,e25820b2ba5b1bdb07586a302d055854d805e3f851f4f8734c18513a4f1ec35c,Creatures And Monsters,2,48000,16
audio/Creatures And Monsters/Undead/Vampire/Vocals and Pain/CREAHmn_Vampire hiss monster aggressive 6_GfxSounds_FantasyGameBundle.wav,Fantasy Game Bundle/Creatures And Monsters/Undead/Vampire/Vocals and Pain/CREAHmn_Vampire hiss monster aggressive 6_GfxSounds_FantasyGameBundle.wav,384476,a46c53b49a067817eb17af77531a9d9443f369e91bc9afbd1c11aa221a276653,Creatures And Monsters,2,48000,16
audio/Creatures And Monsters/Undead/Vampire/Vocals and Pain/CREAHmn_Vampire hiss monster aggressive_GfxSounds_FantasyGameBundle.wav,Fantasy Game Bundle/Creatures And Monsters/Undead/Vampire/Vocals and Pain/CREAHmn_Vampire hiss monster aggressive_GfxSounds_FantasyGameBundle.wav,281976,25204c5c7e5d927134245eb0627cefd283e89ddae34f2dbe725948d55952b082,Creatures And Monsters,2,48000,16
audio/Creatures And Monsters/Undead/Vampire/Vocals and Pain/CREAHmn_Vampire pain hit scream reaction 2_GfxSounds_FantasyGameBundle.wav,Fantasy Game Bundle/Creatures And Monsters/Undead/Vampire/Vocals and Pain/CREAHmn_Vampire pain hit scream reaction 2_GfxSounds_FantasyGameBundle.wav,224320,4b3f2bfdca2c207fc8551b31342966d759286db8459216ec9ad2448814116a7e,Creatures And Monsters,2,48000,16
audio/Creatures And Monsters/Undead/Vampire/Vocals and Pain/CREAHmn_Vampire pain hit scream reaction 3_GfxSounds_FantasyGameBundle.wav,Fantasy Game Bundle/Creatures And Monsters/Undead/Vampire/Vocals and Pain/CREAHmn_Vampire pain hit scream reaction 3_GfxSounds_FantasyGameBundle.wav,314008,03d5f9593cd021382f47fcc9131bfb75b4a38b137a0eecad6d60ca33f7559862,Creatures And Monsters,2,48000,16
audio/Creatures And Monsters/Undead/Vampire/Vocals and Pain/CREAHmn_Vampire pain hit scream reaction_GfxSounds_FantasyGameBundle.wav,Fantasy Game Bundle/Creatures And Monsters/Undead/Vampire/Vocals and Pain/CREAHmn_Vampire pain hit scream reaction_GfxSounds_FantasyGameBundle.wav,173064,81612c741edf49f450c80dfef41d41592b6045d1ec56f4eb446375e34124f5f4,Creatures And Monsters,2,48000,16
audio/Creatures And Monsters/Undead/Zombie/Attacks/CREAHmn_Female zombie attack 2_GfxSounds_FantasyGameBundle.wav,Fantasy Game Bundle/Creatures And Monsters/Undead/Zombie/Attacks/CREAHmn_Female zombie attack 2_GfxSounds_FantasyGameBundle.wav,352444,43685e3ea317fa44be4a207be70456677ae4f5f78d109702ab6b2ebf3a831df1,Creatures And Monsters,2,48000,16
audio/Creatures And Monsters/Undead/Zombie/Attacks/CREAHmn_Female zombie attack 3_GfxSounds_FantasyGameBundle.wav,Fantasy Game Bundle/Creatures And Monsters/Undead/Zombie/Attacks/CREAHmn_Female zombie attack 3_GfxSounds_FantasyGameBundle.wav,211504,7a2c6d4041243c73ac65495e3b6897fe3eee3dc89be9db35020e10edd4999c85,Creatures And Monsters,2,48000,16
audio/Creatures And Monsters/Undead/Zombie/Attacks/CREAHmn_Female zombie attack 4_GfxSounds_FantasyGameBundle.wav,Fantasy Game Bundle/Creatures And Monsters/Undead/Zombie/Attacks/CREAHmn_Female zombie attack 4_GfxSounds_FantasyGameBundle.wav,621512,853066409029722d5cf010923b18330f0789f6233a44fbfc4e7e423734e345eb,Creatures And Monsters,2,48000,16
audio/Creatures And Monsters/Undead/Zombie/Attacks/CREAHmn_Female zombie attack 5_GfxSounds_FantasyGameBundle.wav,Fantasy Game Bundle/Creatures And Monsters/Undead/Zombie/Attacks/CREAHmn_Female zombie attack 5_GfxSounds_FantasyGameBundle.wav,224316,41cbaebb60112e2a5693044d110eb9a29de20936178a32353d81ca979349f7b6,Creatures And Monsters,2,48000,16
audio/Creatures And Monsters/Undead/Zombie/Attacks/CREAHmn_Female zombie attack 6_GfxSounds_FantasyGameBundle.wav,Fantasy Game Bundle/Creatures And Monsters/Undead/Zombie/Attacks/CREAHmn_Female zombie attack 6_GfxSounds_FantasyGameBundle.wav,429320,4a6e8f0ead900aa53f9be245d1aa044cfdaca7b74ffc0d29ec3f68941e92216d,Creatures And Monsters,2,48000,16
audio/Creatures And Monsters/Undead/Zombie/Attacks/CREAHmn_Female zombie attack 7_GfxSounds_FantasyGameBundle.wav,Fantasy Game Bundle/Creatures And Monsters/Undead/Zombie/Attacks/CREAHmn_Female zombie attack 7_GfxSounds_FantasyGameBundle.wav,736828,2a81d82f4675444242102dbba709621855b6521ac2be35e191ec6e4204637aed,Creatures And Monsters,2,48000,16
audio/Creatures And Monsters/Undead/Zombie/Attacks/CREAHmn_Female zombie attack_GfxSounds_FantasyGameBundle.wav,Fantasy Game Bundle/Creatures And Monsters/Undead/Zombie/Attacks/CREAHmn_Female zombie attack_GfxSounds_FantasyGameBundle.wav,269160,87c7af57afc290ad40a3aafa6761bae2e46db558a1a0050e33f22c0591acddc7,Creatures And Monsters,2,48000,16
audio/Creatures And Monsters/Undead/Zombie/Attacks/CREAHmn_Male zombie attack 2_GfxSounds_FantasyGameBundle.wav,Fantasy Game Bundle/Creatures And Monsters/Undead/Zombie/Attacks/CREAHmn_Male zombie attack 2_GfxSounds_FantasyGameBundle.wav,179468,cc32a76ad34f2b562a604008db993cdb7d28e9054be54fbdd778f024d98f220e,Creatures And Monsters,2,48000,16
audio/Creatures And Monsters/Undead/Zombie/Attacks/CREAHmn_Male zombie attack 3_GfxSounds_FantasyGameBundle.wav,Fantasy Game Bundle/Creatures And Monsters/Undead/Zombie/Attacks/CREAHmn_Male zombie attack 3_GfxSounds_FantasyGameBundle.wav,173064,ea01a94fb20a6f1605e52615b3a866cba6a869259019a5841911dedb0854629a,Creatures And Monsters,2,48000,16
audio/Creatures And Monsters/Undead/Zombie/Attacks/CREAHmn_Male zombie attack 4_GfxSounds_FantasyGameBundle.wav,Fantasy Game Bundle/Creatures And Monsters/Undead/Zombie/Attacks/CREAHmn_Male zombie attack 4_GfxSounds_FantasyGameBundle.wav,813708,82eebdeefc7de3c90b41c9368b6b12e592c11f146b6cde3cdb1f252b1964bdaa,Creatures And Monsters,2,48000,16
audio/Creatures And Monsters/Undead/Zombie/Attacks/CREAHmn_Male zombie attack 5_GfxSounds_FantasyGameBundle.wav,Fantasy Game Bundle/Creatures And Monsters/Undead/Zombie/Attacks/CREAHmn_Male zombie attack 5_GfxSounds_FantasyGameBundle.wav,467756,5168ebfbd2b17c20b0dc749e5bf1778ff1e896209751e246b8016a9c3026beb0,Creatures And Monsters,2,48000,16
audio/Creatures And Monsters/Undead/Zombie/Attacks/CREAHmn_Male zombie attack_GfxSounds_FantasyGameBundle.wav,Fantasy Game Bundle/Creatures And Monsters/Undead/Zombie/Attacks/CREAHmn_Male zombie attack_GfxSounds_FantasyGameBundle.wav,237128,db8efaf8e6c6a2510779eb6f7de433e1c61535022c705a1c62be8276db459f50,Creatures And Monsters,2,48000,16
audio/Creatures And Monsters/Undead/Zombie/Attacks/CREAHmn_Zombie door attack 2_GfxSounds_FantasyGameBundle.wav,Fantasy Game Bundle/Creatures And Monsters/Undead/Zombie/Attacks/CREAHmn_Zombie door attack 2_GfxSounds_FantasyGameBundle.wav,691984,c34f3fab24163f91b6259e454a4af31215766b5be30ac05c9639fcbc44dd02e1,Creatures And Monsters,2,48000,16
audio/Creatures And Monsters/Undead/Zombie/Attacks/CREAHmn_Zombie door attack 3_GfxSounds_FantasyGameBundle.wav,Fantasy Game Bundle/Creatures And Monsters/Undead/Zombie/Attacks/CREAHmn_Zombie door attack 3_GfxSounds_FantasyGameBundle.wav,973864,d820daadc6a79fba99903f41592f0d833e91b62dd3471dabc6366c60d0f26b66,Creatures And Monsters,2,48000,16
audio/Creatures And Monsters/Undead/Zombie/Attacks/CREAHmn_Zombie door attack 4_GfxSounds_FantasyGameBundle.wav,Fantasy Game Bundle/Creatures And Monsters/Undead/Zombie/Attacks/CREAHmn_Zombie door attack 4_GfxSounds_FantasyGameBundle.wav,832924,f57c074386443c075be5870aea5f0e25982bc41f9d3fb659503b289cf6dbfa3e,Creatures And Monsters,2,48000,16
audio/Creatures And Monsters/Undead/Zombie/Attacks/CREAHmn_Zombie door attack_GfxSounds_FantasyGameBundle.wav,Fantasy Game Bundle/Creatures And Monsters/Undead/Zombie/Attacks/CREAHmn_Zombie door attack_GfxSounds_FantasyGameBundle.wav,506196,987ca5d92370928e6b30666e9df76d442fa33316099c67f8f67a92b3c415dacc,Creatures And Monsters,2,48000,16
audio/Creatures And Monsters/Undead/Zombie/Bites and Feeding/CREAHmn_Zombie flesh eating 2_GfxSounds_FantasyGameBundle.wav,Fantasy Game Bundle/Creatures And Monsters/Undead/Zombie/Bites and Feeding/CREAHmn_Zombie flesh eating 2_GfxSounds_FantasyGameBundle.wav,551044,1f197ce66a7b5cf7776a865e7f75a6c58458f2aea1af40149b64c996306b494c,Creatures And Monsters,2,48000,16
audio/Creatures And Monsters/Undead/Zombie/Bites and Feeding/CREAHmn_Zombie flesh eating_GfxSounds_FantasyGameBundle.wav,Fantasy Game Bundle/Creatures And Monsters/Undead/Zombie/Bites and Feeding/CREAHmn_Zombie flesh eating_GfxSounds_FantasyGameBundle.wav,929020,f2ed5375ff155bf27ba726fb7786622915e5d0106511282d7257592036a27259,Creatures And Monsters,2,48000,16
audio/Creatures And Monsters/Undead/Zombie/Bites and Feeding/CREAHmn_Zombie infected bite 2_GfxSounds_FantasyGameBundle.wav,Fantasy Game Bundle/Creatures And Monsters/Undead/Zombie/Bites and Feeding/CREAHmn_Zombie infected bite 2_GfxSounds_FantasyGameBundle.wav,166656,8c55f85fd8ab553044bb9c31a079f595edd4f4486fd8803067b64d42419df678,Creatures And Monsters,2,48000,16
audio/Creatures And Monsters/Undead/Zombie/Bites and Feeding/CREAHmn_Zombie infected bite 3_GfxSounds_FantasyGameBundle.wav,Fantasy Game Bundle/Creatures And Monsters/Undead/Zombie/Bites and Feeding/CREAHmn_Zombie infected bite 3_GfxSounds_FantasyGameBundle.wav,205096,66e964d74811d334a24f2cce27020691add207e03abc1844e0c226398651af9d,Creatures And Monsters,2,48000,16
audio/Creatures And Monsters/Undead/Zombie/Bites and Feeding/CREAHmn_Zombie infected bite 4_GfxSounds_FantasyGameBundle.wav,Fantasy Game Bundle/Creatures And Monsters/Undead/Zombie/Bites and Feeding/CREAHmn_Zombie infected bite 4_GfxSounds_FantasyGameBundle.wav,346040,62dde121b37cae2218a5a62ad7fdfd07c46a7558e93bea4caf59ed308a2798c1,Creatures And Monsters,2,48000,16
audio/Creatures And Monsters/Undead/Zombie/Bites and Feeding/CREAHmn_Zombie infected bite 5_GfxSounds_FantasyGameBundle.wav,Fantasy Game Bundle/Creatures And Monsters/Undead/Zombie/Bites and Feeding/CREAHmn_Zombie infected bite 5_GfxSounds_FantasyGameBundle.wav,153848,2031ba36ae5c6cf530ad4c8d119cc74ac71c8580182d2350da6c63ecaee55a61,Creatures And Monsters,2,48000,16
audio/Creatures And Monsters/Undead/Zombie/Bites and Feeding/CREAHmn_Zombie infected bite 6_GfxSounds_FantasyGameBundle.wav,Fantasy Game Bundle/Creatures And Monsters/Undead/Zombie/Bites and Feeding/CREAHmn_Zombie infected bite 6_GfxSounds_FantasyGameBundle.wav,166660,a9dba9f94997d1144dda21218b83a0e4be303be188c06fe7943d19f80da15b79,Creatures And Monsters,2,48000,16
audio/Creatures And Monsters/Undead/Zombie/Bites and Feeding/CREAHmn_Zombie infected bite 7_GfxSounds_FantasyGameBundle.wav,Fantasy Game Bundle/Creatures And Monsters/Undead/Zombie/Bites and Feeding/CREAHmn_Zombie infected bite 7_GfxSounds_FantasyGameBundle.wav,243536,2b1f4586e94855c0822829d3d4fe10c52d26405063dff8c4e06e7050e381959a,Creatures And Monsters,2,48000,16
audio/Creatures And Monsters/Undead/Zombie/Bites and Feeding/CREAHmn_Zombie infected bite 8_GfxSounds_FantasyGameBundle.wav,Fantasy Game Bundle/Creatures And Monsters/Undead/Zombie/Bites and Feeding/CREAHmn_Zombie infected bite 8_GfxSounds_FantasyGameBundle.wav,217912,863aaa230d4efa4ae75e778816ca6872afea1af1eee9b80d2e6abc0f41803b57,Creatures And Monsters,2,48000,16
audio/Creatures And Monsters/Undead/Zombie/Bites and Feeding/CREAHmn_Zombie infected bite_GfxSounds_FantasyGameBundle.wav,Fantasy Game Bundle/Creatures And Monsters/Undead/Zombie/Bites and Feeding/CREAHmn_Zombie infected bite_GfxSounds_FantasyGameBundle.wav,486980,ea32faa04f34b6c9ef50d4fac90b2e94b813c16d5731bb0fc442a66b33bda17e,Creatures And Monsters,2,48000,16
audio/Creatures And Monsters/Undead/Zombie/Pain Death and Gore/CREAHmn_Zombie death splatter 2_GfxSounds_FantasyGameBundle.wav,Fantasy Game Bundle/Creatures And Monsters/Undead/Zombie/Pain Death and Gore/CREAHmn_Zombie death splatter 2_GfxSounds_FantasyGameBundle.wav,474164,e82ffd2e16004d245284d620fdc77f39fc2d2492196c1a7c42761ea599d427ee,Creatures And Monsters,2,48000,16
audio/Creatures And Monsters/Undead/Zombie/Pain Death and Gore/CREAHmn_Zombie death splatter 3_GfxSounds_FantasyGameBundle.wav,Fantasy Game Bundle/Creatures And Monsters/Undead/Zombie/Pain Death and Gore/CREAHmn_Zombie death splatter 3_GfxSounds_FantasyGameBundle.wav,237128,dfd637d1438c07206306fd1236512e3ad3b51ad771f88799583da6805c8b92d8,Creatures And Monsters,2,48000,16
audio/Creatures And Monsters/Undead/Zombie/Pain Death and Gore/CREAHmn_Zombie death splatter_GfxSounds_FantasyGameBundle.wav,Fantasy Game Bundle/Creatures And Monsters/Undead/Zombie/Pain Death and Gore/CREAHmn_Zombie death splatter_GfxSounds_FantasyGameBundle.wav,269160,fe69a6d2fe68631c6471f40be6acda6e33fa011583ada928285affc455f6bf8f,Creatures And Monsters,2,48000,16
audio/Creatures And Monsters/Undead/Zombie/Pain Death and Gore/CREAHmn_Zombie pain 2_GfxSounds_FantasyGameBundle.wav,Fantasy Game Bundle/Creatures And Monsters/Undead/Zombie/Pain Death and Gore/CREAHmn_Zombie pain 2_GfxSounds_FantasyGameBundle.wav,384476,3a316b30c0371dddd48826d330cf900cae82bf16ee3617211deb1df41c167744,Creatures And Monsters,2,48000,16
audio/Creatures And Monsters/Undead/Zombie/Pain Death and Gore/CREAHmn_Zombie pain 3_GfxSounds_FantasyGameBundle.wav,Fantasy Game Bundle/Creatures And Monsters/Undead/Zombie/Pain Death and Gore/CREAHmn_Zombie pain 3_GfxSounds_FantasyGameBundle.wav,647136,fe5c5e0fd65e51a3eb0f52d39485d9581e93270e67bea54823ad70ac22053d47,Creatures And Monsters,2,48000,16
audio/Creatures And Monsters/Undead/Zombie/Pain Death and Gore/CREAHmn_Zombie pain 4_GfxSounds_FantasyGameBundle.wav,Fantasy Game Bundle/Creatures And Monsters/Undead/Zombie/Pain Death and Gore/CREAHmn_Zombie pain 4_GfxSounds_FantasyGameBundle.wav,262756,f390959ee76e8196943f43367ccf54c4d0fe6949ac36a3ea44ec2c6759481c04,Creatures And Monsters,2,48000,16
audio/Creatures And Monsters/Undead/Zombie/Pain Death and Gore/CREAHmn_Zombie pain 5_GfxSounds_FantasyGameBundle.wav,Fantasy Game Bundle/Creatures And Monsters/Undead/Zombie/Pain Death and Gore/CREAHmn_Zombie pain 5_GfxSounds_FantasyGameBundle.wav,454948,e5ec7c86df95cd9f0bf07b789d10b823941ce5f3ca51c006dc53cc1d08dc71b1,Creatures And Monsters,2,48000,16
audio/Creatures And Monsters/Undead/Zombie/Pain Death and Gore/CREAHmn_Zombie pain_GfxSounds_FantasyGameBundle.wav,Fantasy Game Bundle/Creatures And Monsters/Undead/Zombie/Pain Death and Gore/CREAHmn_Zombie pain_GfxSounds_FantasyGameBundle.wav,583072,5cf08c9ec07d2845a5aaf8f4dfd18bc127453fd06b68956cf57fb018c00e13f6,Creatures And Monsters,2,48000,16
audio/Creatures And Monsters/Undead/Zombie/Vocals Moans and Groans/CREAHmn_Male zombie surprise_GfxSounds_FantasyGameBundle.wav,Fantasy Game Bundle/Creatures And Monsters/Undead/Zombie/Vocals Moans and Groans/CREAHmn_Male zombie surprise_GfxSounds_FantasyGameBundle.wav,205100,5a8f264ce665d39e4774525c358b1bcff674199e420a434f280ab433562874e1,Creatures And Monsters,2,48000,16
audio/Creatures And Monsters/Undead/Zombie/Vocals Moans and Groans/CREAHmn_Zombie breathing moan 2_GfxSounds_FantasyGameBundle.wav,Fantasy Game Bundle/Creatures And Monsters/Undead/Zombie/Vocals Moans and Groans/CREAHmn_Zombie breathing moan 2_GfxSounds_FantasyGameBundle.wav,1185276,744f0c1c4438c7c767d6b40adad94de7b3ea2872f2b4f524b6a29e0885631115,Creatures And Monsters,2,48000,16
audio/Creatures And Monsters/Undead/Zombie/Vocals Moans and Groans/CREAHmn_Zombie breathing moan 3_GfxSounds_FantasyGameBundle.wav,Fantasy Game Bundle/Creatures And Monsters/Undead/Zombie/Vocals Moans and Groans/CREAHmn_Zombie breathing moan 3_GfxSounds_FantasyGameBundle.wav,486980,27e3def2d8159ccb45ba78771badb9f5daf2987b19325bbb17d62363f24c12f7,Creatures And Monsters,2,48000,16
audio/Creatures And Monsters/Undead/Zombie/Vocals Moans and Groans/CREAHmn_Zombie breathing moan 4_GfxSounds_FantasyGameBundle.wav,Fantasy Game Bundle/Creatures And Monsters/Undead/Zombie/Vocals Moans and Groans/CREAHmn_Zombie breathing moan 4_GfxSounds_FantasyGameBundle.wav,647140,e07855372a8f4527f9369ccdc80caac2d7009369d7751a5647828f191a4d3899,Creatures And Monsters,2,48000,16
audio/Creatures And Monsters/Undead/Zombie/Vocals Moans and Groans/CREAHmn_Zombie breathing moan 5_GfxSounds_FantasyGameBundle.wav,Fantasy Game Bundle/Creatures And Monsters/Undead/Zombie/Vocals Moans and Groans/CREAHmn_Zombie breathing moan 5_GfxSounds_FantasyGameBundle.wav,493384,6d2a106a0636c748833bc62cfcb718c8639b21ead71351d348590465aa2f4b25,Creatures And Monsters,2,48000,16
audio/Creatures And Monsters/Undead/Zombie/Vocals Moans and Groans/CREAHmn_Zombie breathing moan 6_GfxSounds_FantasyGameBundle.wav,Fantasy Game Bundle/Creatures And Monsters/Undead/Zombie/Vocals Moans and Groans/CREAHmn_Zombie breathing moan 6_GfxSounds_FantasyGameBundle.wav,506196,008ad4550021aeeca7c4f5374b6a97419d667e9bcbb30d461d7347820b189e9d,Creatures And Monsters,2,48000,16
audio/Creatures And Monsters/Undead/Zombie/Vocals Moans and Groans/CREAHmn_Zombie breathing moan_GfxSounds_FantasyGameBundle.wav,Fantasy Game Bundle/Creatures And Monsters/Undead/Zombie/Vocals Moans and Groans/CREAHmn_Zombie breathing moan_GfxSounds_FantasyGameBundle.wav,371664,d598daa8057b700307c847bbc52e5262a098064b85c49467a703aa7faa1226d5,Creatures And Monsters,2,48000,16
audio/Creatures And Monsters/Undead/Zombie/Vocals Moans and Groans/CREAHmn_Zombie groan_GfxSounds_FantasyGameBundle.wav,Fantasy Game Bundle/Creatures And Monsters/Undead/Zombie/Vocals Moans and Groans/CREAHmn_Zombie groan_GfxSounds_FantasyGameBundle.wav,1050740,b6994087ce6fca3675e26e0934370acaa721dcd12f58493bee052ec02d977cc4,Creatures And Monsters,2,48000,16
audio/Creatures And Monsters/Undead/Zombie/Vocals Moans and Groans/CREAHmn_Zombie grunt 2_GfxSounds_FantasyGameBundle.wav,Fantasy Game Bundle/Creatures And Monsters/Undead/Zombie/Vocals Moans and Groans/CREAHmn_Zombie grunt 2_GfxSounds_FantasyGameBundle.wav,275568,9d9542258a7e61cb11e3c5e70c45eed850acb6da8ed12f388bcddf4e6e106002,Creatures And Monsters,2,48000,16
audio/Creatures And Monsters/Undead/Zombie/Vocals Moans and Groans/CREAHmn_Zombie grunt_GfxSounds_FantasyGameBundle.wav,Fantasy Game Bundle/Creatures And Monsters/Undead/Zombie/Vocals Moans and Groans/CREAHmn_Zombie grunt_GfxSounds_FantasyGameBundle.wav,378072,4931f44081f9dea09a1fb66265112fafa6c430addfb2fc6c644ea8dbada4cbbf,Creatures And Monsters,2,48000,16
audio/Creatures And Monsters/Undead/Zombie/Vocals Moans and Groans/CREAHmn_Zombie horde moans 2_GfxSounds_FantasyGameBundle.wav,Fantasy Game Bundle/Creatures And Monsters/Undead/Zombie/Vocals Moans and Groans/CREAHmn_Zombie horde moans 2_GfxSounds_FantasyGameBundle.wav,1198092,0b158146e1a36961f3de27dec125c6b81c2faf2b176c15849a38494ad8597f1e,Creatures And Monsters,2,48000,16
audio/Creatures And Monsters/Undead/Zombie/Vocals Moans and Groans/CREAHmn_Zombie horde moans 3_GfxSounds_FantasyGameBundle.wav,Fantasy Game Bundle/Creatures And Monsters/Undead/Zombie/Vocals Moans and Groans/CREAHmn_Zombie horde moans 3_GfxSounds_FantasyGameBundle.wav,2043736,9d2dc288e723ee8795d43a3d1ce50058741ba3ce297cb82800736f32c313655f,Creatures And Monsters,2,48000,16
audio/Creatures And Monsters/Undead/Zombie/Vocals Moans and Groans/CREAHmn_Zombie horde moans 4_GfxSounds_FantasyGameBundle.wav,Fantasy Game Bundle/Creatures And Monsters/Undead/Zombie/Vocals Moans and Groans/CREAHmn_Zombie horde moans 4_GfxSounds_FantasyGameBundle.wav,1101992,d7d6cc858ecea013e0bad5cd557e5369e4bf0c7e8454cb228b47c841a7cb407e,Creatures And Monsters,2,48000,16
audio/Creatures And Monsters/Undead/Zombie/Vocals Moans and Groans/CREAHmn_Zombie horde moans_GfxSounds_FantasyGameBundle.wav,Fantasy Game Bundle/Creatures And Monsters/Undead/Zombie/Vocals Moans and Groans/CREAHmn_Zombie horde moans_GfxSounds_FantasyGameBundle.wav,2697188,133c7e4977f1bc77ed20c2d2d09813698f412ac8267f3d25ea93d44a6eb2c2e1,Creatures And Monsters,2,48000,16
audio/Environment Ambience/Castle Dungeon Caves/AMBHist_Castle exterior ambience_GfxSounds_FantasyGameBundle.wav,Fantasy Game Bundle/Environment Ambience/Castle Dungeon Caves/AMBHist_Castle exterior ambience_GfxSounds_FantasyGameBundle.wav,6899784,af15f0cfd0d72ebdfe4f8d7a209b8b496d451f9205704c213a8e5b06346222cb,Environment Ambience,2,48000,16
audio/Environment Ambience/Castle Dungeon Caves/AMBHist_Castle interior ambience_GfxSounds_FantasyGameBundle.wav,Fantasy Game Bundle/Environment Ambience/Castle Dungeon Caves/AMBHist_Castle interior ambience_GfxSounds_FantasyGameBundle.wav,5810700,e9cd6d1177295b55cce3a140781039c217d1d759bda1ab2b860c5e5600cbca41,Environment Ambience,2,48000,16
audio/Environment Ambience/Castle Dungeon Caves/AMBUndr_Crystal cave ambience_GfxSounds_FantasyGameBundle.wav,Fantasy Game Bundle/Environment Ambience/Castle Dungeon Caves/AMBUndr_Crystal cave ambience_GfxSounds_FantasyGameBundle.wav,8418948,27e20003048cef37de0dce30460624f0efa40ad59b3854e81a3fdbcd50d7ee1c,Environment Ambience,2,48000,24
audio/Environment Ambience/Desert Ocean Ruins/AMBDsrt_Desert wasteland wind ambience_GfxSounds_FantasyGameBundle.wav,Fantasy Game Bundle/Environment Ambience/Desert Ocean Ruins/AMBDsrt_Desert wasteland wind ambience_GfxSounds_FantasyGameBundle.wav,7928012,fccbb5ff06ec01c2383a4e9272da6f5d9eeb326bd4a4d4dd9e50645f97ad9bc1,Environment Ambience,2,48000,24
audio/Environment Ambience/Desert Ocean Ruins/AMBDsrt_Mystic desert soundscape_GfxSounds_FantasyGameBundle.wav,Fantasy Game Bundle/Environment Ambience/Desert Ocean Ruins/AMBDsrt_Mystic desert soundscape_GfxSounds_FantasyGameBundle.wav,3863152,fb42c14abfea2aa9c6c3c693cdee38816090a9e2ca7190e9c2e38aa10b4593ba,Environment Ambience,2,48000,16
audio/Environment Ambience/Desert Ocean Ruins/AMBSea_Mystic ocean wind ambience_GfxSounds_FantasyGameBundle.wav,Fantasy Game Bundle/Environment Ambience/Desert Ocean Ruins/AMBSea_Mystic ocean wind ambience_GfxSounds_FantasyGameBundle.wav,8225912,4a1f9da6899971834dd788aea46fed827559f6bd96ebbf66000b4f88d46f8e0f,Environment Ambience,2,48000,24
audio/Environment Ambience/Desert Ocean Ruins/AMBUndr_Sunken ruin ambience_GfxSounds_FantasyGameBundle.wav,Fantasy Game Bundle/Environment Ambience/Desert Ocean Ruins/AMBUndr_Sunken ruin ambience_GfxSounds_FantasyGameBundle.wav,8294022,f9e7dae7ad28359cc183503e0681d3ed103758a715b1c3f5ff97d6d7fc20d577,Environment Ambience,2,48000,24
audio/Environment Ambience/Dragon Crater Ambience/AMBMisc_Volcano crater ambience 2_GfxSounds_FantasyGameBundle.wav,Fantasy Game Bundle/Environment Ambience/Dragon Crater Ambience/AMBMisc_Volcano crater ambience 2_GfxSounds_FantasyGameBundle.wav,7489176,073c318426ad53d1cb948b17eda91d39a5cc0fef3775ae641e3ebff072497c86,Environment Ambience,2,48000,16
audio/Environment Ambience/Dragon Crater Ambience/AMBMisc_Volcano crater ambience_GfxSounds_FantasyGameBundle.wav,Fantasy Game Bundle/Environment Ambience/Dragon Crater Ambience/AMBMisc_Volcano crater ambience_GfxSounds_FantasyGameBundle.wav,7373860,40b86fbe19c3ae6d2fe47ee7c36e01551c2a5c5bdb2c1a61faf38fe5f7fb4166,Environment Ambience,2,48000,16
audio/Environment Ambience/Dragon Crater Ambience/AMBMisc_Volcano deep rumble 2_GfxSounds_FantasyGameBundle.wav,Fantasy Game Bundle/Environment Ambience/Dragon Crater Ambience/AMBMisc_Volcano deep rumble 2_GfxSounds_FantasyGameBundle.wav,3240080,a610209d3656bebc43bd55e13cbe4c0c60aea6950e934f9f7fa8b616f3369b52,Environment Ambience,2,48000,24
audio/Environment Ambience/Dragon Crater Ambience/AMBMisc_Volcano deep rumble 3_GfxSounds_FantasyGameBundle.wav,Fantasy Game Bundle/Environment Ambience/Dragon Crater Ambience/AMBMisc_Volcano deep rumble 3_GfxSounds_FantasyGameBundle.wav,5286650,eb9760ff599613dedf2e973c8d8a1cc0d7c8c7d56f980bcb7debf3f56182947a,Environment Ambience,2,48000,24
audio/Environment Ambience/Dragon Crater Ambience/AMBMisc_Volcano deep rumble_GfxSounds_FantasyGameBundle.wav,Fantasy Game Bundle/Environment Ambience/Dragon Crater Ambience/AMBMisc_Volcano deep rumble_GfxSounds_FantasyGameBundle.wav,3348080,4e8b9ae05446995838c3f88fe2441539ced89397a96674b53f61656deb0f6103,Environment Ambience,2,48000,24
audio/Environment Ambience/Dragon Crater Ambience/AMBMisc_Volcano fumarole rain_GfxSounds_FantasyGameBundle.wav,Fantasy Game Bundle/Environment Ambience/Dragon Crater Ambience/AMBMisc_Volcano fumarole rain_GfxSounds_FantasyGameBundle.wav,7316200,eb4da20405dcfc760c250a2a5a9483d1ceae7d3a6ef6f96a646fab05bdc37fcb,Environment Ambience,2,48000,16
audio/Environment Ambience/Dragon Crater Ambience/AMBMisc_Volcano steam hiss_GfxSounds_FantasyGameBundle.wav,Fantasy Game Bundle/Environment Ambience/Dragon Crater Ambience/AMBMisc_Volcano steam hiss_GfxSounds_FantasyGameBundle.wav,7489172,a9fc39245fcf893025942c9879a20c5d10ddefe8bb9601cf42e7b0f278f7d7c1,Environment Ambience,2,48000,16
audio/Environment Ambience/Dragon Crater Ambience/AMBUndr_Lava cave ambience_GfxSounds_FantasyGameBundle.wav,Fantasy Game Bundle/Environment Ambience/Dragon Crater Ambience/AMBUndr_Lava cave ambience_GfxSounds_FantasyGameBundle.wav,8121048,6a3a7e9f3fbe44c5fa61c12f61286988fcaa2a130c3311a8d7c551e916bec18e,Environment Ambience,2,48000,24
audio/Environment Ambience/Dragon Crater Ambience/FIREBurn_Light hearth fire 2_GfxSounds_FantasyGameBundle.wav,Fantasy Game Bundle/Environment Ambience/Dragon Crater Ambience/FIREBurn_Light hearth fire 2_GfxSounds_FantasyGameBundle.wav,700512,e6e7219ff9383170507c7468c31420f0aee0aba6861085d2864b5178f27995ae,Environment Ambience,2,44100,16
audio/Environment Ambience/Dragon Crater Ambience/FIREBurn_Light hearth fire 3_GfxSounds_FantasyGameBundle.wav,Fantasy Game Bundle/Environment Ambience/Dragon Crater Ambience/FIREBurn_Light hearth fire 3_GfxSounds_FantasyGameBundle.wav,1230240,40bc1c94cac49406838719f2f4a92bf1240013afd61e71549d467ec0f721f84a,Environment Ambience,2,44100,16
audio/Environment Ambience/Dragon Crater Ambience/FIREBurn_Light hearth fire_GfxSounds_FantasyGameBundle.wav,Fantasy Game Bundle/Environment Ambience/Dragon Crater Ambience/FIREBurn_Light hearth fire_GfxSounds_FantasyGameBundle.wav,700512,73594ba181dd0acc4add4f38e192f0a75229899b87b6adc1d1606171612c0419,Environment Ambience,2,44100,16
audio/Environment Ambience/Dragon Crater Ambience/FIREBurn_Quiet campfire burn 2_GfxSounds_FantasyGameBundle.wav,Fantasy Game Bundle/Environment Ambience/Dragon Crater Ambience/FIREBurn_Quiet campfire burn 2_GfxSounds_FantasyGameBundle.wav,9288010,841b27a5a81ffe47614d54d6ab0fc9ada015515ea8adb940fc5e208ff6ea50f3,Environment Ambience,2,44100,16
audio/Environment Ambience/Dragon Crater Ambience/FIREBurn_Quiet campfire burn_GfxSounds_FantasyGameBundle.wav,Fantasy Game Bundle/Environment Ambience/Dragon Crater Ambience/FIREBurn_Quiet campfire burn_GfxSounds_FantasyGameBundle.wav,4496902,94fd835ac55ed521fad44f41c16a9fb95c5445021fffbc60dee4127618efa08e,Environment Ambience,2,44100,16
audio/Environment Ambience/Dragon Crater Ambience/FIRECrkl_Hearth fire crackle 2_GfxSounds_FantasyGameBundle.wav,Fantasy Game Bundle/Environment Ambience/Dragon Crater Ambience/FIRECrkl_Hearth fire crackle 2_GfxSounds_FantasyGameBundle.wav,7357432,0034c1dbb1c96cc2a30d2546aef99d89ab39225a8c84b4a4950df8f5ae27bedc,Environment Ambience,2,44100,16
audio/Environment Ambience/Dragon Crater Ambience/FIRECrkl_Hearth fire crackle_GfxSounds_FantasyGameBundle.wav,Fantasy Game Bundle/Environment Ambience/Dragon Crater Ambience/FIRECrkl_Hearth fire crackle_GfxSounds_FantasyGameBundle.wav,4090768,9b8b629ef3ed599e27911ab4c54e7fd303540afaf114319248b0fbf665dcc903,Environment Ambience,2,44100,16
audio/Environment Ambience/Dragon Crater Ambience/NATDVolc_Lava eruption debris 2_GfxSounds_FantasyGameBundle.wav,Fantasy Game Bundle/Environment Ambience/Dragon Crater Ambience/NATDVolc_Lava eruption debris 2_GfxSounds_FantasyGameBundle.wav,4953638,31aeabbc1ac8b613668135e246236839577d0ba63644c8ba54e73a8f2ad08f82,Environment Ambience,2,48000,24
audio/Environment Ambience/Dragon Crater Ambience/NATDVolc_Lava eruption debris 3_GfxSounds_FantasyGameBundle.wav,Fantasy Game Bundle/Environment Ambience/Dragon Crater Ambience/NATDVolc_Lava eruption debris 3_GfxSounds_FantasyGameBundle.wav,6365198,cf715256a6f25f82024e1f26bf83385099fa7d5c13df91f1c3ae614044aa02b1,Environment Ambience,2,48000,24
audio/Environment Ambience/Dragon Crater Ambience/NATDVolc_Lava eruption debris 4_GfxSounds_FantasyGameBundle.wav,Fantasy Game Bundle/Environment Ambience/Dragon Crater Ambience/NATDVolc_Lava eruption debris 4_GfxSounds_FantasyGameBundle.wav,3252554,305dd63c997a3cc8d551dd1a264857beaa33a94c7129474729ada04a441bb15a,Environment Ambience,2,48000,24
audio/Environment Ambience/Dragon Crater Ambience/NATDVolc_Lava eruption debris_GfxSounds_FantasyGameBundle.wav,Fantasy Game Bundle/Environment Ambience/Dragon Crater Ambience/NATDVolc_Lava eruption debris_GfxSounds_FantasyGameBundle.wav,5467478,c48894c5d4b8680d1710a6f8517c7d8d6dfda1d1ae725291d183c16cea608090,Environment Ambience,2,48000,24
audio/Environment Ambience/Forest Jungle Nature/AMBForst_Forest campfire ambience 2_GfxSounds_FantasyGameBundle.wav,Fantasy Game Bundle/Environment Ambience/Forest Jungle Nature/AMBForst_Forest campfire ambience 2_GfxSounds_FantasyGameBundle.wav,26945366,dbe0f2f1710f3b2cabb571e10e2d0d2c18b76af637845d171bf1b52a97ba8341,Environment Ambience,2,48000,24
audio/Environment Ambience/Forest Jungle Nature/AMBForst_Forest campfire ambience 3_GfxSounds_FantasyGameBundle.wav,Fantasy Game Bundle/Environment Ambience/Forest Jungle Nature/AMBForst_Forest campfire ambience 3_GfxSounds_FantasyGameBundle.wav,27226664,ddc1abe9c0c77124138a670060fa90263d44e86880e42366c0ab974e3900045d,Environment Ambience,2,48000,24
audio/Environment Ambience/Forest Jungle Nature/AMBForst_Forest campfire ambience_GfxSounds_FantasyGameBundle.wav,Fantasy Game Bundle/Environment Ambience/Forest Jungle Nature/AMBForst_Forest campfire ambience_GfxSounds_FantasyGameBundle.wav,27226664,ddc1abe9c0c77124138a670060fa90263d44e86880e42366c0ab974e3900045d,Environment Ambience,2,48000,24
audio/Environment Ambience/Forest Jungle Nature/AMBForst_Forest river ambience 2_GfxSounds_FantasyGameBundle.wav,Fantasy Game Bundle/Environment Ambience/Forest Jungle Nature/AMBForst_Forest river ambience 2_GfxSounds_FantasyGameBundle.wav,7298572,de6c1dbcb21edf876e12db95ba34c59a39209fe05ec0ae6fe16dab6b63e43f38,Environment Ambience,2,44100,16
audio/Environment Ambience/Forest Jungle Nature/AMBForst_Forest river ambience_GfxSounds_FantasyGameBundle.wav,Fantasy Game Bundle/Environment Ambience/Forest Jungle Nature/AMBForst_Forest river ambience_GfxSounds_FantasyGameBundle.wav,4196726,6abd9caf916d6d432604ef791ac3ea98c0f005a51efc4a7ba876a1062fb05cd6,Environment Ambience,2,44100,16
audio/Environment Ambience/Forest Jungle Nature/AMBForst_Night forest ambience_GfxSounds_FantasyGameBundle.wav,Fantasy Game Bundle/Environment Ambience/Forest Jungle Nature/AMBForst_Night forest ambience_GfxSounds_FantasyGameBundle.wav,4055452,dcd662e54a07f6ce18951d75c19cf83921f825864d771f2cc603958359350d79,Environment Ambience,2,44100,16
audio/Environment Ambience/Forest Jungle Nature/AMBForst_Wildfire ambience 2_GfxSounds_FantasyGameBundle.wav,Fantasy Game Bundle/Environment Ambience/Forest Jungle Nature/AMBForst_Wildfire ambience 2_GfxSounds_FantasyGameBundle.wav,11147216,fab5f26b30cf7bb39577e25a2fef8b38a321d8046b33f2a03f2d378fbf8bf303,Environment Ambience,2,48000,24
audio/Environment Ambience/Forest Jungle Nature/AMBForst_Wildfire ambience 3_GfxSounds_FantasyGameBundle.wav,Fantasy Game Bundle/Environment Ambience/Forest Jungle Nature/AMBForst_Wildfire ambience 3_GfxSounds_FantasyGameBundle.wav,12992264,f2e72bb3e3ef02adb46d93e5eca45bd33b8459e72de3d5bb624433e55d8d7b71,Environment Ambience,2,48000,24
audio/Environment Ambience/Forest Jungle Nature/AMBForst_Wildfire ambience_GfxSounds_FantasyGameBundle.wav,Fantasy Game Bundle/Environment Ambience/Forest Jungle Nature/AMBForst_Wildfire ambience_GfxSounds_FantasyGameBundle.wav,12867338,91ccf007b57b90d0111d12550cc5f0cd999602f0c1d7fa13fbd728588611235c,Environment Ambience,2,48000,24
audio/Environment Ambience/Forest Jungle Nature/AMBTrop_Enchanted jungle rain ambience_GfxSounds_FantasyGameBundle.wav,Fantasy Game Bundle/Environment Ambience/Forest Jungle Nature/AMBTrop_Enchanted jungle rain ambience_GfxSounds_FantasyGameBundle.wav,8390118,341746745dba5b82ea99e9a197b992886d5838d2e3cff79e669fbf5d780fe3cd,Environment Ambience,2,48000,24
audio/Environment Ambience/Haunted Dark/AMBFant_Haunted voices ambience 2_GfxSounds_FantasyGameBundle.wav,Fantasy Game Bundle/Environment Ambience/Haunted Dark/AMBFant_Haunted voices ambience 2_GfxSounds_FantasyGameBundle.wav,2113124,61c494f742ea4bca88f39060d8a1543e503badfc9896f7de385ed7be47494370,Environment Ambience,2,44100,16
audio/Environment Ambience/Haunted Dark/AMBFant_Haunted voices ambience 3_GfxSounds_FantasyGameBundle.wav,Fantasy Game Bundle/Environment Ambience/Haunted Dark/AMBFant_Haunted voices ambience 3_GfxSounds_FantasyGameBundle.wav,1512764,bfcd539e4c8b335183f8c23fa5d71c55ea67efdbb3b5dacc40f9844f0a95406f,Environment Ambience,2,44100,16
audio/Environment Ambience/Haunted Dark/AMBFant_Haunted voices ambience_GfxSounds_FantasyGameBundle.wav,Fantasy Game Bundle/Environment Ambience/Haunted Dark/AMBFant_Haunted voices ambience_GfxSounds_FantasyGameBundle.wav,1489220,f0505a936945d18e754d245dbacc0b3e072b939ff710bde5fc5ffe5cf6031efb,Environment Ambience,2,44100,16
audio/Environment Ambience/Medieval Settlements/AMBHist_Busy medieval city ambience_GfxSounds_FantasyGameBundle.wav,Fantasy Game Bundle/Environment Ambience/Medieval Settlements/AMBHist_Busy medieval city ambience_GfxSounds_FantasyGameBundle.wav,5125212,b6d557451e07b1c3ba8d2d9ea46b253613954abcb23e2eaa09a56b61fb095438,Environment Ambience,2,48000,16
audio/Environment Ambience/Medieval Settlements/AMBHist_Medieval battlefield ambience_GfxSounds_FantasyGameBundle.wav,Fantasy Game Bundle/Environment Ambience/Medieval Settlements/AMBHist_Medieval battlefield ambience_GfxSounds_FantasyGameBundle.wav,8354040,7051bab0c2460887290f2e74a5d4b3aad2986fd2c3c53056aa2bb03730e8b988,Environment Ambience,2,48000,16
audio/Environment Ambience/Medieval Settlements/AMBHist_Medieval festival ambience_GfxSounds_FantasyGameBundle.wav,Fantasy Game Bundle/Environment Ambience/Medieval Settlements/AMBHist_Medieval festival ambience_GfxSounds_FantasyGameBundle.wav,5938824,f4b6dc38d373d038e32a602ff3edf7349b009951fe19dcbfa1ce398b58aa8f61,Environment Ambience,2,48000,16
audio/Environment Ambience/Medieval Settlements/AMBHist_Medieval market ambience_GfxSounds_FantasyGameBundle.wav,Fantasy Game Bundle/Environment Ambience/Medieval Settlements/AMBHist_Medieval market ambience_GfxSounds_FantasyGameBundle.wav,5413504,c15293682d04d2d1d03218f1dff1d9cdc33750987c95c0fd2c63d1d2898ba0b9,Environment Ambience,2,48000,16
audio/Environment Ambience/Medieval Settlements/AMBHist_Tavern ambience 2_GfxSounds_FantasyGameBundle.wav,Fantasy Game Bundle/Environment Ambience/Medieval Settlements/AMBHist_Tavern ambience 2_GfxSounds_FantasyGameBundle.wav,6778064,58d9c936d24518a4c9272743723c47f014d4df7201c6379e60fe019cb9418bba,Environment Ambience,2,48000,16
audio/Environment Ambience/Medieval Settlements/AMBHist_Tavern ambience_GfxSounds_FantasyGameBundle.wav,Fantasy Game Bundle/Environment Ambience/Medieval Settlements/AMBHist_Tavern ambience_GfxSounds_FantasyGameBundle.wav,6252740,194d48024711a6ef0c76279299e50932ef92c1d0c991733f9454f9e50a2d3870,Environment Ambience,2,48000,16
audio/Environment Ambience/Rumbles Disaster/NATDQuak_Earthquake deep rumble 2_GfxSounds_FantasyGameBundle.wav,Fantasy Game Bundle/Environment Ambience/Rumbles Disaster/NATDQuak_Earthquake deep rumble 2_GfxSounds_FantasyGameBundle.wav,2075766,14db2cfd3d73af470ddb7bd34ed3cd2ccb10cb89f6398577ff68a0e8aa367e1e,Environment Ambience,2,48000,16
audio/Environment Ambience/Rumbles Disaster/NATDQuak_Earthquake deep rumble 3_GfxSounds_FantasyGameBundle.wav,Fantasy Game Bundle/Environment Ambience/Rumbles Disaster/NATDQuak_Earthquake deep rumble 3_GfxSounds_FantasyGameBundle.wav,2556248,b104217a013e9962e9c3ea5f3246ba8edec9552cc9d4d3c3ebdf0b0c6d10586f,Environment Ambience,2,48000,16
audio/Environment Ambience/Rumbles Disaster/NATDQuak_Earthquake deep rumble_GfxSounds_FantasyGameBundle.wav,Fantasy Game Bundle/Environment Ambience/Rumbles Disaster/NATDQuak_Earthquake deep rumble_GfxSounds_FantasyGameBundle.wav,5278972,bf51c9902c7e7b106a0e2f570a2e404e5ee660f45e381eeb2903c1254e9e1778,Environment Ambience,2,48000,16
audio/Foley Interactions/Bags Cloth Inventory/CLOTHHndl_Cloth pouch close_GfxSounds_FantasyGameBundle.wav,Fantasy Game Bundle/Foley Interactions/Bags Cloth Inventory/CLOTHHndl_Cloth pouch close_GfxSounds_FantasyGameBundle.wav,450080,c702ff37aee2d643af05da1a229fe07c5a27a7190c837d170219c62921ec65ee,Foley Interactions,2,48000,24
audio/Foley Interactions/Bags Cloth Inventory/CLOTHHndl_Cloth pouch handle 2_GfxSounds_FantasyGameBundle.wav,Fantasy Game Bundle/Foley Interactions/Bags Cloth Inventory/CLOTHHndl_Cloth pouch handle 2_GfxSounds_FantasyGameBundle.wav,807938,dae9052b6941000be4cc3e4bf712a6069294f3005c33d2f024794b4c942ad979,Foley Interactions,2,48000,24
audio/Foley Interactions/Bags Cloth Inventory/CLOTHHndl_Cloth pouch handle_GfxSounds_FantasyGameBundle.wav,Fantasy Game Bundle/Foley Interactions/Bags Cloth Inventory/CLOTHHndl_Cloth pouch handle_GfxSounds_FantasyGameBundle.wav,432080,1fcac3453ccc09e401a2043115bba999b813045344a8bf927c2ed8db91ff073b,Foley Interactions,2,48000,24
audio/Foley Interactions/Bags Cloth Inventory/CLOTHHndl_Cloth pouch open_GfxSounds_FantasyGameBundle.wav,Fantasy Game Bundle/Foley Interactions/Bags Cloth Inventory/CLOTHHndl_Cloth pouch open_GfxSounds_FantasyGameBundle.wav,450080,1d87f6bda5bbdb22b93bede363a6bbc707fb028c097886ef6d757fb50d6d4343,Foley Interactions,2,48000,24
audio/Foley Interactions/Bags Cloth Inventory/CLOTHHndl_Cloth pouch set down_GfxSounds_FantasyGameBundle.wav,Fantasy Game Bundle/Foley Interactions/Bags Cloth Inventory/CLOTHHndl_Cloth pouch set down_GfxSounds_FantasyGameBundle.wav,414080,e1cda4346cd0a1e0b8d4326b5b78bb9db870b20737064918848669d35a90593c,Foley Interactions,2,48000,24
audio/Foley Interactions/Bags Cloth Inventory/CLOTHHndl_Inventory clothes shuffle 2_GfxSounds_FantasyGameBundle.wav,Fantasy Game Bundle/Foley Interactions/Bags Cloth Inventory/CLOTHHndl_Inventory clothes shuffle 2_GfxSounds_FantasyGameBundle.wav,106036,fda27e0c1c789d2c6b393d98bb29ce69ed6cc53bf6eac03c07b6de3773d1fec5,Foley Interactions,2,44100,16
audio/Foley Interactions/Bags Cloth Inventory/CLOTHHndl_Inventory clothes shuffle_GfxSounds_FantasyGameBundle.wav,Fantasy Game Bundle/Foley Interactions/Bags Cloth Inventory/CLOTHHndl_Inventory clothes shuffle_GfxSounds_FantasyGameBundle.wav,135468,c77d36f1cc842f436c00c06c5f299cb481a3b76adf521930bed1fc48ce0633e2,Foley Interactions,2,44100,16
audio/Foley Interactions/Bags Cloth Inventory/OBJBag_Adventurer pack item shuffle 2_GfxSounds_FantasyGameBundle.wav,Fantasy Game Bundle/Foley Interactions/Bags Cloth Inventory/OBJBag_Adventurer pack item shuffle 2_GfxSounds_FantasyGameBundle.wav,1110530,4de9dbd193e6a6f7931dcf588f889097c7955c5ba911c60453271e6d52347e21,Foley Interactions,2,48000,24
audio/Foley Interactions/Bags Cloth Inventory/OBJBag_Adventurer pack metal shuffle_GfxSounds_FantasyGameBundle.wav,Fantasy Game Bundle/Foley Interactions/Bags Cloth Inventory/OBJBag_Adventurer pack metal shuffle_GfxSounds_FantasyGameBundle.wav,432080,7ad5d9f44da9deb2095f1ce3df894bdd9faf4bb6dad2c27703386f39dce20674,Foley Interactions,2,48000,24
audio/Foley Interactions/Bags Cloth Inventory/OBJBag_Heavy adventurer pack open_GfxSounds_FantasyGameBundle.wav,Fantasy Game Bundle/Foley Interactions/Bags Cloth Inventory/OBJBag_Heavy adventurer pack open_GfxSounds_FantasyGameBundle.wav,338606,18e6089b1e5f4e0140505d67c2d1ea33890110ea0addae469de6710ce32e576e,Foley Interactions,2,48000,24
audio/Foley Interactions/Bags Cloth Inventory/OBJBag_Heavy adventurer pack pickup_GfxSounds_FantasyGameBundle.wav,Fantasy Game Bundle/Foley Interactions/Bags Cloth Inventory/OBJBag_Heavy adventurer pack pickup_GfxSounds_FantasyGameBundle.wav,198080,2d86fb049b3337049a77f6fe616996d3869a8aac8d13449c576871e39a3c4a50,Foley Interactions,2,48000,24
audio/Foley Interactions/Bags Cloth Inventory/OBJBag_Heavy adventurer pack set down 2_GfxSounds_FantasyGameBundle.wav,Fantasy Game Bundle/Foley Interactions/Bags Cloth Inventory/OBJBag_Heavy adventurer pack set down 2_GfxSounds_FantasyGameBundle.wav,396080,837b18672ab4b09a5c9615e46d16d49caf646c06ee9d9329e9c6ffa2a301c63c,Foley Interactions,2,48000,24
audio/Foley Interactions/Bags Cloth Inventory/OBJBag_Heavy adventurer pack set down_GfxSounds_FantasyGameBundle.wav,Fantasy Game Bundle/Foley Interactions/Bags Cloth Inventory/OBJBag_Heavy adventurer pack set down_GfxSounds_FantasyGameBundle.wav,324080,0ffa6c5322fea77c2f10d534a0f7cb78bcd773c76acabcb7bce01dce3bb4a841,Foley Interactions,2,48000,24
audio/Foley Interactions/Bags Cloth Inventory/OBJBag_Travel bag zipper 2_GfxSounds_FantasyGameBundle.wav,Fantasy Game Bundle/Foley Interactions/Bags Cloth Inventory/OBJBag_Travel bag zipper 2_GfxSounds_FantasyGameBundle.wav,749640,87334b77adfabd11aafb9f02b3f0b9e5255edae0e5716f3972be3ee9eab9b758,Foley Interactions,2,48000,16
audio/Foley Interactions/Bags Cloth Inventory/OBJBag_Travel bag zipper_GfxSounds_FantasyGameBundle.wav,Fantasy Game Bundle/Foley Interactions/Bags Cloth Inventory/OBJBag_Travel bag zipper_GfxSounds_FantasyGameBundle.wav,717608,c02101e3bd49c76a83d0d6a56572e425b910ba0704922c7cd55c7099db1d5358,Foley Interactions,2,48000,16
audio/Foley Interactions/Books Pages/PAPRHndl_Page flip 2_GfxSounds_FantasyGameBundle.wav,Fantasy Game Bundle/Foley Interactions/Books Pages/PAPRHndl_Page flip 2_GfxSounds_FantasyGameBundle.wav,176668,de50aa1d8e0fcb8ee2f4562e2c14389f3695cefeb033700a02a6980b2b71e896,Foley Interactions,2,44100,16
audio/Foley Interactions/Books Pages/PAPRHndl_Page flip 3_GfxSounds_FantasyGameBundle.wav,Fantasy Game Bundle/Foley Interactions/Books Pages/PAPRHndl_Page flip 3_GfxSounds_FantasyGameBundle.wav,259072,ab5e4689f9ab64aee2c351f34db94d0304c72d46486f088fadd1d5ba6dcadab9,Foley Interactions,2,44100,16
audio/Foley Interactions/Books Pages/PAPRHndl_Page flip_GfxSounds_FantasyGameBundle.wav,Fantasy Game Bundle/Foley Interactions/Books Pages/PAPRHndl_Page flip_GfxSounds_FantasyGameBundle.wav,135468,4f24cb64d1570a9ca525eda22be670975b0c8e4065ae038b967a27f22b0e845d,Foley Interactions,2,44100,16
audio/Foley Interactions/Chests Loot Containers/GAMEMisc_Chest reward open 2_GfxSounds_FantasyGameBundle.wav,Fantasy Game Bundle/Foley Interactions/Chests Loot Containers/GAMEMisc_Chest reward open 2_GfxSounds_FantasyGameBundle.wav,698388,6d3ada51d020d1895945a79ea4d163b8d7a31c71809816cdec7dcbb20ceee382,Foley Interactions,2,48000,16
audio/Foley Interactions/Chests Loot Containers/GAMEMisc_Chest reward open 3_GfxSounds_FantasyGameBundle.wav,Fantasy Game Bundle/Foley Interactions/Chests Loot Containers/GAMEMisc_Chest reward open 3_GfxSounds_FantasyGameBundle.wav,390884,82430e5dd5fe7b52ec5970c8842a865cebb0bb1f4a5582f4d896f61b134bea5f,Foley Interactions,2,48000,16
audio/Foley Interactions/Chests Loot Containers/GAMEMisc_Chest reward open 4_GfxSounds_FantasyGameBundle.wav,Fantasy Game Bundle/Foley Interactions/Chests Loot Containers/GAMEMisc_Chest reward open 4_GfxSounds_FantasyGameBundle.wav,531824,97af3e6de164c42fb2742440eef576a7c21bf18974d443f5184d7c8dff05fed4,Foley Interactions,2,48000,16
audio/Foley Interactions/Chests Loot Containers/GAMEMisc_Chest reward open 5_GfxSounds_FantasyGameBundle.wav,Fantasy Game Bundle/Foley Interactions/Chests Loot Containers/GAMEMisc_Chest reward open 5_GfxSounds_FantasyGameBundle.wav,621516,044ae47ff657bf13cab8f00f0e2d8b74e0feb26da1954cfb5f5f3623a5d4e563,Foley Interactions,2,48000,16
audio/Foley Interactions/Chests Loot Containers/GAMEMisc_Chest reward open_GfxSounds_FantasyGameBundle.wav,Fantasy Game Bundle/Foley Interactions/Chests Loot Containers/GAMEMisc_Chest reward open_GfxSounds_FantasyGameBundle.wav,647136,ff465c8c77571c28ba7e37e581f5034411a58f358ac101847ec00d8683e40d4d,Foley Interactions,2,48000,16
audio/Foley Interactions/Chests Loot Containers/GAMEMisc_Treasure chest close 2_GfxSounds_FantasyGameBundle.wav,Fantasy Game Bundle/Foley Interactions/Chests Loot Containers/GAMEMisc_Treasure chest close 2_GfxSounds_FantasyGameBundle.wav,499792,49d113e884117b0fe7f5488f4ba06eb9b6cfcc44b8cdf3c2923b164f44f377a1,Foley Interactions,2,48000,16
audio/Foley Interactions/Chests Loot Containers/GAMEMisc_Treasure chest close_GfxSounds_FantasyGameBundle.wav,Fantasy Game Bundle/Foley Interactions/Chests Loot Containers/GAMEMisc_Treasure chest close_GfxSounds_FantasyGameBundle.wav,429320,6f56cb7787a18fbaccf50e586628494c762fd4312310b1b6a26e61a46c2721bb,Foley Interactions,2,48000,16
audio/Foley Interactions/Chests Loot Containers/GAMEMisc_Treasure chest open 2_GfxSounds_FantasyGameBundle.wav,Fantasy Game Bundle/Foley Interactions/Chests Loot Containers/GAMEMisc_Treasure chest open 2_GfxSounds_FantasyGameBundle.wav,429320,ce9d5053cb3d20e43469961b3c10d9eff04e4731074b8ede9bf93002f098005b,Foley Interactions,2,48000,16
audio/Foley Interactions/Chests Loot Containers/GAMEMisc_Treasure chest open_GfxSounds_FantasyGameBundle.wav,Fantasy Game Bundle/Foley Interactions/Chests Loot Containers/GAMEMisc_Treasure chest open_GfxSounds_FantasyGameBundle.wav,371664,599768ee608e091670c8fe8425917198f3ad5afd5e06836ea3b245b3002acd43,Foley Interactions,2,48000,16
audio/Foley Interactions/Clock Time Props/CLOCKTick_Time passing 2_GfxSounds_FantasyGameBundle.wav,Fantasy Game Bundle/Foley Interactions/Clock Time Props/CLOCKTick_Time passing 2_GfxSounds_FantasyGameBundle.wav,2583992,26836964d59e2847c37f4776a2137e1282348d19618da85a4a3bdf61c9d4d6bb,Foley Interactions,2,44100,16
audio/Foley Interactions/Clock Time Props/CLOCKTick_Time passing 3_GfxSounds_FantasyGameBundle.wav,Fantasy Game Bundle/Foley Interactions/Clock Time Props/CLOCKTick_Time passing 3_GfxSounds_FantasyGameBundle.wav,1771740,90cb286cd72308969885ad96bb0f02ebae5b3a7ec9c979796dc2bfec9c5282f4,Foley Interactions,2,44100,16
audio/Foley Interactions/Clock Time Props/CLOCKTick_Time passing 4_GfxSounds_FantasyGameBundle.wav,Fantasy Game Bundle/Foley Interactions/Clock Time Props/CLOCKTick_Time passing 4_GfxSounds_FantasyGameBundle.wav,941832,dcb47dd7530d87ffc4306389cf6765d363596abcd40aacfe8fd0b7c10cf7c372,Foley Interactions,2,44100,16
audio/Foley Interactions/Clock Time Props/CLOCKTick_Time passing_GfxSounds_FantasyGameBundle.wav,Fantasy Game Bundle/Foley Interactions/Clock Time Props/CLOCKTick_Time passing_GfxSounds_FantasyGameBundle.wav,629884,ec26b4a871bd838326925dd49e8e57a525dcbd8ded0b4f138197c5350b5d3ab4,Foley Interactions,2,44100,16
audio/Foley Interactions/Coins Treasure/OBJCoin_Coin bag shake 2_GfxSounds_FantasyGameBundle.wav,Fantasy Game Bundle/Foley Interactions/Coins Treasure/OBJCoin_Coin bag shake 2_GfxSounds_FantasyGameBundle.wav,309148,d397fb02b8190d78f8d904d01376ce5df837cfb46043085cfd3e579ccba0d22f,Foley Interactions,2,44100,16
audio/Foley Interactions/Coins Treasure/OBJCoin_Coin bag shake_GfxSounds_FantasyGameBundle.wav,Fantasy Game Bundle/Foley Interactions/Coins Treasure/OBJCoin_Coin bag shake_GfxSounds_FantasyGameBundle.wav,177904,15a2b28d7f0fdf76e746fde7ed3d17efd9d3153b765d0893134b5d45efc468b7,Foley Interactions,2,44100,16
audio/Foley Interactions/Coins Treasure/OBJCoin_Coin drop 2_GfxSounds_FantasyGameBundle.wav,Fantasy Game Bundle/Foley Interactions/Coins Treasure/OBJCoin_Coin drop 2_GfxSounds_FantasyGameBundle.wav,110168,264b87f81c76ab81658501b3991c22f8c9c06b06e9aac2265ee956580914742f,Foley Interactions,2,44100,16
audio/Foley Interactions/Coins Treasure/OBJCoin_Coin drop 3_GfxSounds_FantasyGameBundle.wav,Fantasy Game Bundle/Foley Interactions/Coins Treasure/OBJCoin_Coin drop 3_GfxSounds_FantasyGameBundle.wav,131336,d08ce9537d12bf1a00bf86a984283bc30fe40ee71b0874ca40fd118e64924d81,Foley Interactions,2,44100,16
audio/Foley Interactions/Coins Treasure/OBJCoin_Coin drop_GfxSounds_FantasyGameBundle.wav,Fantasy Game Bundle/Foley Interactions/Coins Treasure/OBJCoin_Coin drop_GfxSounds_FantasyGameBundle.wav,355712,f3710dfe43f2bd4abea0c393a2f009fbf38a0219de41a18960b14fc96adbc93e,Foley Interactions,2,44100,16
audio/Foley Interactions/Coins Treasure/OBJCoin_Coin pickup handling 2_GfxSounds_FantasyGameBundle.wav,Fantasy Game Bundle/Foley Interactions/Coins Treasure/OBJCoin_Coin pickup handling 2_GfxSounds_FantasyGameBundle.wav,170784,4bfbc12438d7242bd51a6b5ea52261553f2d786838853cfe3e80de29f466d2cc,Foley Interactions,2,44100,16
audio/Foley Interactions/Coins Treasure/OBJCoin_Coin pickup handling_GfxSounds_FantasyGameBundle.wav,Fantasy Game Bundle/Foley Interactions/Coins Treasure/OBJCoin_Coin pickup handling_GfxSounds_FantasyGameBundle.wav,100152,e22a7c40bd8946c0c7c6172f9fde49a23ef053c34290ca42ca66ab01a189e526,Foley Interactions,2,44100,16
audio/Foley Interactions/Coins Treasure/OBJCoin_Small treasure pieces fall 2_GfxSounds_FantasyGameBundle.wav,Fantasy Game Bundle/Foley Interactions/Coins Treasure/OBJCoin_Small treasure pieces fall 2_GfxSounds_FantasyGameBundle.wav,100152,f00ac1592bd5c7af368412ff48603b4d9be2ea40eeb6c08cd2c80432c8822783,Foley Interactions,2,44100,16
audio/Foley Interactions/Coins Treasure/OBJCoin_Small treasure pieces fall_GfxSounds_FantasyGameBundle.wav,Fantasy Game Bundle/Foley Interactions/Coins Treasure/OBJCoin_Small treasure pieces fall_GfxSounds_FantasyGameBundle.wav,80528,93f135e54a88a1b38b7e98e0c888acaa733eb0d063952bfdfd0fdf08d276a1e7,Foley Interactions,2,44100,16
audio/Foley Interactions/Debris Destruction Materials/DESTRClpse_Stone collapse destruction 2_GfxSounds_FantasyGameBundle.wav,Fantasy Game Bundle/Foley Interactions/Debris Destruction Materials/DESTRClpse_Stone collapse destruction 2_GfxSounds_FantasyGameBundle.wav,3581272,09ab4814ade8384f5fb4a801ca6e7a419be1dd861c375af4f2be9b9cd18a4a15,Foley Interactions,2,48000,16
audio/Foley Interactions/Debris Destruction Materials/DESTRClpse_Stone collapse destruction 3_GfxSounds_FantasyGameBundle.wav,Fantasy Game Bundle/Foley Interactions/Debris Destruction Materials/DESTRClpse_Stone collapse destruction 3_GfxSounds_FantasyGameBundle.wav,6931820,c7fcd1f02a514f06161f9371dec28f554b3703e48645e22975ee1043d80c769a,Foley Interactions,2,48000,16
audio/Foley Interactions/Debris Destruction Materials/DESTRClpse_Stone collapse destruction 4_GfxSounds_FantasyGameBundle.wav,Fantasy Game Bundle/Foley Interactions/Debris Destruction Materials/DESTRClpse_Stone collapse destruction 4_GfxSounds_FantasyGameBundle.wav,3472360,c4896bafeeac84e67f8269dad9960521be52f99f197c5eb2550661df61110e95,Foley Interactions,2,48000,16
audio/Foley Interactions/Debris Destruction Materials/DESTRClpse_Stone collapse destruction 5_GfxSounds_FantasyGameBundle.wav,Fantasy Game Bundle/Foley Interactions/Debris Destruction Materials/DESTRClpse_Stone collapse destruction 5_GfxSounds_FantasyGameBundle.wav,2056548,a637ded3187643748fceeec36759206930149c05fc09330d3b028709c569b279,Foley Interactions,2,48000,16
audio/Foley Interactions/Debris Destruction Materials/DESTRClpse_Stone collapse destruction_GfxSounds_FantasyGameBundle.wav,Fantasy Game Bundle/Foley Interactions/Debris Destruction Materials/DESTRClpse_Stone collapse destruction_GfxSounds_FantasyGameBundle.wav,6470556,7ffc2ba5eba71ecd564a07df66f33c454965073271bfdd01de6fd762c3e19849,Foley Interactions,2,48000,16
audio/Foley Interactions/Debris Destruction Materials/DESTRClpse_Stone ground opening_GfxSounds_FantasyGameBundle.wav,Fantasy Game Bundle/Foley Interactions/Debris Destruction Materials/DESTRClpse_Stone ground opening_GfxSounds_FantasyGameBundle.wav,453014,0308ccf2acc5eafb5701a09df3a98e75606bc2eda1203537b51e4fe6eea621f6,Foley Interactions,2,33600,16
audio/Foley Interactions/Debris Destruction Materials/DIRTCrsh_Cracking dirt debris 2_GfxSounds_FantasyGameBundle.wav,Fantasy Game Bundle/Foley Interactions/Debris Destruction Materials/DIRTCrsh_Cracking dirt debris 2_GfxSounds_FantasyGameBundle.wav,358852,8e4f7685a8d1085da03f2e308ac153ddaa479d16234b68768255a24103a630e8,Foley Interactions,2,48000,16
audio/Foley Interactions/Debris Destruction Materials/DIRTCrsh_Cracking dirt debris_GfxSounds_FantasyGameBundle.wav,Fantasy Game Bundle/Foley Interactions/Debris Destruction Materials/DIRTCrsh_Cracking dirt debris_GfxSounds_FantasyGameBundle.wav,410100,ed1d75de061a6948a2b4dee0ad3821e77a484331df8a6c4e04b9a11f4aa6fd71,Foley Interactions,2,48000,16
audio/Foley Interactions/Debris Destruction Materials/DIRTCrsh_Dirt dust wood fall 2_GfxSounds_FantasyGameBundle.wav,Fantasy Game Bundle/Foley Interactions/Debris Destruction Materials/DIRTCrsh_Dirt dust wood fall 2_GfxSounds_FantasyGameBundle.wav,499790,b42df603d3565e87364c76db776b06bd131292b2fdc34b46575f095e5cde94cd,Foley Interactions,2,48000,24
audio/Foley Interactions/Debris Destruction Materials/DIRTCrsh_Dirt dust wood fall 3_GfxSounds_FantasyGameBundle.wav,Fantasy Game Bundle/Foley Interactions/Debris Destruction Materials/DIRTCrsh_Dirt dust wood fall 3_GfxSounds_FantasyGameBundle.wav,778466,92a61c55d34c91b892f725b25d6f63c520fea6a1e25ba8de88e438d92f8420d7,Foley Interactions,2,48000,24
audio/Foley Interactions/Debris Destruction Materials/DIRTCrsh_Dirt dust wood fall 4_GfxSounds_FantasyGameBundle.wav,Fantasy Game Bundle/Foley Interactions/Debris Destruction Materials/DIRTCrsh_Dirt dust wood fall 4_GfxSounds_FantasyGameBundle.wav,797684,37878ee14ae9a2c02dc10bfcb6c065e40fa051d58c1914b0f83d07b6579d5ba1,Foley Interactions,2,48000,24
audio/Foley Interactions/Debris Destruction Materials/DIRTCrsh_Dirt dust wood fall_GfxSounds_FantasyGameBundle.wav,Fantasy Game Bundle/Foley Interactions/Debris Destruction Materials/DIRTCrsh_Dirt dust wood fall_GfxSounds_FantasyGameBundle.wav,634328,8066d9370e9612cc05c58029abbce161ec5cc65c9001930e0688e7d2270f96c6,Foley Interactions,2,48000,24
audio/Foley Interactions/Debris Destruction Materials/DIRTCrsh_Small dirt debris fall 2_GfxSounds_FantasyGameBundle.wav,Fantasy Game Bundle/Foley Interactions/Debris Destruction Materials/DIRTCrsh_Small dirt debris fall 2_GfxSounds_FantasyGameBundle.wav,864956,bee62582fa6eb6047ff96fd66e4f39fc32c06b7dc6988fb6391cbf730b1ad7de,Foley Interactions,2,48000,16
audio/Foley Interactions/Debris Destruction Materials/DIRTCrsh_Small dirt debris fall 3_GfxSounds_FantasyGameBundle.wav,Fantasy Game Bundle/Foley Interactions/Debris Destruction Materials/DIRTCrsh_Small dirt debris fall 3_GfxSounds_FantasyGameBundle.wav,1287782,f7257ecc8b56c9c2dc9a01652a77b86aa8c48c07581ed7a0e3d472d086fdb608,Foley Interactions,2,48000,24
audio/Foley Interactions/Debris Destruction Materials/DIRTCrsh_Small dirt debris fall_GfxSounds_FantasyGameBundle.wav,Fantasy Game Bundle/Foley Interactions/Debris Destruction Materials/DIRTCrsh_Small dirt debris fall_GfxSounds_FantasyGameBundle.wav,506200,83bfb0305e58052ff5bf060f4d9e3f88e5bb012a743f6fc1fbaee74c2a36d15a,Foley Interactions,2,48000,16
audio/Foley Interactions/Debris Destruction Materials/GLASCrsh_Window shatter debris 2_GfxSounds_FantasyGameBundle.wav,Fantasy Game Bundle/Foley Interactions/Debris Destruction Materials/GLASCrsh_Window shatter debris 2_GfxSounds_FantasyGameBundle.wav,512164,2ec3397308064c6501ea110b15a221bcf18b3a12bd7bbba51babddb5989c06c6,Foley Interactions,2,44100,16
audio/Foley Interactions/Debris Destruction Materials/GLASCrsh_Window shatter debris_GfxSounds_FantasyGameBundle.wav,Fantasy Game Bundle/Foley Interactions/Debris Destruction Materials/GLASCrsh_Window shatter debris_GfxSounds_FantasyGameBundle.wav,647536,2748096a050a87fa297914401aea6918a7dd1b5dda11da05136d930d3f482079,Foley Interactions,2,44100,16
audio/Foley Interactions/Debris Destruction Materials/ROCKCrsh_Gravel dirt stones 2_GfxSounds_FantasyGameBundle.wav,Fantasy Game Bundle/Foley Interactions/Debris Destruction Materials/ROCKCrsh_Gravel dirt stones 2_GfxSounds_FantasyGameBundle.wav,1162880,5f5bd0eb018277a2c035d9afd08ed506912a95ef13b060a3fc05fb3aec50e0c5,Foley Interactions,2,48000,24
audio/Foley Interactions/Debris Destruction Materials/ROCKCrsh_Gravel dirt stones 3_GfxSounds_FantasyGameBundle.wav,Fantasy Game Bundle/Foley Interactions/Debris Destruction Materials/ROCKCrsh_Gravel dirt stones 3_GfxSounds_FantasyGameBundle.wav,432080,25996c2b036b39937e64476e41721bc68e17de646099a54b06d8f23dfcd9ea0c,Foley Interactions,2,48000,24
audio/Foley Interactions/Debris Destruction Materials/ROCKCrsh_Gravel dirt stones_GfxSounds_FantasyGameBundle.wav,Fantasy Game Bundle/Foley Interactions/Debris Destruction Materials/ROCKCrsh_Gravel dirt stones_GfxSounds_FantasyGameBundle.wav,521336,58dbb247cb2a85e9826b098f1886069d8e5834eaf77768a5f1f5d85d6d5c24c7,Foley Interactions,2,48000,24
audio/Foley Interactions/Debris Destruction Materials/ROCKCrsh_Small gravel stones 2_GfxSounds_FantasyGameBundle.wav,Fantasy Game Bundle/Foley Interactions/Debris Destruction Materials/ROCKCrsh_Small gravel stones 2_GfxSounds_FantasyGameBundle.wav,324080,2e302a772f7c570960eca5af041105fb3d913d755d8a646411971cc0dda9f5c1,Foley Interactions,2,48000,24
audio/Foley Interactions/Debris Destruction Materials/ROCKCrsh_Small gravel stones 3_GfxSounds_FantasyGameBundle.wav,Fantasy Game Bundle/Foley Interactions/Debris Destruction Materials/ROCKCrsh_Small gravel stones 3_GfxSounds_FantasyGameBundle.wav,481244,7a4e3a3aa8104d0c9e3a267d25074144f6444ffe8f83fc45bdb303a03e58c7a7,Foley Interactions,2,48000,24
audio/Foley Interactions/Debris Destruction Materials/ROCKCrsh_Small gravel stones 4_GfxSounds_FantasyGameBundle.wav,Fantasy Game Bundle/Foley Interactions/Debris Destruction Materials/ROCKCrsh_Small gravel stones 4_GfxSounds_FantasyGameBundle.wav,581480,39eee385fd487223859d99e2f0f7b515f99951fd0f2868c989e7fb5db841ef5e,Foley Interactions,2,48000,24
audio/Foley Interactions/Debris Destruction Materials/ROCKCrsh_Small gravel stones_GfxSounds_FantasyGameBundle.wav,Fantasy Game Bundle/Foley Interactions/Debris Destruction Materials/ROCKCrsh_Small gravel stones_GfxSounds_FantasyGameBundle.wav,441146,1edb9b9675a47d76c0a538f5912c5db9704080c1192659b314b3494ffe2c08f7,Foley Interactions,2,48000,24
audio/Foley Interactions/Debris Destruction Materials/ROCKImpt_Heavy rockfall impact_GfxSounds_FantasyGameBundle.wav,Fantasy Game Bundle/Foley Interactions/Debris Destruction Materials/ROCKImpt_Heavy rockfall impact_GfxSounds_FantasyGameBundle.wav,4285976,6c577895203ce7e95b687d7e20346bde490adc6bcf60eeae30bc147769348c70,Foley Interactions,2,48000,16
audio/Foley Interactions/Debris Destruction Materials/ROCKImpt_Small stone wall fall 2_GfxSounds_FantasyGameBundle.wav,Fantasy Game Bundle/Foley Interactions/Debris Destruction Materials/ROCKImpt_Small stone wall fall 2_GfxSounds_FantasyGameBundle.wav,730420,2e92edb1fb7befa9f9ea350682a7924655456c4a30742acede4debaee96ee902,Foley Interactions,2,48000,16
audio/Foley Interactions/Debris Destruction Materials/ROCKImpt_Small stone wall fall 3_GfxSounds_FantasyGameBundle.wav,Fantasy Game Bundle/Foley Interactions/Debris Destruction Materials/ROCKImpt_Small stone wall fall 3_GfxSounds_FantasyGameBundle.wav,659952,34e742d8cfcdc7ae1cf3f4e7ba354e5409a86eed7c371232f38a5d24299bcc3e,Foley Interactions,2,48000,16
audio/Foley Interactions/Debris Destruction Materials/ROCKImpt_Small stone wall fall_GfxSounds_FantasyGameBundle.wav,Fantasy Game Bundle/Foley Interactions/Debris Destruction Materials/ROCKImpt_Small stone wall fall_GfxSounds_FantasyGameBundle.wav,775264,f005c6f90a6d2ba471b4ff044101d45266c53fefe378655a02147c243609615f,Foley Interactions,2,48000,16
audio/Foley Interactions/Doors Locks Mechanisms/Doors/DOORCreak_Old wooden door close_GfxSounds_FantasyGameBundle.wav,Fantasy Game Bundle/Foley Interactions/Doors Locks Mechanisms/Doors/DOORCreak_Old wooden door close_GfxSounds_FantasyGameBundle.wav,432530,87bf976ef564fe83d293b096492fa5f9b5ad3ad529c7b41c22c40b72af47b3f7,Foley Interactions,2,48000,24
audio/Foley Interactions/Doors Locks Mechanisms/Doors/DOORCreak_Old wooden door creak_GfxSounds_FantasyGameBundle.wav,Fantasy Game Bundle/Foley Interactions/Doors Locks Mechanisms/Doors/DOORCreak_Old wooden door creak_GfxSounds_FantasyGameBundle.wav,544136,a481e04bbc7f3a4c3bb9b60d70fa964dd4075a66127780354b3701c75211cab4,Foley Interactions,2,48000,24
audio/Foley Interactions/Doors Locks Mechanisms/Doors/DOORDungn_Dungeon door unlock 2_GfxSounds_FantasyGameBundle.wav,Fantasy Game Bundle/Foley Interactions/Doors Locks Mechanisms/Doors/DOORDungn_Dungeon door unlock 2_GfxSounds_FantasyGameBundle.wav,647140,4df5327d204cd09dc9625cc8c91e0d0606f32238a64687f7a7760caf96e4ceca,Foley Interactions,2,48000,16
audio/Foley Interactions/Doors Locks Mechanisms/Doors/DOORDungn_Dungeon door unlock 3_GfxSounds_FantasyGameBundle.wav,Fantasy Game Bundle/Foley Interactions/Doors Locks Mechanisms/Doors/DOORDungn_Dungeon door unlock 3_GfxSounds_FantasyGameBundle.wav,839328,21c949e733848567a440b9203e946e517c39938c9855637dce29ec006931c11f,Foley Interactions,2,48000,16
audio/Foley Interactions/Doors Locks Mechanisms/Doors/DOORDungn_Dungeon door unlock 4_GfxSounds_FantasyGameBundle.wav,Fantasy Game Bundle/Foley Interactions/Doors Locks Mechanisms/Doors/DOORDungn_Dungeon door unlock 4_GfxSounds_FantasyGameBundle.wav,813704,236b576c75143491037d2ef9050dbda0a849aa6a13d47d9b0377ddb7d562fb5d,Foley Interactions,2,48000,16
audio/Foley Interactions/Doors Locks Mechanisms/Doors/DOORDungn_Dungeon door unlock_GfxSounds_FantasyGameBundle.wav,Fantasy Game Bundle/Foley Interactions/Doors Locks Mechanisms/Doors/DOORDungn_Dungeon door unlock_GfxSounds_FantasyGameBundle.wav,775268,6fedf92047d331b4864e1719bfd6306ed187f24d7a04a1dafe20aa082dad8f21,Foley Interactions,2,48000,16
audio/Foley Interactions/Doors Locks Mechanisms/Doors/DOORHdwr_Door unlock open 2_GfxSounds_FantasyGameBundle.wav,Fantasy Game Bundle/Foley Interactions/Doors Locks Mechanisms/Doors/DOORHdwr_Door unlock open 2_GfxSounds_FantasyGameBundle.wav,164896,4c0e89066b96d952035d5c6df881c9c6c017016e779f46a308f227fda381cb28,Foley Interactions,2,44100,16
audio/Foley Interactions/Doors Locks Mechanisms/Doors/DOORHdwr_Door unlock open_GfxSounds_FantasyGameBundle.wav,Fantasy Game Bundle/Foley Interactions/Doors Locks Mechanisms/Doors/DOORHdwr_Door unlock open_GfxSounds_FantasyGameBundle.wav,159012,c7efffd9b4c5467dcef0cafb7fbe3e5cdd2236278201fff71a91d82d05a5d60c,Foley Interactions,2,44100,16
audio/Foley Interactions/Doors Locks Mechanisms/Doors/DOORWood_Squeaky wooden door close_GfxSounds_FantasyGameBundle.wav,Fantasy Game Bundle/Foley Interactions/Doors Locks Mechanisms/Doors/DOORWood_Squeaky wooden door close_GfxSounds_FantasyGameBundle.wav,241064,5daf10b50ff3ce2927549b62f1911006a4fb87ca0b03d590283011597e51db8a,Foley Interactions,2,48000,24
audio/Foley Interactions/Doors Locks Mechanisms/Doors/DOORWood_Squeaky wooden door open_GfxSounds_FantasyGameBundle.wav,Fantasy Game Bundle/Foley Interactions/Doors Locks Mechanisms/Doors/DOORWood_Squeaky wooden door open_GfxSounds_FantasyGameBundle.wav,587588,d8836dc14dc29d87e62cf2ca63d9762cfcb2ea847297d640853176e4ace88d6a,Foley Interactions,2,48000,24
audio/Foley Interactions/Doors Locks Mechanisms/Doors/DOORWood_Wooden door close 2_GfxSounds_FantasyGameBundle.wav,Fantasy Game Bundle/Foley Interactions/Doors Locks Mechanisms/Doors/DOORWood_Wooden door close 2_GfxSounds_FantasyGameBundle.wav,141352,7389c55dd7f27980f730883a4fc7c7c44e550b43d4217709ee825c00d33cbc28,Foley Interactions,2,44100,16
audio/Foley Interactions/Doors Locks Mechanisms/Doors/DOORWood_Wooden door close_GfxSounds_FantasyGameBundle.wav,Fantasy Game Bundle/Foley Interactions/Doors Locks Mechanisms/Doors/DOORWood_Wooden door close_GfxSounds_FantasyGameBundle.wav,141352,6deb55cd69028c26722a9c1905f93c4656754c6755db2db566c25d00433a21a8,Foley Interactions,2,44100,16
audio/Foley Interactions/Doors Locks Mechanisms/Doors/DOORWood_Wooden door slam_GfxSounds_FantasyGameBundle.wav,Fantasy Game Bundle/Foley Interactions/Doors Locks Mechanisms/Doors/DOORWood_Wooden door slam_GfxSounds_FantasyGameBundle.wav,270844,78698164458284e4267c5786c012a1d17ca7f936b32eb8048352b10baa27d2c7,Foley Interactions,2,44100,16
audio/Foley Interactions/Doors Locks Mechanisms/Doors/DOORWood_Wooden door squeak_GfxSounds_FantasyGameBundle.wav,Fantasy Game Bundle/Foley Interactions/Doors Locks Mechanisms/Doors/DOORWood_Wooden door squeak_GfxSounds_FantasyGameBundle.wav,211984,7c28c8648631520afea0b21056f035d3632d80a8cb7ee62becccd08c86a12389,Foley Interactions,2,44100,16
audio/Foley Interactions/Doors Locks Mechanisms/Drawbridges/DOORGate_Castle drawbridge lowering 2_GfxSounds_FantasyGameBundle.wav,Fantasy Game Bundle/Foley Interactions/Doors Locks Mechanisms/Drawbridges/DOORGate_Castle drawbridge lowering 2_GfxSounds_FantasyGameBundle.wav,1262152,034dd26bb1d6d94b4d6dcbff511f62d72fef4540afcf2205d965f734b47e4ce6,Foley Interactions,2,48000,16
audio/Foley Interactions/Doors Locks Mechanisms/Drawbridges/DOORGate_Castle drawbridge lowering_GfxSounds_FantasyGameBundle.wav,Fantasy Game Bundle/Foley Interactions/Doors Locks Mechanisms/Drawbridges/DOORGate_Castle drawbridge lowering_GfxSounds_FantasyGameBundle.wav,1832324,150d86ac6cf5c2d2faa7dc0657d0bad813807eb0fbc45b447af8d3b5134df14c,Foley Interactions,2,48000,16
audio/Foley Interactions/Doors Locks Mechanisms/Drawbridges/DOORGate_Castle drawbridge raising 2_GfxSounds_FantasyGameBundle.wav,Fantasy Game Bundle/Foley Interactions/Doors Locks Mechanisms/Drawbridges/DOORGate_Castle drawbridge raising 2_GfxSounds_FantasyGameBundle.wav,1499188,85909d454492a5f213b36e955cb947b535ffa15a0035b632ce09a8a975e495a3,Foley Interactions,2,48000,16
audio/Foley Interactions/Doors Locks Mechanisms/Drawbridges/DOORGate_Castle drawbridge raising_GfxSounds_FantasyGameBundle.wav,Fantasy Game Bundle/Foley Interactions/Doors Locks Mechanisms/Drawbridges/DOORGate_Castle drawbridge raising_GfxSounds_FantasyGameBundle.wav,1576068,8636d23ac04491ee6af48a47e868c809ada4a03adc726d3e892ef02b4a31cbf1,Foley Interactions,2,48000,16
audio/Foley Interactions/Doors Locks Mechanisms/Gears Valves/MECHGear_Ancient gear mechanism 2_GfxSounds_FantasyGameBundle.wav,Fantasy Game Bundle/Foley Interactions/Doors Locks Mechanisms/Gears Valves/MECHGear_Ancient gear mechanism 2_GfxSounds_FantasyGameBundle.wav,1268560,a8df682c656836ca0c9af85aec9c4ca14d8c80090a5d9ccfe71cd8f78687afa6,Foley Interactions,2,48000,16
audio/Foley Interactions/Doors Locks Mechanisms/Gears Valves/MECHGear_Ancient gear mechanism 3_GfxSounds_FantasyGameBundle.wav,Fantasy Game Bundle/Foley Interactions/Doors Locks Mechanisms/Gears Valves/MECHGear_Ancient gear mechanism 3_GfxSounds_FantasyGameBundle.wav,1057148,415f0eb58b0387c1cb8189fa84e5ccf514c8dcaf6ba106b0cf7c68da582d00b6,Foley Interactions,2,48000,16
audio/Foley Interactions/Doors Locks Mechanisms/Gears Valves/MECHGear_Ancient gear mechanism 4_GfxSounds_FantasyGameBundle.wav,Fantasy Game Bundle/Foley Interactions/Doors Locks Mechanisms/Gears Valves/MECHGear_Ancient gear mechanism 4_GfxSounds_FantasyGameBundle.wav,1089180,5729f1470a6fc1a6895b8df9317a454053ab25d2b532245da2e8058028d29703,Foley Interactions,2,48000,16
audio/Foley Interactions/Doors Locks Mechanisms/Gears Valves/MECHGear_Ancient gear mechanism 5_GfxSounds_FantasyGameBundle.wav,Fantasy Game Bundle/Foley Interactions/Doors Locks Mechanisms/Gears Valves/MECHGear_Ancient gear mechanism 5_GfxSounds_FantasyGameBundle.wav,820112,fed22fab0d941df22652b13f7ce63aaf885c345f3bf61ad3f54232afc430791e,Foley Interactions,2,48000,16
audio/Foley Interactions/Doors Locks Mechanisms/Gears Valves/MECHGear_Ancient gear mechanism_GfxSounds_FantasyGameBundle.wav,Fantasy Game Bundle/Foley Interactions/Doors Locks Mechanisms/Gears Valves/MECHGear_Ancient gear mechanism_GfxSounds_FantasyGameBundle.wav,1012304,8e44c422755f72642955b9ed2b36f92b5175950dd74641dbb1c0dc65812db15e,Foley Interactions,2,48000,16
audio/Foley Interactions/Doors Locks Mechanisms/Gears Valves/MECHGear_Ancient valve turn_GfxSounds_FantasyGameBundle.wav,Fantasy Game Bundle/Foley Interactions/Doors Locks Mechanisms/Gears Valves/MECHGear_Ancient valve turn_GfxSounds_FantasyGameBundle.wav,188440,7a08595a2f69095645a86dbec6f09803e3845e426a5c73560361610f794b4d5a,Foley Interactions,2,44100,16
audio/Foley Interactions/Doors Locks Mechanisms/Gears Valves/MECHGear_Small gear mechanism 2_GfxSounds_FantasyGameBundle.wav,Fantasy Game Bundle/Foley Interactions/Doors Locks Mechanisms/Gears Valves/MECHGear_Small gear mechanism 2_GfxSounds_FantasyGameBundle.wav,474164,1b23bb48d33acecb0f9f41ab57d868d78aa6e3b02f070c3dcaa7ddb8204f4dbe,Foley Interactions,2,48000,16
audio/Foley Interactions/Doors Locks Mechanisms/Gears Valves/MECHGear_Small gear mechanism 3_GfxSounds_FantasyGameBundle.wav,Fantasy Game Bundle/Foley Interactions/Doors Locks Mechanisms/Gears Valves/MECHGear_Small gear mechanism 3_GfxSounds_FantasyGameBundle.wav,583076,0d8240793080747bf5b47d1dc5d379821e0137d2a05b3c7fdc47d33506aadea1,Foley Interactions,2,48000,16
audio/Foley Interactions/Doors Locks Mechanisms/Gears Valves/MECHGear_Small gear mechanism 4_GfxSounds_FantasyGameBundle.wav,Fantasy Game Bundle/Foley Interactions/Doors Locks Mechanisms/Gears Valves/MECHGear_Small gear mechanism 4_GfxSounds_FantasyGameBundle.wav,666356,54f16ad57495c66a3b08591b8a73385e179f9a41543cf718fd43925a55ae07bf,Foley Interactions,2,48000,16
audio/Foley Interactions/Doors Locks Mechanisms/Gears Valves/MECHGear_Small gear mechanism_GfxSounds_FantasyGameBundle.wav,Fantasy Game Bundle/Foley Interactions/Doors Locks Mechanisms/Gears Valves/MECHGear_Small gear mechanism_GfxSounds_FantasyGameBundle.wav,442132,10ed2a282a1cad4c02ed94be8c1db9aa67084545f12bbd1c63ab6d7515565ef4,Foley Interactions,2,48000,16
audio/Foley Interactions/Doors Locks Mechanisms/Locks Keys Chains/MECHLock_Chain lock closing 2_GfxSounds_FantasyGameBundle.wav,Fantasy Game Bundle/Foley Interactions/Doors Locks Mechanisms/Locks Keys Chains/MECHLock_Chain lock closing 2_GfxSounds_FantasyGameBundle.wav,339632,b10b115a7a1166bb586b6ed1b969eb0256a22266609e4e870d910b9195f276ab,Foley Interactions,2,48000,16
audio/Foley Interactions/Doors Locks Mechanisms/Locks Keys Chains/MECHLock_Chain lock closing_GfxSounds_FantasyGameBundle.wav,Fantasy Game Bundle/Foley Interactions/Doors Locks Mechanisms/Locks Keys Chains/MECHLock_Chain lock closing_GfxSounds_FantasyGameBundle.wav,435728,ab7dafddad8fc8c9788b9d911090263046e066a04497b2944421ed7325c434b0,Foley Interactions,2,48000,16
audio/Foley Interactions/Doors Locks Mechanisms/Locks Keys Chains/MECHLock_Chain lock opening_GfxSounds_FantasyGameBundle.wav,Fantasy Game Bundle/Foley Interactions/Doors Locks Mechanisms/Locks Keys Chains/MECHLock_Chain lock opening_GfxSounds_FantasyGameBundle.wav,589480,8cba4995f338ca7427b96ef8c6bc46ef9c689278abbc64a48bd58353bfb96a79,Foley Interactions,2,48000,16
audio/Foley Interactions/Doors Locks Mechanisms/Locks Keys Chains/MECHLock_Dungeon chain rattle_GfxSounds_FantasyGameBundle.wav,Fantasy Game Bundle/Foley Interactions/Doors Locks Mechanisms/Locks Keys Chains/MECHLock_Dungeon chain rattle_GfxSounds_FantasyGameBundle.wav,306156,2b6d36dc9a3de8f8f78cac6c3af8e3dc2a0e21119570986e18693361127f9100,Foley Interactions,2,44100,16
audio/Foley Interactions/Doors Locks Mechanisms/Locks Keys Chains/MECHLock_Hidden lock engage 2_GfxSounds_FantasyGameBundle.wav,Fantasy Game Bundle/Foley Interactions/Doors Locks Mechanisms/Locks Keys Chains/MECHLock_Hidden lock engage 2_GfxSounds_FantasyGameBundle.wav,147440,0e7723b6b4c9639c03b34369da1b4f45941a2c5c405c0712627d169dc39dfe62,Foley Interactions,2,48000,16
audio/Foley Interactions/Doors Locks Mechanisms/Locks Keys Chains/MECHLock_Hidden lock engage_GfxSounds_FantasyGameBundle.wav,Fantasy Game Bundle/Foley Interactions/Doors Locks Mechanisms/Locks Keys Chains/MECHLock_Hidden lock engage_GfxSounds_FantasyGameBundle.wav,211504,5ddd7183d40fcf6121c9c7e3146927c9b54ef9d1b0566157c8a154b9d969aeb3,Foley Interactions,2,48000,16
audio/Foley Interactions/Doors Locks Mechanisms/Locks Keys Chains/MECHLock_Hidden lock release 2_GfxSounds_FantasyGameBundle.wav,Fantasy Game Bundle/Foley Interactions/Doors Locks Mechanisms/Locks Keys Chains/MECHLock_Hidden lock release 2_GfxSounds_FantasyGameBundle.wav,115408,c13235e31722271318938ef390b3d1a808e2e8affb856556f0579e2c9acd63be,Foley Interactions,2,48000,16
audio/Foley Interactions/Doors Locks Mechanisms/Locks Keys Chains/MECHLock_Hidden lock release_GfxSounds_FantasyGameBundle.wav,Fantasy Game Bundle/Foley Interactions/Doors Locks Mechanisms/Locks Keys Chains/MECHLock_Hidden lock release_GfxSounds_FantasyGameBundle.wav,102592,47783106ace935b2aba2bd7e24a6107d84dcde19e922a106d10855ca706a74fd,Foley Interactions,2,48000,16
audio/Foley Interactions/Doors Locks Mechanisms/Locks Keys Chains/MECHLock_Large padlock close 2_GfxSounds_FantasyGameBundle.wav,Fantasy Game Bundle/Foley Interactions/Doors Locks Mechanisms/Locks Keys Chains/MECHLock_Large padlock close 2_GfxSounds_FantasyGameBundle.wav,216080,0e896bc88c642a3ef3b2a610879a6d9f28d34dc4a73ada5cda47926a548d3d73,Foley Interactions,2,48000,24
audio/Foley Interactions/Doors Locks Mechanisms/Locks Keys Chains/MECHLock_Large padlock close_GfxSounds_FantasyGameBundle.wav,Fantasy Game Bundle/Foley Interactions/Doors Locks Mechanisms/Locks Keys Chains/MECHLock_Large padlock close_GfxSounds_FantasyGameBundle.wav,270080,356d93771b676019ef91aea98b362de443de5f831b8ca8f309165e46a6d4b273,Foley Interactions,2,48000,24
audio/Foley Interactions/Doors Locks Mechanisms/Locks Keys Chains/MECHLock_Large padlock open 2_GfxSounds_FantasyGameBundle.wav,Fantasy Game Bundle/Foley Interactions/Doors Locks Mechanisms/Locks Keys Chains/MECHLock_Large padlock open 2_GfxSounds_FantasyGameBundle.wav,261080,b0792e7b61f2563d17752c5543010558d2ac7e8f7dedcf7b2cfc33449d09708d,Foley Interactions,2,48000,24
audio/Foley Interactions/Doors Locks Mechanisms/Locks Keys Chains/MECHLock_Large padlock open_GfxSounds_FantasyGameBundle.wav,Fantasy Game Bundle/Foley Interactions/Doors Locks Mechanisms/Locks Keys Chains/MECHLock_Large padlock open_GfxSounds_FantasyGameBundle.wav,189080,dfeeaf5de1c342a6395e38c8465c121d87dd12743b5935bc10affa149fef6d53,Foley Interactions,2,48000,24
audio/Foley Interactions/Doors Locks Mechanisms/Locks Keys Chains/OBJKey_Door key insert 2_GfxSounds_FantasyGameBundle.wav,Fantasy Game Bundle/Foley Interactions/Doors Locks Mechanisms/Locks Keys Chains/OBJKey_Door key insert 2_GfxSounds_FantasyGameBundle.wav,371342,2ef625e955f3a7446a208cb7cce013d25768d7623b511e9319b1a2c512bdd626,Foley Interactions,2,48000,24
audio/Foley Interactions/Doors Locks Mechanisms/Locks Keys Chains/OBJKey_Door key insert_GfxSounds_FantasyGameBundle.wav,Fantasy Game Bundle/Foley Interactions/Doors Locks Mechanisms/Locks Keys Chains/OBJKey_Door key insert_GfxSounds_FantasyGameBundle.wav,207992,6b9de51cc46c29d82fb500944c3e9bf5b88e58c4d512ac6b04b02be565a80f67,Foley Interactions,2,48000,24
audio/Foley Interactions/Doors Locks Mechanisms/Locks Keys Chains/OBJKey_Key unlock door 2_GfxSounds_FantasyGameBundle.wav,Fantasy Game Bundle/Foley Interactions/Doors Locks Mechanisms/Locks Keys Chains/OBJKey_Key unlock door 2_GfxSounds_FantasyGameBundle.wav,147240,73dbad19402801d3834f09cea709bc213e1d8e33ffc7f2be62a5278f664a2b81,Foley Interactions,2,44100,16
audio/Foley Interactions/Doors Locks Mechanisms/Locks Keys Chains/OBJKey_Key unlock door_GfxSounds_FantasyGameBundle.wav,Fantasy Game Bundle/Foley Interactions/Doors Locks Mechanisms/Locks Keys Chains/OBJKey_Key unlock door_GfxSounds_FantasyGameBundle.wav,147240,d0b4f046e641daacc6d62ce815ef5aaefc2a9a7b183d35f6f1b3f8de4acdc612,Foley Interactions,2,44100,16
audio/Foley Interactions/Doors Locks Mechanisms/Locks Keys Chains/OBJKey_Padlock key insert 2_GfxSounds_FantasyGameBundle.wav,Fantasy Game Bundle/Foley Interactions/Doors Locks Mechanisms/Locks Keys Chains/OBJKey_Padlock key insert 2_GfxSounds_FantasyGameBundle.wav,70724,7133a45c8c0a943ad50a035082bfbbdb5e6a4c8204fdf84cf0ccbbf34938922c,Foley Interactions,2,44100,16
audio/Foley Interactions/Doors Locks Mechanisms/Locks Keys Chains/OBJKey_Padlock key insert_GfxSounds_FantasyGameBundle.wav,Fantasy Game Bundle/Foley Interactions/Doors Locks Mechanisms/Locks Keys Chains/OBJKey_Padlock key insert_GfxSounds_FantasyGameBundle.wav,106036,737bd30b10840bd8e09affba10f287c77dcd0c8878c685c62efa49566c3b2eda,Foley Interactions,2,44100,16
audio/Foley Interactions/Doors Locks Mechanisms/Locks Keys Chains/OBJKey_Small padlock key insert 2_GfxSounds_FantasyGameBundle.wav,Fantasy Game Bundle/Foley Interactions/Doors Locks Mechanisms/Locks Keys Chains/OBJKey_Small padlock key insert 2_GfxSounds_FantasyGameBundle.wav,297092,531d57988c4d83d4cb8da21be112c38abcbdb0eb36bee14a3c4b067c3954d315,Foley Interactions,2,48000,24
audio/Foley Interactions/Doors Locks Mechanisms/Locks Keys Chains/OBJKey_Small padlock key insert_GfxSounds_FantasyGameBundle.wav,Fantasy Game Bundle/Foley Interactions/Doors Locks Mechanisms/Locks Keys Chains/OBJKey_Small padlock key insert_GfxSounds_FantasyGameBundle.wav,297092,ba8eefd8a53ff3ab69fc1efb1ab3d9266729487686f04dde0b46770a57668c6b,Foley Interactions,2,48000,24
audio/Foley Interactions/Food Drink/FOODDrnk_Potion sip 2_GfxSounds_FantasyGameBundle.wav,Fantasy Game Bundle/Foley Interactions/Food Drink/FOODDrnk_Potion sip 2_GfxSounds_FantasyGameBundle.wav,370904,24bb898f93d88b85f0c244a3b77754e86d1e665b2982829559dbbf03ea64a900,Foley Interactions,2,44100,16
audio/Foley Interactions/Food Drink/FOODDrnk_Potion sip_GfxSounds_FantasyGameBundle.wav,Fantasy Game Bundle/Foley Interactions/Food Drink/FOODDrnk_Potion sip_GfxSounds_FantasyGameBundle.wav,465076,4fc1560855c30688525adb16a3cd7f2e2b7fe918b4b52c041073e8eeefc03107,Foley Interactions,2,44100,16
audio/Foley Interactions/Food Drink/FOODDrnk_Potion slurp_GfxSounds_FantasyGameBundle.wav,Fantasy Game Bundle/Foley Interactions/Food Drink/FOODDrnk_Potion slurp_GfxSounds_FantasyGameBundle.wav,188440,057b207c729671155a5f0ec44364ea2c8d7b3a30f01782029f7592d14fcf130c,Foley Interactions,2,44100,16
audio/Foley Interactions/Food Drink/FOODEat_Crisp bite crunch 2_GfxSounds_FantasyGameBundle.wav,Fantasy Game Bundle/Foley Interactions/Food Drink/FOODEat_Crisp bite crunch 2_GfxSounds_FantasyGameBundle.wav,243532,6813053958c88e6a2c6594b6c37e16b03f1b2116978470f109a0f38467798315,Foley Interactions,2,48000,16
audio/Foley Interactions/Food Drink/FOODEat_Crisp bite crunch 3_GfxSounds_FantasyGameBundle.wav,Fantasy Game Bundle/Foley Interactions/Food Drink/FOODEat_Crisp bite crunch 3_GfxSounds_FantasyGameBundle.wav,121812,dc193012971f845d1228a8c46beddbcf21d966291233123466389bfccdf1059f,Foley Interactions,2,48000,16
audio/Foley Interactions/Food Drink/FOODEat_Crisp bite crunch 4_GfxSounds_FantasyGameBundle.wav,Fantasy Game Bundle/Foley Interactions/Food Drink/FOODEat_Crisp bite crunch 4_GfxSounds_FantasyGameBundle.wav,166660,bafe3ebee4c0ac56bffee352bc6c745757b6dd95bfbcc075128623b8bab8750b,Foley Interactions,2,48000,16
audio/Foley Interactions/Food Drink/FOODEat_Crisp bite crunch 5_GfxSounds_FantasyGameBundle.wav,Fantasy Game Bundle/Foley Interactions/Food Drink/FOODEat_Crisp bite crunch 5_GfxSounds_FantasyGameBundle.wav,106036,16391c2cdf4e81d482a26e1af8d141e5693d34926817402127c935d97c28c0ef,Foley Interactions,2,44100,16
audio/Foley Interactions/Food Drink/FOODEat_Crisp bite crunch_GfxSounds_FantasyGameBundle.wav,Fantasy Game Bundle/Foley Interactions/Food Drink/FOODEat_Crisp bite crunch_GfxSounds_FantasyGameBundle.wav,185880,28d48cea446dd292fba75ab5361e151c3d7c46b5047be58862ae90eb1fe25adb,Foley Interactions,2,48000,16
audio/Foley Interactions/Food Drink/FOODEat_Fruit bite crunch 2_GfxSounds_FantasyGameBundle.wav,Fantasy Game Bundle/Foley Interactions/Food Drink/FOODEat_Fruit bite crunch 2_GfxSounds_FantasyGameBundle.wav,470960,afcd623513154495437b6a77cd53a43b677ad466dcf7c70f5393dcfad9f463aa,Foley Interactions,2,48000,24
audio/Foley Interactions/Food Drink/FOODEat_Fruit bite crunch 3_GfxSounds_FantasyGameBundle.wav,Fantasy Game Bundle/Foley Interactions/Food Drink/FOODEat_Fruit bite crunch 3_GfxSounds_FantasyGameBundle.wav,432524,b74b6bfcafbf9f6f6c4b60b12f18613e21278044123ecb3f3babac1fe386978e,Foley Interactions,2,48000,24
audio/Foley Interactions/Food Drink/FOODEat_Fruit bite crunch_GfxSounds_FantasyGameBundle.wav,Fantasy Game Bundle/Foley Interactions/Food Drink/FOODEat_Fruit bite crunch_GfxSounds_FantasyGameBundle.wav,701588,da281483d6dc5f7bee2a28961c5e75e91d2f09055cef11fe3c3fafb0ec33d447,Foley Interactions,2,48000,24
audio/Foley Interactions/Lanterns Torches/FIRETrch_Torch extinguish_GfxSounds_FantasyGameBundle.wav,Fantasy Game Bundle/Foley Interactions/Lanterns Torches/FIRETrch_Torch extinguish_GfxSounds_FantasyGameBundle.wav,523936,4ed908dd7c6cf199f4c3b3f24d0192c11f93930c110b520b930cdec05736ec30,Foley Interactions,2,44100,16
audio/Foley Interactions/Lanterns Torches/FIRETrch_Torch fire crackle_GfxSounds_FantasyGameBundle.wav,Fantasy Game Bundle/Foley Interactions/Lanterns Torches/FIRETrch_Torch fire crackle_GfxSounds_FantasyGameBundle.wav,1453904,cb3ee1eca5992fd524808fd5a31cb643a11624746091ee7e2e3ed73cb2e00d81,Foley Interactions,2,44100,16
audio/Foley Interactions/Lanterns Torches/FIRETrch_Torch hand movement 2_GfxSounds_FantasyGameBundle.wav,Fantasy Game Bundle/Foley Interactions/Lanterns Torches/FIRETrch_Torch hand movement 2_GfxSounds_FantasyGameBundle.wav,176668,e362c92f9e12e5810d193ba68188aec04bfd274dae3eaa99fa7275b2976eb2db,Foley Interactions,2,44100,16
audio/Foley Interactions/Lanterns Torches/FIRETrch_Torch hand movement_GfxSounds_FantasyGameBundle.wav,Fantasy Game Bundle/Foley Interactions/Lanterns Torches/FIRETrch_Torch hand movement_GfxSounds_FantasyGameBundle.wav,500392,b7a81e6a21d6e63390c23433445340d4daa6642cfd75f796ce7e850455a1be5a,Foley Interactions,2,44100,16
audio/Foley Interactions/Lanterns Torches/FIRETrch_Torch lighting_GfxSounds_FantasyGameBundle.wav,Fantasy Game Bundle/Foley Interactions/Lanterns Torches/FIRETrch_Torch lighting_GfxSounds_FantasyGameBundle.wav,1406816,86ab370cc8c1aac9eb68e34ac43f4d8ff7d3cc977144e79cc0f6e5e8acf04774,Foley Interactions,2,44100,16
audio/Foley Interactions/Mounts Horses/ANMLHors_Horse gallop snorts_GfxSounds_FantasyGameBundle.wav,Fantasy Game Bundle/Foley Interactions/Mounts Horses/ANMLHors_Horse gallop snorts_GfxSounds_FantasyGameBundle.wav,1154088,f595b40c148803298ff9b962c84826619a21bce21acd087c68be7aa487a8190d,Foley Interactions,2,48000,16
audio/Foley Interactions/Mounts Horses/EQUIPBridle_Horse dismount tack_GfxSounds_FantasyGameBundle.wav,Fantasy Game Bundle/Foley Interactions/Mounts Horses/EQUIPBridle_Horse dismount tack_GfxSounds_FantasyGameBundle.wav,807300,fb20b7c9d37e857aafb67286fcc706e2c257ed3465595698f1ecb15b28d8672e,Foley Interactions,2,48000,16
audio/Foley Interactions/Mounts Horses/EQUIPBridle_Horse tack movement_GfxSounds_FantasyGameBundle.wav,Fantasy Game Bundle/Foley Interactions/Mounts Horses/EQUIPBridle_Horse tack movement_GfxSounds_FantasyGameBundle.wav,563856,ea81e37d4fbd0974941079c456f7d4aabc867799b991feb75560cf93d32c06b5,Foley Interactions,2,48000,16
audio/Foley Interactions/Mounts Horses/FEETHors_Horse gallop pass by 2_GfxSounds_FantasyGameBundle.wav,Fantasy Game Bundle/Foley Interactions/Mounts Horses/FEETHors_Horse gallop pass by 2_GfxSounds_FantasyGameBundle.wav,1351844,a9faafc32a42d884537ea3aa7badaee207142da6bf40ea94fee981207bf706a9,Foley Interactions,2,48000,16
audio/Foley Interactions/Mounts Horses/FEETHors_Horse gallop pass by_GfxSounds_FantasyGameBundle.wav,Fantasy Game Bundle/Foley Interactions/Mounts Horses/FEETHors_Horse gallop pass by_GfxSounds_FantasyGameBundle.wav,2242332,9e2198355171ee6dcbea4b1d87af18039f858b598c3a86bf898bf03c66a1f340,Foley Interactions,2,48000,16
audio/Foley Interactions/Mounts Horses/FEETHors_Horse gallop tack movement_GfxSounds_FantasyGameBundle.wav,Fantasy Game Bundle/Foley Interactions/Mounts Horses/FEETHors_Horse gallop tack movement_GfxSounds_FantasyGameBundle.wav,1140432,228d7fb73aae4bfcfe1deb9f651f9c4e6fd602353989b47073db5a7ce3de7048,Foley Interactions,2,48000,16
audio/Foley Interactions/Windows and Furniture/OBJFurn_Seat cushion sit 2_GfxSounds_FantasyGameBundle.wav,Fantasy Game Bundle/Foley Interactions/Windows and Furniture/OBJFurn_Seat cushion sit 2_GfxSounds_FantasyGameBundle.wav,450080,4e0b5485c865d8ccb48aba0e1dc809a74be321ae00f90d821e57f983844c68ef,Foley Interactions,2,48000,24
audio/Foley Interactions/Windows and Furniture/OBJFurn_Seat cushion sit 3_GfxSounds_FantasyGameBundle.wav,Fantasy Game Bundle/Foley Interactions/Windows and Furniture/OBJFurn_Seat cushion sit 3_GfxSounds_FantasyGameBundle.wav,396080,5b125b3cd1c27fdc87daf086a53ecc2c713c0942177007576a33f1d2cacaee4c,Foley Interactions,2,48000,24
audio/Foley Interactions/Windows and Furniture/OBJFurn_Seat cushion sit_GfxSounds_FantasyGameBundle.wav,Fantasy Game Bundle/Foley Interactions/Windows and Furniture/OBJFurn_Seat cushion sit_GfxSounds_FantasyGameBundle.wav,360080,fe578ac21ea20c07f9cf05bdf1a56d60196433ac8a767887d22fc74bdbbdc87b,Foley Interactions,2,48000,24
audio/Foley Interactions/Windows and Furniture/OBJFurn_Wooden drawer close_GfxSounds_FantasyGameBundle.wav,Fantasy Game Bundle/Foley Interactions/Windows and Furniture/OBJFurn_Wooden drawer close_GfxSounds_FantasyGameBundle.wav,576668,6a7fe28610fd4b618a21aa57ff33b6620e538296de6dac5d72ce8c5aac65563c,Foley Interactions,2,48000,24
audio/Foley Interactions/Windows and Furniture/OBJFurn_Wooden drawer full close_GfxSounds_FantasyGameBundle.wav,Fantasy Game Bundle/Foley Interactions/Windows and Furniture/OBJFurn_Wooden drawer full close_GfxSounds_FantasyGameBundle.wav,469184,ea38c1b77931e81fe37050bd56456bc86f9cf307dcba633fa6a511d3d5ee126a,Foley Interactions,2,48000,24
audio/Foley Interactions/Windows and Furniture/OBJFurn_Wooden drawer full open_GfxSounds_FantasyGameBundle.wav,Fantasy Game Bundle/Foley Interactions/Windows and Furniture/OBJFurn_Wooden drawer full open_GfxSounds_FantasyGameBundle.wav,528944,1656e0d5984715fccc248b7f13c991c043d9b7f0209fa2fc993d8e987b7fd2b7,Foley Interactions,2,48000,24
audio/Foley Interactions/Windows and Furniture/OBJFurn_Wooden drawer open_GfxSounds_FantasyGameBundle.wav,Fantasy Game Bundle/Foley Interactions/Windows and Furniture/OBJFurn_Wooden drawer open_GfxSounds_FantasyGameBundle.wav,442136,ca1db51fd738424f2ceaea3c2a8a5c376fd302ceba46b483f80adb5ecf764f0b,Foley Interactions,2,48000,24
audio/Foley Interactions/Windows and Furniture/WNDWCover_Soft curtain swish 2_GfxSounds_FantasyGameBundle.wav,Fantasy Game Bundle/Foley Interactions/Windows and Furniture/WNDWCover_Soft curtain swish 2_GfxSounds_FantasyGameBundle.wav,147440,23627668f0e1b89b1afbf2f033a7ca0e6b04d7c24197db45df95663c422cba9c,Foley Interactions,2,48000,16
audio/Foley Interactions/Windows and Furniture/WNDWCover_Soft curtain swish 3_GfxSounds_FantasyGameBundle.wav,Fantasy Game Bundle/Foley Interactions/Windows and Furniture/WNDWCover_Soft curtain swish 3_GfxSounds_FantasyGameBundle.wav,153848,dd23fcc9eb80e5dbd26097dd1d637c6994ae1ad691cef6e352cddb2247197256,Foley Interactions,2,48000,16
audio/Foley Interactions/Windows and Furniture/WNDWCover_Soft curtain swish_GfxSounds_FantasyGameBundle.wav,Fantasy Game Bundle/Foley Interactions/Windows and Furniture/WNDWCover_Soft curtain swish_GfxSounds_FantasyGameBundle.wav,153844,62f1173171ede8f98151f691fd55920826a61f4f2b894b48b4abf26bc6d20c5b,Foley Interactions,2,48000,16
audio/Foley Interactions/Windows and Furniture/WNDWWood_Large window close 2_GfxSounds_FantasyGameBundle.wav,Fantasy Game Bundle/Foley Interactions/Windows and Furniture/WNDWWood_Large window close 2_GfxSounds_FantasyGameBundle.wav,264956,fc6810ba5fbeff25b754b7b47fb9b601cb9824a0725d51500e391f8f111dc227,Foley Interactions,2,44100,16
audio/Foley Interactions/Windows and Furniture/WNDWWood_Large window open_GfxSounds_FantasyGameBundle.wav,Fantasy Game Bundle/Foley Interactions/Windows and Furniture/WNDWWood_Large window open_GfxSounds_FantasyGameBundle.wav,259072,f3fc6a1d4ba844041111b7213fca91369b0be3bd2b406cde9191e1f7e6c3b9db,Foley Interactions,2,44100,16
audio/Foley Interactions/Windows and Furniture/WNDWWood_Old window movement 2_GfxSounds_FantasyGameBundle.wav,Fantasy Game Bundle/Foley Interactions/Windows and Furniture/WNDWWood_Old window movement 2_GfxSounds_FantasyGameBundle.wav,100152,590bf0bfa1323e60677e31d4219bb49b0a480b20138d02f4d3c702e64e53144d,Foley Interactions,2,44100,16
audio/Foley Interactions/Windows and Furniture/WNDWWood_Old window movement_GfxSounds_FantasyGameBundle.wav,Fantasy Game Bundle/Foley Interactions/Windows and Furniture/WNDWWood_Old window movement_GfxSounds_FantasyGameBundle.wav,88380,1fb63c23e1f59fc668c9377dd49ea4572ececafb56c7483ffe98da6cbb8d9921,Foley Interactions,2,44100,16
audio/Footsteps/Jumps/Carpet/FEETHmn_Carpet footsteps jump 2_GfxSounds_FantasyGameBundle.wav,Fantasy Game Bundle/Footsteps/Jumps/Carpet/FEETHmn_Carpet footsteps jump 2_GfxSounds_FantasyGameBundle.wav,565352,1e1139a1ad166dc92515e54d46ae71ae864d1f61acdf9cc2e23dce7b44a3bb80,Footsteps,2,96000,24
audio/Footsteps/Jumps/Carpet/FEETHmn_Carpet footsteps jump 3_GfxSounds_FantasyGameBundle.wav,Fantasy Game Bundle/Footsteps/Jumps/Carpet/FEETHmn_Carpet footsteps jump 3_GfxSounds_FantasyGameBundle.wav,748124,8bdc543fe3f3c6dab2ce5aaeb67bcdc74832e2a89e8f7e19f3851358b8f3c024,Footsteps,2,96000,24
audio/Footsteps/Jumps/Carpet/FEETHmn_Carpet footsteps jump 4_GfxSounds_FantasyGameBundle.wav,Fantasy Game Bundle/Footsteps/Jumps/Carpet/FEETHmn_Carpet footsteps jump 4_GfxSounds_FantasyGameBundle.wav,631814,6819da4e98a6836bb3d288aced3c4a1e41eb1c180649193b5bf9869d2f02e48d,Footsteps,2,96000,24
audio/Footsteps/Jumps/Carpet/FEETHmn_Carpet footsteps jump 5_GfxSounds_FantasyGameBundle.wav,Fantasy Game Bundle/Footsteps/Jumps/Carpet/FEETHmn_Carpet footsteps jump 5_GfxSounds_FantasyGameBundle.wav,465662,a1d32e488add368db72c4de4f66d114a7c80aadda5ea55eed57fe50bc6b82471,Footsteps,2,96000,24
audio/Footsteps/Jumps/Carpet/FEETHmn_Carpet footsteps jump_GfxSounds_FantasyGameBundle.wav,Fantasy Game Bundle/Footsteps/Jumps/Carpet/FEETHmn_Carpet footsteps jump_GfxSounds_FantasyGameBundle.wav,665048,5d613f32c1f608fd33e5e34cc47f35aba4613f3a6602cdccfd31e3768ec51df6,Footsteps,2,96000,24
audio/Footsteps/Jumps/Concrete/FEETHmn_Concrete footsteps jump 2_GfxSounds_FantasyGameBundle.wav,Fantasy Game Bundle/Footsteps/Jumps/Concrete/FEETHmn_Concrete footsteps jump 2_GfxSounds_FantasyGameBundle.wav,631814,c4872c710204a2c083c9f848d7e03a544c0015a91560927c5a43c08ca028723f,Footsteps,2,96000,24
audio/Footsteps/Jumps/Concrete/FEETHmn_Concrete footsteps jump 3_GfxSounds_FantasyGameBundle.wav,Fantasy Game Bundle/Footsteps/Jumps/Concrete/FEETHmn_Concrete footsteps jump 3_GfxSounds_FantasyGameBundle.wav,598586,41cbf9ca2b4ef3a9554d4261b9e5d181dcec47e4fcadb7764f7e6951ff145b51,Footsteps,2,96000,24
audio/Footsteps/Jumps/Concrete/FEETHmn_Concrete footsteps jump 4_GfxSounds_FantasyGameBundle.wav,Fantasy Game Bundle/Footsteps/Jumps/Concrete/FEETHmn_Concrete footsteps jump 4_GfxSounds_FantasyGameBundle.wav,631814,d4a760dcdf6b5a02aef09ac9f4235a28b7128561cb0ca03d5441da8ca1bd58d1,Footsteps,2,96000,24
audio/Footsteps/Jumps/Concrete/FEETHmn_Concrete footsteps jump 5_GfxSounds_FantasyGameBundle.wav,Fantasy Game Bundle/Footsteps/Jumps/Concrete/FEETHmn_Concrete footsteps jump 5_GfxSounds_FantasyGameBundle.wav,814586,c6bff05742021e035ea607d97f6bae1ee0ee26d7207331aaa6d554bf4a8814cd,Footsteps,2,96000,24
audio/Footsteps/Jumps/Concrete/FEETHmn_Concrete footsteps jump_GfxSounds_FantasyGameBundle.wav,Fantasy Game Bundle/Footsteps/Jumps/Concrete/FEETHmn_Concrete footsteps jump_GfxSounds_FantasyGameBundle.wav,465662,ff01cfff20f3bfdd4706a877ba5497657c63e64f5bc3d03f1024159a17a32f17,Footsteps,2,96000,24
audio/Footsteps/Jumps/Dirt/FEETHmn_Dirt footsteps jump 2_GfxSounds_FantasyGameBundle.wav,Fantasy Game Bundle/Footsteps/Jumps/Dirt/FEETHmn_Dirt footsteps jump 2_GfxSounds_FantasyGameBundle.wav,631814,2fa10cd7e7accdaff95226acabbfa60061d93996754b64925e656c2f958fa63e,Footsteps,2,96000,24
audio/Footsteps/Jumps/Dirt/FEETHmn_Dirt footsteps jump 3_GfxSounds_FantasyGameBundle.wav,Fantasy Game Bundle/Footsteps/Jumps/Dirt/FEETHmn_Dirt footsteps jump 3_GfxSounds_FantasyGameBundle.wav,565352,77af1f2ffe034e61fc352fbf0bd0a56c656ba472ce7df704da67d5101846994a,Footsteps,2,96000,24
audio/Footsteps/Jumps/Dirt/FEETHmn_Dirt footsteps jump 4_GfxSounds_FantasyGameBundle.wav,Fantasy Game Bundle/Footsteps/Jumps/Dirt/FEETHmn_Dirt footsteps jump 4_GfxSounds_FantasyGameBundle.wav,676436,181b6eba32a5efd118cb089bd153005533bc1d1c45456386037d2225f42a26cf,Footsteps,2,96000,24
audio/Footsteps/Jumps/Dirt/FEETHmn_Dirt footsteps jump 5_GfxSounds_FantasyGameBundle.wav,Fantasy Game Bundle/Footsteps/Jumps/Dirt/FEETHmn_Dirt footsteps jump 5_GfxSounds_FantasyGameBundle.wav,598586,7b65a6b587c05f83fbe4ac5d0d61232aeef3903a281338407cb20cf28ab87564,Footsteps,2,96000,24
audio/Footsteps/Jumps/Dirt/FEETHmn_Dirt footsteps jump_GfxSounds_FantasyGameBundle.wav,Fantasy Game Bundle/Footsteps/Jumps/Dirt/FEETHmn_Dirt footsteps jump_GfxSounds_FantasyGameBundle.wav,532124,6fd969b319d4dc7e4344523f82fc068b8dbf282d9ffe81bab4a68fdb4f2151ac,Footsteps,2,96000,24
audio/Footsteps/Jumps/Glass/FEETHmn_Glass footsteps jump 2_GfxSounds_FantasyGameBundle.wav,Fantasy Game Bundle/Footsteps/Jumps/Glass/FEETHmn_Glass footsteps jump 2_GfxSounds_FantasyGameBundle.wav,698276,e85b69d5d7ba30fb5fd3c2424b3eabebb27b8f1aa727d899039fc3c245b44773,Footsteps,2,96000,24
audio/Footsteps/Jumps/Glass/FEETHmn_Glass footsteps jump 3_GfxSounds_FantasyGameBundle.wav,Fantasy Game Bundle/Footsteps/Jumps/Glass/FEETHmn_Glass footsteps jump 3_GfxSounds_FantasyGameBundle.wav,631814,50a00347067ec5e99a110e62be7fc1be1e8f98c8158238b64f551665075ac82d,Footsteps,2,96000,24
audio/Footsteps/Jumps/Glass/FEETHmn_Glass footsteps jump 4_GfxSounds_FantasyGameBundle.wav,Fantasy Game Bundle/Footsteps/Jumps/Glass/FEETHmn_Glass footsteps jump 4_GfxSounds_FantasyGameBundle.wav,764738,6ada2ebbe66899b36758967e9a205ce5fcfab4ca6e432d94fb48357220fa66d7,Footsteps,2,96000,24
audio/Footsteps/Jumps/Glass/FEETHmn_Glass footsteps jump 5_GfxSounds_FantasyGameBundle.wav,Fantasy Game Bundle/Footsteps/Jumps/Glass/FEETHmn_Glass footsteps jump 5_GfxSounds_FantasyGameBundle.wav,631814,0fe32823ab3f2be75e55e22e2a65243fd9a2f574ccf24c6fdad7541cc811b641,Footsteps,2,96000,24
audio/Footsteps/Jumps/Glass/FEETHmn_Glass footsteps jump_GfxSounds_FantasyGameBundle.wav,Fantasy Game Bundle/Footsteps/Jumps/Glass/FEETHmn_Glass footsteps jump_GfxSounds_FantasyGameBundle.wav,797972,94b37e217b577a49c6d40bf7a71c66cd26ae56e226de13c4c6ba7bf69c5baa28,Footsteps,2,96000,24
audio/Footsteps/Jumps/Grass/FEETHmn_Grass footsteps jump 2_GfxSounds_FantasyGameBundle.wav,Fantasy Game Bundle/Footsteps/Jumps/Grass/FEETHmn_Grass footsteps jump 2_GfxSounds_FantasyGameBundle.wav,565352,ef9903a1bd705cdfcad4d7e3a00f1fae64d71b3b568a2b9cce27a1d3d0d2d7ae,Footsteps,2,96000,24
audio/Footsteps/Jumps/Grass/FEETHmn_Grass footsteps jump 3_GfxSounds_FantasyGameBundle.wav,Fantasy Game Bundle/Footsteps/Jumps/Grass/FEETHmn_Grass footsteps jump 3_GfxSounds_FantasyGameBundle.wav,532124,5ee2c52eccdbf1524ecc7e622eaed77263c4948d7c72a288b4621b4c5b98a69a,Footsteps,2,96000,24
audio/Footsteps/Jumps/Grass/FEETHmn_Grass footsteps jump 4_GfxSounds_FantasyGameBundle.wav,Fantasy Game Bundle/Footsteps/Jumps/Grass/FEETHmn_Grass footsteps jump 4_GfxSounds_FantasyGameBundle.wav,665048,14c571fbe861d01c81a9ed73d9117e83117eb3aca94e310a29ca19d47106838c,Footsteps,2,96000,24
audio/Footsteps/Jumps/Grass/FEETHmn_Grass footsteps jump 5_GfxSounds_FantasyGameBundle.wav,Fantasy Game Bundle/Footsteps/Jumps/Grass/FEETHmn_Grass footsteps jump 5_GfxSounds_FantasyGameBundle.wav,731510,f35b0c050c14f5dbc8ddc0dd003c2ab8b9e8aebb8d221216c993a2b6f41f2f0c,Footsteps,2,96000,24
audio/Footsteps/Jumps/Grass/FEETHmn_Grass footsteps jump_GfxSounds_FantasyGameBundle.wav,Fantasy Game Bundle/Footsteps/Jumps/Grass/FEETHmn_Grass footsteps jump_GfxSounds_FantasyGameBundle.wav,764738,6320e3d32885a8d3ca7d324b1a4d4ef9927ec90728409d4217ed9839aa9f0b8c,Footsteps,2,96000,24
audio/Footsteps/Jumps/Gravel/FEETHmn_Gravel footsteps jump 2_GfxSounds_FantasyGameBundle.wav,Fantasy Game Bundle/Footsteps/Jumps/Gravel/FEETHmn_Gravel footsteps jump 2_GfxSounds_FantasyGameBundle.wav,1097048,c9938e24dce9d406dabf78af64f47f822067049ba9387f279363e96e56f1b2c2,Footsteps,2,96000,24
audio/Footsteps/Jumps/Gravel/FEETHmn_Gravel footsteps jump 3_GfxSounds_FantasyGameBundle.wav,Fantasy Game Bundle/Footsteps/Jumps/Gravel/FEETHmn_Gravel footsteps jump 3_GfxSounds_FantasyGameBundle.wav,1196738,bac4d0b6e95e6c5f8e6bbea2932bd65c41f22cdbff6950b470e5e2ed8d39f128,Footsteps,2,96000,24
audio/Footsteps/Jumps/Gravel/FEETHmn_Gravel footsteps jump 4_GfxSounds_FantasyGameBundle.wav,Fantasy Game Bundle/Footsteps/Jumps/Gravel/FEETHmn_Gravel footsteps jump 4_GfxSounds_FantasyGameBundle.wav,1130276,5985fbfe26b023b7a7ef0f307b3a93f27a6d448e7eb882243b4432752d16862a,Footsteps,2,96000,24
audio/Footsteps/Jumps/Gravel/FEETHmn_Gravel footsteps jump 5_GfxSounds_FantasyGameBundle.wav,Fantasy Game Bundle/Footsteps/Jumps/Gravel/FEETHmn_Gravel footsteps jump 5_GfxSounds_FantasyGameBundle.wav,1030586,9e76ed9bb1baaa31595347297781dda6323fb2640b816de06c42d0ad78cb98a7,Footsteps,2,96000,24
audio/Footsteps/Jumps/Gravel/FEETHmn_Gravel footsteps jump_GfxSounds_FantasyGameBundle.wav,Fantasy Game Bundle/Footsteps/Jumps/Gravel/FEETHmn_Gravel footsteps jump_GfxSounds_FantasyGameBundle.wav,698276,f5a1b999e4feb6dbed8d1b235775bc33206a1ece8fd98bb85d38000b24da6ccb,Footsteps,2,96000,24
audio/Footsteps/Jumps/Leaves/FEETHmn_Leaves footsteps jump 2_GfxSounds_FantasyGameBundle.wav,Fantasy Game Bundle/Footsteps/Jumps/Leaves/FEETHmn_Leaves footsteps jump 2_GfxSounds_FantasyGameBundle.wav,897662,023180bdd0861c5e1f253d0a07f35ae71c154e1d565bc34c82bfe854df5b2db7,Footsteps,2,96000,24
audio/Footsteps/Jumps/Leaves/FEETHmn_Leaves footsteps jump 3_GfxSounds_FantasyGameBundle.wav,Fantasy Game Bundle/Footsteps/Jumps/Leaves/FEETHmn_Leaves footsteps jump 3_GfxSounds_FantasyGameBundle.wav,914276,93ee42253e2316cd78b0791848d4a0ffabadb233f82f2b5567c136ad78972bb1,Footsteps,2,96000,24
audio/Footsteps/Jumps/Leaves/FEETHmn_Leaves footsteps jump 4_GfxSounds_FantasyGameBundle.wav,Fantasy Game Bundle/Footsteps/Jumps/Leaves/FEETHmn_Leaves footsteps jump 4_GfxSounds_FantasyGameBundle.wav,864428,14ee0a6e00760fe6a7b9497210935ba7d1e4a0ff5f0e1a2c6fbbb7101fe1e888,Footsteps,2,96000,24
audio/Footsteps/Jumps/Leaves/FEETHmn_Leaves footsteps jump 5_GfxSounds_FantasyGameBundle.wav,Fantasy Game Bundle/Footsteps/Jumps/Leaves/FEETHmn_Leaves footsteps jump 5_GfxSounds_FantasyGameBundle.wav,897662,186c9bf6d41e9ee74cc0a0e681486921948442bb14792fe4d899ec0617f13ab5,Footsteps,2,96000,24
audio/Footsteps/Jumps/Leaves/FEETHmn_Leaves footsteps jump_GfxSounds_FantasyGameBundle.wav,Fantasy Game Bundle/Footsteps/Jumps/Leaves/FEETHmn_Leaves footsteps jump_GfxSounds_FantasyGameBundle.wav,930890,2b903d8dc780b4b4d2c2fcc6c15285b13eb464f48ab9f5962a4c7069a6a1fee7,Footsteps,2,96000,24
audio/Footsteps/Jumps/Metal Vents/FEETHmn_Metal vent footsteps jump 2_GfxSounds_FantasyGameBundle.wav,Fantasy Game Bundle/Footsteps/Jumps/Metal Vents/FEETHmn_Metal vent footsteps jump 2_GfxSounds_FantasyGameBundle.wav,744122,0b47575d13634769252ff82e455505320ffc45a9df16a7c450ad125e9c5b6d6e,Footsteps,2,96000,24
audio/Footsteps/Jumps/Metal Vents/FEETHmn_Metal vent footsteps jump 3_GfxSounds_FantasyGameBundle.wav,Fantasy Game Bundle/Footsteps/Jumps/Metal Vents/FEETHmn_Metal vent footsteps jump 3_GfxSounds_FantasyGameBundle.wav,743588,f86bd7072e087c1e4499080a4eefcb00920b9330780317261051f85c9107e8de,Footsteps,2,96000,24
audio/Footsteps/Jumps/Metal Vents/FEETHmn_Metal vent footsteps jump 4_GfxSounds_FantasyGameBundle.wav,Fantasy Game Bundle/Footsteps/Jumps/Metal Vents/FEETHmn_Metal vent footsteps jump 4_GfxSounds_FantasyGameBundle.wav,812786,02a2f3f1a31c48ba3c7036680038a8ee675fae2d60ac12c5d475dd7dd028a030,Footsteps,2,96000,24
audio/Footsteps/Jumps/Metal Vents/FEETHmn_Metal vent footsteps jump 5_GfxSounds_FantasyGameBundle.wav,Fantasy Game Bundle/Footsteps/Jumps/Metal Vents/FEETHmn_Metal vent footsteps jump 5_GfxSounds_FantasyGameBundle.wav,764738,1a49faedd1b5f400fdc44adc5f2953fe493d7771265abb0f98a77f3e1cc1e618,Footsteps,2,96000,24
audio/Footsteps/Jumps/Metal Vents/FEETHmn_Metal vent footsteps jump_GfxSounds_FantasyGameBundle.wav,Fantasy Game Bundle/Footsteps/Jumps/Metal Vents/FEETHmn_Metal vent footsteps jump_GfxSounds_FantasyGameBundle.wav,665048,d2124f72b0e1e3c7be70e7588eb76ece93a544fa4650c83559dc7558d2e3b7a1,Footsteps,2,96000,24
audio/Footsteps/Jumps/Metal/FEETHmn_Metal footsteps jump 2_GfxSounds_FantasyGameBundle.wav,Fantasy Game Bundle/Footsteps/Jumps/Metal/FEETHmn_Metal footsteps jump 2_GfxSounds_FantasyGameBundle.wav,598586,8b001293979a0abec8d81b3c833c21eba7902075d9a79ad39ec920a7da18a5e8,Footsteps,2,96000,24
audio/Footsteps/Jumps/Metal/FEETHmn_Metal footsteps jump 3_GfxSounds_FantasyGameBundle.wav,Fantasy Game Bundle/Footsteps/Jumps/Metal/FEETHmn_Metal footsteps jump 3_GfxSounds_FantasyGameBundle.wav,598586,549f9c9aefea6d515d12f752fafc0b75261927f1e9af19c489638eb9a3a12b1b,Footsteps,2,96000,24
audio/Footsteps/Jumps/Metal/FEETHmn_Metal footsteps jump 4_GfxSounds_FantasyGameBundle.wav,Fantasy Game Bundle/Footsteps/Jumps/Metal/FEETHmn_Metal footsteps jump 4_GfxSounds_FantasyGameBundle.wav,638114,8f72579c9578332b121ff876e9428923593fa4a11ad585251328143581171f8c,Footsteps,2,96000,24
audio/Footsteps/Jumps/Metal/FEETHmn_Metal footsteps jump 5_GfxSounds_FantasyGameBundle.wav,Fantasy Game Bundle/Footsteps/Jumps/Metal/FEETHmn_Metal footsteps jump 5_GfxSounds_FantasyGameBundle.wav,598586,aa9060deebb82c3d379316209885e646f264651a98c51fd8eafaf94edbdad665,Footsteps,2,96000,24
audio/Footsteps/Jumps/Metal/FEETHmn_Metal footsteps jump_GfxSounds_FantasyGameBundle.wav,Fantasy Game Bundle/Footsteps/Jumps/Metal/FEETHmn_Metal footsteps jump_GfxSounds_FantasyGameBundle.wav,598586,65bf83df3396673cf056a34d2b46449b80a097333e4a5c0fe6e0b4ed792f121c,Footsteps,2,96000,24
audio/Footsteps/Jumps/Mud/FEETHmn_Mud footsteps jump 2_GfxSounds_FantasyGameBundle.wav,Fantasy Game Bundle/Footsteps/Jumps/Mud/FEETHmn_Mud footsteps jump 2_GfxSounds_FantasyGameBundle.wav,588062,7c681fa8a97e8f09e406dbbdd350b12a6567132cb11edfca8ed1878852e4cb3f,Footsteps,2,96000,24
audio/Footsteps/Jumps/Mud/FEETHmn_Mud footsteps jump 3_GfxSounds_FantasyGameBundle.wav,Fantasy Game Bundle/Footsteps/Jumps/Mud/FEETHmn_Mud footsteps jump 3_GfxSounds_FantasyGameBundle.wav,731510,08c101b8354fd2d3e2d9a8b1db597cdd39b4fe363f8c7df886cdfb829cfcbbca,Footsteps,2,96000,24
audio/Footsteps/Jumps/Mud/FEETHmn_Mud footsteps jump 4_GfxSounds_FantasyGameBundle.wav,Fantasy Game Bundle/Footsteps/Jumps/Mud/FEETHmn_Mud footsteps jump 4_GfxSounds_FantasyGameBundle.wav,598586,53319ab2801f0a5878f655bb509f6e59da8828138243cd2e25a7c8193b0301d5,Footsteps,2,96000,24
audio/Footsteps/Jumps/Mud/FEETHmn_Mud footsteps jump 5_GfxSounds_FantasyGameBundle.wav,Fantasy Game Bundle/Footsteps/Jumps/Mud/FEETHmn_Mud footsteps jump 5_GfxSounds_FantasyGameBundle.wav,598586,4a36d911da987c341ad5873ffb017940cf4b0c60110aa89bbb3bf851141b6691,Footsteps,2,96000,24
audio/Footsteps/Jumps/Mud/FEETHmn_Mud footsteps jump_GfxSounds_FantasyGameBundle.wav,Fantasy Game Bundle/Footsteps/Jumps/Mud/FEETHmn_Mud footsteps jump_GfxSounds_FantasyGameBundle.wav,612494,260c58e603f6db81182a2544327450673dd430062e2f0902e44839338966841e,Footsteps,2,96000,24
audio/Footsteps/Jumps/Snow/FEETHmn_Snow footsteps jump 2_GfxSounds_FantasyGameBundle.wav,Fantasy Game Bundle/Footsteps/Jumps/Snow/FEETHmn_Snow footsteps jump 2_GfxSounds_FantasyGameBundle.wav,897662,f0d02dd9670f91ab480f47f729b43097a9005e0f6e854ea16c5dfe770eaba4ca,Footsteps,2,96000,24
audio/Footsteps/Jumps/Snow/FEETHmn_Snow footsteps jump 3_GfxSounds_FantasyGameBundle.wav,Fantasy Game Bundle/Footsteps/Jumps/Snow/FEETHmn_Snow footsteps jump 3_GfxSounds_FantasyGameBundle.wav,831200,e773005c157f2d689bd939646c6e5202ada5e15ab1bb9c504abbd597f5a819e0,Footsteps,2,96000,24
audio/Footsteps/Jumps/Snow/FEETHmn_Snow footsteps jump 4_GfxSounds_FantasyGameBundle.wav,Fantasy Game Bundle/Footsteps/Jumps/Snow/FEETHmn_Snow footsteps jump 4_GfxSounds_FantasyGameBundle.wav,831200,92d292e4746e3332bad58750e7aaca75f2b45cd58d6af8be27ebf1a240c1a2c3,Footsteps,2,96000,24
audio/Footsteps/Jumps/Snow/FEETHmn_Snow footsteps jump 5_GfxSounds_FantasyGameBundle.wav,Fantasy Game Bundle/Footsteps/Jumps/Snow/FEETHmn_Snow footsteps jump 5_GfxSounds_FantasyGameBundle.wav,897662,5fbabd5b52386407df4124917102fbaa3ef10f85b2a5398802bcdf2a0eb1033d,Footsteps,2,96000,24
audio/Footsteps/Jumps/Snow/FEETHmn_Snow footsteps jump_GfxSounds_FantasyGameBundle.wav,Fantasy Game Bundle/Footsteps/Jumps/Snow/FEETHmn_Snow footsteps jump_GfxSounds_FantasyGameBundle.wav,797972,b2dde509b409ddad8365d6f3cf0d31aab75269ffad8da26d7f9d131ce31d9027,Footsteps,2,96000,24
audio/Footsteps/Jumps/Water/FEETHmn_Water footsteps jump 2_GfxSounds_FantasyGameBundle.wav,Fantasy Game Bundle/Footsteps/Jumps/Water/FEETHmn_Water footsteps jump 2_GfxSounds_FantasyGameBundle.wav,764738,d7644c958a6e3704fa6d69b83722adf836f0919a41b5e855774954fcb2fbad69,Footsteps,2,96000,24
audio/Footsteps/Jumps/Water/FEETHmn_Water footsteps jump 3_GfxSounds_FantasyGameBundle.wav,Fantasy Game Bundle/Footsteps/Jumps/Water/FEETHmn_Water footsteps jump 3_GfxSounds_FantasyGameBundle.wav,731510,8befda313ae3b29412a9c2cb1ab46407cad827dc76499d4c20ea0f121000a9cd,Footsteps,2,96000,24
audio/Footsteps/Jumps/Water/FEETHmn_Water footsteps jump 4_GfxSounds_FantasyGameBundle.wav,Fantasy Game Bundle/Footsteps/Jumps/Water/FEETHmn_Water footsteps jump 4_GfxSounds_FantasyGameBundle.wav,651194,df0f3b47c95d7ed5d74ce577e908221a5bd2a1392824f88614644c7e4adb458c,Footsteps,2,96000,24
audio/Footsteps/Jumps/Water/FEETHmn_Water footsteps jump 5_GfxSounds_FantasyGameBundle.wav,Fantasy Game Bundle/Footsteps/Jumps/Water/FEETHmn_Water footsteps jump 5_GfxSounds_FantasyGameBundle.wav,698276,7adeb72f63eb2bf6844cd470efa566d8b073d8042985f5ac33b9873c78f2057d,Footsteps,2,96000,24
audio/Footsteps/Jumps/Water/FEETHmn_Water footsteps jump_GfxSounds_FantasyGameBundle.wav,Fantasy Game Bundle/Footsteps/Jumps/Water/FEETHmn_Water footsteps jump_GfxSounds_FantasyGameBundle.wav,784652,466564b9aa659a18226928eb47536d1eb49f12124d0107ddfcdf7c9ad8285167,Footsteps,2,96000,24
audio/Footsteps/Jumps/Wood/FEETHmn_Wood footsteps jump 2_GfxSounds_FantasyGameBundle.wav,Fantasy Game Bundle/Footsteps/Jumps/Wood/FEETHmn_Wood footsteps jump 2_GfxSounds_FantasyGameBundle.wav,498890,819b3ea652f36227fd21071c7b4bc117e87af40c655741fc776be77d06e672e8,Footsteps,2,96000,24
audio/Footsteps/Jumps/Wood/FEETHmn_Wood footsteps jump 3_GfxSounds_FantasyGameBundle.wav,Fantasy Game Bundle/Footsteps/Jumps/Wood/FEETHmn_Wood footsteps jump 3_GfxSounds_FantasyGameBundle.wav,565352,62bc4c8ac8f1b7e3e1c6a5b0a8f7f5b42e0394ca2e7e34f646e32300a8055c94,Footsteps,2,96000,24
audio/Footsteps/Jumps/Wood/FEETHmn_Wood footsteps jump 4_GfxSounds_FantasyGameBundle.wav,Fantasy Game Bundle/Footsteps/Jumps/Wood/FEETHmn_Wood footsteps jump 4_GfxSounds_FantasyGameBundle.wav,565352,68643bcd5c04dc95752fbb4cc2967df2db5f52791ed7d062caa356dbafd2dddc,Footsteps,2,96000,24
audio/Footsteps/Jumps/Wood/FEETHmn_Wood footsteps jump 5_GfxSounds_FantasyGameBundle.wav,Fantasy Game Bundle/Footsteps/Jumps/Wood/FEETHmn_Wood footsteps jump 5_GfxSounds_FantasyGameBundle.wav,532124,39b9d04c05e039a8f4f149c15b0307931492c46643c9cd91cda33d325b6ee2a8,Footsteps,2,96000,24
audio/Footsteps/Jumps/Wood/FEETHmn_Wood footsteps jump_GfxSounds_FantasyGameBundle.wav,Fantasy Game Bundle/Footsteps/Jumps/Wood/FEETHmn_Wood footsteps jump_GfxSounds_FantasyGameBundle.wav,465662,57be7fd7c4b02602c08aee9a5260d330fe8ad65107aad45289b57958e2224be2,Footsteps,2,96000,24
audio/Footsteps/Walks/Carpet/FEETHmn_Carpet footsteps walk 2_GfxSounds_FantasyGameBundle.wav,Fantasy Game Bundle/Footsteps/Walks/Carpet/FEETHmn_Carpet footsteps walk 2_GfxSounds_FantasyGameBundle.wav,206810,257c1142cf6ad0893457eb7dbfe105e1a5b6d6a8643a44465fcbe747d14593ba,Footsteps,2,96000,24
audio/Footsteps/Walks/Carpet/FEETHmn_Carpet footsteps walk 3_GfxSounds_FantasyGameBundle.wav,Fantasy Game Bundle/Footsteps/Walks/Carpet/FEETHmn_Carpet footsteps walk 3_GfxSounds_FantasyGameBundle.wav,249662,a1a0a0d81e9d196663e757aed275abe2c38766ad8e550c3c0d59b935fd75a664,Footsteps,2,96000,24
audio/Footsteps/Walks/Carpet/FEETHmn_Carpet footsteps walk 4_GfxSounds_FantasyGameBundle.wav,Fantasy Game Bundle/Footsteps/Walks/Carpet/FEETHmn_Carpet footsteps walk 4_GfxSounds_FantasyGameBundle.wav,249662,c8ff449d7727637fbbb657b83d955eeb8c8307b0412f83f36f2d33193157e9c2,Footsteps,2,96000,24
audio/Footsteps/Walks/Carpet/FEETHmn_Carpet footsteps walk 5_GfxSounds_FantasyGameBundle.wav,Fantasy Game Bundle/Footsteps/Walks/Carpet/FEETHmn_Carpet footsteps walk 5_GfxSounds_FantasyGameBundle.wav,216428,00d33c62a55caac15965e8f7fb6f8b234271048e7bd86f5b7a75adcc381f60a6,Footsteps,2,96000,24
audio/Footsteps/Walks/Carpet/FEETHmn_Carpet footsteps walk_GfxSounds_FantasyGameBundle.wav,Fantasy Game Bundle/Footsteps/Walks/Carpet/FEETHmn_Carpet footsteps walk_GfxSounds_FantasyGameBundle.wav,233048,f7d12d701c02c946954d9f206e1f2c5ee4b1a1f7c0c0f2db1f5b2f4558cfa23d,Footsteps,2,96000,24
audio/Footsteps/Walks/Concrete/FEETHmn_Concrete footsteps walk 2_GfxSounds_FantasyGameBundle.wav,Fantasy Game Bundle/Footsteps/Walks/Concrete/FEETHmn_Concrete footsteps walk 2_GfxSounds_FantasyGameBundle.wav,245318,3a4e6f44a9332de08b316fd6d23fb1d0965d5523a19cc1438f006e405c4302ac,Footsteps,2,96000,24
audio/Footsteps/Walks/Concrete/FEETHmn_Concrete footsteps walk 3_GfxSounds_FantasyGameBundle.wav,Fantasy Game Bundle/Footsteps/Walks/Concrete/FEETHmn_Concrete footsteps walk 3_GfxSounds_FantasyGameBundle.wav,258362,83676eaf320ae1af28f36f718c7feaa2e0f208cd63df1082a95e29bdf39bcd67,Footsteps,2,96000,24
audio/Footsteps/Walks/Concrete/FEETHmn_Concrete footsteps walk 4_GfxSounds_FantasyGameBundle.wav,Fantasy Game Bundle/Footsteps/Walks/Concrete/FEETHmn_Concrete footsteps walk 4_GfxSounds_FantasyGameBundle.wav,257504,ba86cd038baabbff389162251925352503d0f2f4cedbfdea36e32028c95f7ec3,Footsteps,2,96000,24
audio/Footsteps/Walks/Concrete/FEETHmn_Concrete footsteps walk 5_GfxSounds_FantasyGameBundle.wav,Fantasy Game Bundle/Footsteps/Walks/Concrete/FEETHmn_Concrete footsteps walk 5_GfxSounds_FantasyGameBundle.wav,282890,0bedf4551fb172076c7122c9472b4fe2729a44fdef3a8a32116794c4fff246e9,Footsteps,2,96000,24
audio/Footsteps/Walks/Concrete/FEETHmn_Concrete footsteps walk_GfxSounds_FantasyGameBundle.wav,Fantasy Game Bundle/Footsteps/Walks/Concrete/FEETHmn_Concrete footsteps walk_GfxSounds_FantasyGameBundle.wav,255242,37eb3af7c4480bf4b5850836e12198a0f1dfbf826737b8d56a702a236b5b654d,Footsteps,2,96000,24
audio/Footsteps/Walks/Dirt/FEETHmn_Dirt footsteps walk 2_GfxSounds_FantasyGameBundle.wav,Fantasy Game Bundle/Footsteps/Walks/Dirt/FEETHmn_Dirt footsteps walk 2_GfxSounds_FantasyGameBundle.wav,276860,63770c35a7a08b5d1366dec2fbe61585fb01fd444a48d857442bdc0ff64c83cd,Footsteps,2,96000,24
audio/Footsteps/Walks/Dirt/FEETHmn_Dirt footsteps walk 3_GfxSounds_FantasyGameBundle.wav,Fantasy Game Bundle/Footsteps/Walks/Dirt/FEETHmn_Dirt footsteps walk 3_GfxSounds_FantasyGameBundle.wav,286082,645fd86187fa3c7ff880576718fa3d18c8f4dbc6a22488d64c453b1c00ddc7f4,Footsteps,2,96000,24
audio/Footsteps/Walks/Dirt/FEETHmn_Dirt footsteps walk 4_GfxSounds_FantasyGameBundle.wav,Fantasy Game Bundle/Footsteps/Walks/Dirt/FEETHmn_Dirt footsteps walk 4_GfxSounds_FantasyGameBundle.wav,286142,99af5b11531f0339eda3eff0147512c9ac53f038ae83b8cdd4172b3fdb0b1e27,Footsteps,2,96000,24
audio/Footsteps/Walks/Dirt/FEETHmn_Dirt footsteps walk 5_GfxSounds_FantasyGameBundle.wav,Fantasy Game Bundle/Footsteps/Walks/Dirt/FEETHmn_Dirt footsteps walk 5_GfxSounds_FantasyGameBundle.wav,282890,a6fa97142cd907749aeb29be884cdf5d4748c96b44565683c7d2b08de29ee66d,Footsteps,2,96000,24
audio/Footsteps/Walks/Dirt/FEETHmn_Dirt footsteps walk_GfxSounds_FantasyGameBundle.wav,Fantasy Game Bundle/Footsteps/Walks/Dirt/FEETHmn_Dirt footsteps walk_GfxSounds_FantasyGameBundle.wav,274964,38c9beed1c15fab378adf89548f92c960ae78245025aa8db66a442b8bc3cd632,Footsteps,2,96000,24
audio/Footsteps/Walks/Glass/FEETHmn_Glass footsteps walk 2_GfxSounds_FantasyGameBundle.wav,Fantasy Game Bundle/Footsteps/Walks/Glass/FEETHmn_Glass footsteps walk 2_GfxSounds_FantasyGameBundle.wav,498890,478b4b923d7fc1ebf9ae855f9b5f42f8bad535e21b445a0b3adfe22b38b42880,Footsteps,2,96000,24
audio/Footsteps/Walks/Glass/FEETHmn_Glass footsteps walk 3_GfxSounds_FantasyGameBundle.wav,Fantasy Game Bundle/Footsteps/Walks/Glass/FEETHmn_Glass footsteps walk 3_GfxSounds_FantasyGameBundle.wav,540428,14461e4227a9d359bafa247b79337aabe944d493a93ecaa5df2823f440ac06b5,Footsteps,2,96000,24
audio/Footsteps/Walks/Glass/FEETHmn_Glass footsteps walk 4_GfxSounds_FantasyGameBundle.wav,Fantasy Game Bundle/Footsteps/Walks/Glass/FEETHmn_Glass footsteps walk 4_GfxSounds_FantasyGameBundle.wav,542792,1919942a5f621ee444e63239885ec02325e50bda3299ff784e9b2c25157b01c7,Footsteps,2,96000,24
audio/Footsteps/Walks/Glass/FEETHmn_Glass footsteps walk 5_GfxSounds_FantasyGameBundle.wav,Fantasy Game Bundle/Footsteps/Walks/Glass/FEETHmn_Glass footsteps walk 5_GfxSounds_FantasyGameBundle.wav,491540,35646afbd2b67eed4ca92664f3fd3f9295a3659df196809f0db243a8547fa166,Footsteps,2,96000,24
audio/Footsteps/Walks/Glass/FEETHmn_Glass footsteps walk_GfxSounds_FantasyGameBundle.wav,Fantasy Game Bundle/Footsteps/Walks/Glass/FEETHmn_Glass footsteps walk_GfxSounds_FantasyGameBundle.wav,502436,033e424d52bc5976b3ba385e5e6e55e91c1f57edb22a235da8ce25bebf2c39f4,Footsteps,2,96000,24
audio/Footsteps/Walks/Grass/FEETHmn_Grass footsteps walk 2_GfxSounds_FantasyGameBundle.wav,Fantasy Game Bundle/Footsteps/Walks/Grass/FEETHmn_Grass footsteps walk 2_GfxSounds_FantasyGameBundle.wav,266276,8fa5112f6c7e789289c1559be852a6282183bf8005c328d4bee824f1f9134dfa,Footsteps,2,96000,24
audio/Footsteps/Walks/Grass/FEETHmn_Grass footsteps walk 3_GfxSounds_FantasyGameBundle.wav,Fantasy Game Bundle/Footsteps/Walks/Grass/FEETHmn_Grass footsteps walk 3_GfxSounds_FantasyGameBundle.wav,299510,7b32d5cf9241a7e7056e3991d446b276440faad0d543e0fc43acb90279388c9c,Footsteps,2,96000,24
audio/Footsteps/Walks/Grass/FEETHmn_Grass footsteps walk 4_GfxSounds_FantasyGameBundle.wav,Fantasy Game Bundle/Footsteps/Walks/Grass/FEETHmn_Grass footsteps walk 4_GfxSounds_FantasyGameBundle.wav,266276,23a1478006250319224f5dd80b9d916508e67423cba8bf3466aa28a82cef6b09,Footsteps,2,96000,24
audio/Footsteps/Walks/Grass/FEETHmn_Grass footsteps walk 5_GfxSounds_FantasyGameBundle.wav,Fantasy Game Bundle/Footsteps/Walks/Grass/FEETHmn_Grass footsteps walk 5_GfxSounds_FantasyGameBundle.wav,341048,52389ae526c5d152ed185f82767b84932ecfdcdd17e64b101dd4366baf7fe6e5,Footsteps,2,96000,24
audio/Footsteps/Walks/Grass/FEETHmn_Grass footsteps walk_GfxSounds_FantasyGameBundle.wav,Fantasy Game Bundle/Footsteps/Walks/Grass/FEETHmn_Grass footsteps walk_GfxSounds_FantasyGameBundle.wav,299510,1e18db8b6bf90928f2332e8e69d232f8db3c02dea7a4620bd738a866fec80a1c,Footsteps,2,96000,24
audio/Footsteps/Walks/Gravel/FEETHmn_Gravel footsteps walk 2_GfxSounds_FantasyGameBundle.wav,Fantasy Game Bundle/Footsteps/Walks/Gravel/FEETHmn_Gravel footsteps walk 2_GfxSounds_FantasyGameBundle.wav,247598,b02633a9fb65430448fcfc51e5021e3fd99a06557c9fb07fd0dc9b3d5c919858,Footsteps,2,96000,24
audio/Footsteps/Walks/Gravel/FEETHmn_Gravel footsteps walk 3_GfxSounds_FantasyGameBundle.wav,Fantasy Game Bundle/Footsteps/Walks/Gravel/FEETHmn_Gravel footsteps walk 3_GfxSounds_FantasyGameBundle.wav,307442,e5f886d33296ffb0545194cd5f8f2e2e706e4ed79acd2c3d5f876de2a4e77a7e,Footsteps,2,96000,24
audio/Footsteps/Walks/Gravel/FEETHmn_Gravel footsteps walk 4_GfxSounds_FantasyGameBundle.wav,Fantasy Game Bundle/Footsteps/Walks/Gravel/FEETHmn_Gravel footsteps walk 4_GfxSounds_FantasyGameBundle.wav,282890,8c725ab3f9c4b61ee29805421b37ab0031205387f9e7cce04bc2bcbd6f7c86fd,Footsteps,2,96000,24
audio/Footsteps/Walks/Gravel/FEETHmn_Gravel footsteps walk 5_GfxSounds_FantasyGameBundle.wav,Fantasy Game Bundle/Footsteps/Walks/Gravel/FEETHmn_Gravel footsteps walk 5_GfxSounds_FantasyGameBundle.wav,279110,d44f2b6fba9a30bd7faeb3fb125eac7a4e1f92dc99ee0ac11912af18d6f57eec,Footsteps,2,96000,24
audio/Footsteps/Walks/Gravel/FEETHmn_Gravel footsteps walk_GfxSounds_FantasyGameBundle.wav,Fantasy Game Bundle/Footsteps/Walks/Gravel/FEETHmn_Gravel footsteps walk_GfxSounds_FantasyGameBundle.wav,263960,c78e1973cf833d62ea77c6b93a7b65387e50766259a6c7ea3fd5dc7cff6c092f,Footsteps,2,96000,24
audio/Footsteps/Walks/Leaves/FEETHmn_Leaves footsteps walk 2_GfxSounds_FantasyGameBundle.wav,Fantasy Game Bundle/Footsteps/Walks/Leaves/FEETHmn_Leaves footsteps walk 2_GfxSounds_FantasyGameBundle.wav,223934,24e8f33e182b53eaa5b5669b5d5ae33a02c7dfca1bd54e1664a136cad26d86f7,Footsteps,2,96000,24
audio/Footsteps/Walks/Leaves/FEETHmn_Leaves footsteps walk 3_GfxSounds_FantasyGameBundle.wav,Fantasy Game Bundle/Footsteps/Walks/Leaves/FEETHmn_Leaves footsteps walk 3_GfxSounds_FantasyGameBundle.wav,219014,e42689065dc547610c3dabe4bc6fcfede3dacc9c592f285276410acce9962b16,Footsteps,2,96000,24
audio/Footsteps/Walks/Leaves/FEETHmn_Leaves footsteps walk 4_GfxSounds_FantasyGameBundle.wav,Fantasy Game Bundle/Footsteps/Walks/Leaves/FEETHmn_Leaves footsteps walk 4_GfxSounds_FantasyGameBundle.wav,250382,cb9a9aee8964f5b28b1ac6fb99840cecc7de91227a868c4a4b3eb50e535b2392,Footsteps,2,96000,24
audio/Footsteps/Walks/Leaves/FEETHmn_Leaves footsteps walk 5_GfxSounds_FantasyGameBundle.wav,Fantasy Game Bundle/Footsteps/Walks/Leaves/FEETHmn_Leaves footsteps walk 5_GfxSounds_FantasyGameBundle.wav,249662,a3db2211f328eb630a0db62d35390596133e9b1ccc4b9c488186b8688c6e9e91,Footsteps,2,96000,24
audio/Footsteps/Walks/Leaves/FEETHmn_Leaves footsteps walk_GfxSounds_FantasyGameBundle.wav,Fantasy Game Bundle/Footsteps/Walks/Leaves/FEETHmn_Leaves footsteps walk_GfxSounds_FantasyGameBundle.wav,245462,ce62c27b597fc9f2cd9768f393b1a6b87869243a364a0e0132c7514368b918d1,Footsteps,2,96000,24
audio/Footsteps/Walks/Metal Vents/FEETHmn_Metal vent footsteps walk 2_GfxSounds_FantasyGameBundle.wav,Fantasy Game Bundle/Footsteps/Walks/Metal Vents/FEETHmn_Metal vent footsteps walk 2_GfxSounds_FantasyGameBundle.wav,305366,ccf5250f428fb9d3c0f09366d56606585dd9c431ffe60b35d3f72005ae517d3f,Footsteps,2,96000,24
audio/Footsteps/Walks/Metal Vents/FEETHmn_Metal vent footsteps walk 3_GfxSounds_FantasyGameBundle.wav,Fantasy Game Bundle/Footsteps/Walks/Metal Vents/FEETHmn_Metal vent footsteps walk 3_GfxSounds_FantasyGameBundle.wav,282890,f0a97abcb42b7b7ebeab507a31a174acb2b6a00a46e9f0a0e2248089a2377217,Footsteps,2,96000,24
audio/Footsteps/Walks/Metal Vents/FEETHmn_Metal vent footsteps walk 4_GfxSounds_FantasyGameBundle.wav,Fantasy Game Bundle/Footsteps/Walks/Metal Vents/FEETHmn_Metal vent footsteps walk 4_GfxSounds_FantasyGameBundle.wav,274586,5fdbe993b7bc3aaccce0784800d1356f4c7de83668735c3c9db1d8cac13c7e49,Footsteps,2,96000,24
audio/Footsteps/Walks/Metal Vents/FEETHmn_Metal vent footsteps walk 5_GfxSounds_FantasyGameBundle.wav,Fantasy Game Bundle/Footsteps/Walks/Metal Vents/FEETHmn_Metal vent footsteps walk 5_GfxSounds_FantasyGameBundle.wav,275804,fd7479bd2e4c4374589c0c118cfac20728860084a6acaf627b94c9cefbfc950e,Footsteps,2,96000,24
audio/Footsteps/Walks/Metal Vents/FEETHmn_Metal vent footsteps walk_GfxSounds_FantasyGameBundle.wav,Fantasy Game Bundle/Footsteps/Walks/Metal Vents/FEETHmn_Metal vent footsteps walk_GfxSounds_FantasyGameBundle.wav,276038,0944dcfd4c6fc280e1fef77966ba0fcce88455bc93fa8dbe3f27c0d987fa15b7,Footsteps,2,96000,24
audio/Footsteps/Walks/Metal/FEETHmn_Metal footsteps walk 2_GfxSounds_FantasyGameBundle.wav,Fantasy Game Bundle/Footsteps/Walks/Metal/FEETHmn_Metal footsteps walk 2_GfxSounds_FantasyGameBundle.wav,266276,e03b60011a144ee803dc02bce98449800b7fe7abddbdb6634d3382827a288f84,Footsteps,2,96000,24
audio/Footsteps/Walks/Metal/FEETHmn_Metal footsteps walk 3_GfxSounds_FantasyGameBundle.wav,Fantasy Game Bundle/Footsteps/Walks/Metal/FEETHmn_Metal footsteps walk 3_GfxSounds_FantasyGameBundle.wav,257276,013364d81c12da1a9481f22191b4a2f395eb58d140ef41207fa0f8d86652f6f6,Footsteps,2,96000,24
audio/Footsteps/Walks/Metal/FEETHmn_Metal footsteps walk 4_GfxSounds_FantasyGameBundle.wav,Fantasy Game Bundle/Footsteps/Walks/Metal/FEETHmn_Metal footsteps walk 4_GfxSounds_FantasyGameBundle.wav,249662,278d6ddff52d11f9df053f9cb924b26d6267bbe905d14b9b718859a655e60ba4,Footsteps,2,96000,24
audio/Footsteps/Walks/Metal/FEETHmn_Metal footsteps walk 5_GfxSounds_FantasyGameBundle.wav,Fantasy Game Bundle/Footsteps/Walks/Metal/FEETHmn_Metal footsteps walk 5_GfxSounds_FantasyGameBundle.wav,249662,9aca7c34ee086233b30f358111e653024981553850be53cdb3aa12acf3a1d371,Footsteps,2,96000,24
audio/Footsteps/Walks/Metal/FEETHmn_Metal footsteps walk_GfxSounds_FantasyGameBundle.wav,Fantasy Game Bundle/Footsteps/Walks/Metal/FEETHmn_Metal footsteps walk_GfxSounds_FantasyGameBundle.wav,258512,40bc9df509cab4aa6ce5745afb1c01e253b77d5ad7642db39dde357577097a04,Footsteps,2,96000,24
audio/Footsteps/Walks/Mud/FEETHmn_Mud footsteps walk 2_GfxSounds_FantasyGameBundle.wav,Fantasy Game Bundle/Footsteps/Walks/Mud/FEETHmn_Mud footsteps walk 2_GfxSounds_FantasyGameBundle.wav,286982,730c7d06cee1cbc7c307c19ba3d70843e945a4158b930fbbf18e150eebd46188,Footsteps,2,96000,24
audio/Footsteps/Walks/Mud/FEETHmn_Mud footsteps walk 3_GfxSounds_FantasyGameBundle.wav,Fantasy Game Bundle/Footsteps/Walks/Mud/FEETHmn_Mud footsteps walk 3_GfxSounds_FantasyGameBundle.wav,316124,391c20db4e188485cf1dc58435cf7372598ad628b88ea852776eb3aff8e67c6f,Footsteps,2,96000,24
audio/Footsteps/Walks/Mud/FEETHmn_Mud footsteps walk 4_GfxSounds_FantasyGameBundle.wav,Fantasy Game Bundle/Footsteps/Walks/Mud/FEETHmn_Mud footsteps walk 4_GfxSounds_FantasyGameBundle.wav,317882,df1021ef5753260f858c4ff14dee81eef2d828c44cd858402bb4e641084b866b,Footsteps,2,96000,24
audio/Footsteps/Walks/Mud/FEETHmn_Mud footsteps walk 5_GfxSounds_FantasyGameBundle.wav,Fantasy Game Bundle/Footsteps/Walks/Mud/FEETHmn_Mud footsteps walk 5_GfxSounds_FantasyGameBundle.wav,333806,b68441295dc66a2a491e743bed52a3a8a19f64dc6bdeeba124d51a1bb7df275e,Footsteps,2,96000,24
audio/Footsteps/Walks/Mud/FEETHmn_Mud footsteps walk_GfxSounds_FantasyGameBundle.wav,Fantasy Game Bundle/Footsteps/Walks/Mud/FEETHmn_Mud footsteps walk_GfxSounds_FantasyGameBundle.wav,337226,ec425c346b11a03c9c2c1159de8ff447f09ccf64077a5f418ec329fda429266b,Footsteps,2,96000,24
audio/Footsteps/Walks/Snow/FEETHmn_Snow footsteps walk 2_GfxSounds_FantasyGameBundle.wav,Fantasy Game Bundle/Footsteps/Walks/Snow/FEETHmn_Snow footsteps walk 2_GfxSounds_FantasyGameBundle.wav,208124,8b6959d800b078bb62b9733e7f30c489b587a449b8b391a1ada02e23eaaff553,Footsteps,2,96000,24
audio/Footsteps/Walks/Snow/FEETHmn_Snow footsteps walk 3_GfxSounds_FantasyGameBundle.wav,Fantasy Game Bundle/Footsteps/Walks/Snow/FEETHmn_Snow footsteps walk 3_GfxSounds_FantasyGameBundle.wav,233048,a8f382a1aaf29d7810ef7b114f6c7dff137277420fef87dc87b10dfdddaf521e,Footsteps,2,96000,24
audio/Footsteps/Walks/Snow/FEETHmn_Snow footsteps walk 4_GfxSounds_FantasyGameBundle.wav,Fantasy Game Bundle/Footsteps/Walks/Snow/FEETHmn_Snow footsteps walk 4_GfxSounds_FantasyGameBundle.wav,249662,71e66646cc75b5a29f51fc6a607a3d0ca46bb9c67ba606c6974ff9611ddae120,Footsteps,2,96000,24
audio/Footsteps/Walks/Snow/FEETHmn_Snow footsteps walk 5_GfxSounds_FantasyGameBundle.wav,Fantasy Game Bundle/Footsteps/Walks/Snow/FEETHmn_Snow footsteps walk 5_GfxSounds_FantasyGameBundle.wav,239276,ad9da415c27a1b6dfb4ba8f0d9442299bb2493bdda321c984f6c0056acb7a25f,Footsteps,2,96000,24
audio/Footsteps/Walks/Snow/FEETHmn_Snow footsteps walk_GfxSounds_FantasyGameBundle.wav,Fantasy Game Bundle/Footsteps/Walks/Snow/FEETHmn_Snow footsteps walk_GfxSounds_FantasyGameBundle.wav,241352,6aa2cec8629129cae2ac1c2fc063bc04c7a601d09cbd505ddea669cc4f6a3fcb,Footsteps,2,96000,24
audio/Footsteps/Walks/Water/FEETHmn_Water footsteps walk 2_GfxSounds_FantasyGameBundle.wav,Fantasy Game Bundle/Footsteps/Walks/Water/FEETHmn_Water footsteps walk 2_GfxSounds_FantasyGameBundle.wav,349352,eed887a77bf0be49d0db2cbf249e19762478895d0ed16ca748bb5c431afa2d4c,Footsteps,2,96000,24
audio/Footsteps/Walks/Water/FEETHmn_Water footsteps walk 3_GfxSounds_FantasyGameBundle.wav,Fantasy Game Bundle/Footsteps/Walks/Water/FEETHmn_Water footsteps walk 3_GfxSounds_FantasyGameBundle.wav,399200,e7d8364a75c78843dbc02b3a7fdef8738a49fb96e015dfb5b025f045bb22cfec,Footsteps,2,96000,24
audio/Footsteps/Walks/Water/FEETHmn_Water footsteps walk 4_GfxSounds_FantasyGameBundle.wav,Fantasy Game Bundle/Footsteps/Walks/Water/FEETHmn_Water footsteps walk 4_GfxSounds_FantasyGameBundle.wav,365972,28b38257dd154ac39ee53bc9ece78a24c2ac73dfba481450dfba22944a643495,Footsteps,2,96000,24
audio/Footsteps/Walks/Water/FEETHmn_Water footsteps walk 5_GfxSounds_FantasyGameBundle.wav,Fantasy Game Bundle/Footsteps/Walks/Water/FEETHmn_Water footsteps walk 5_GfxSounds_FantasyGameBundle.wav,365972,dff5802551369f6833f3c268fbe17260b605554cd06c2218b3278132e155b9db,Footsteps,2,96000,24
audio/Footsteps/Walks/Water/FEETHmn_Water footsteps walk_GfxSounds_FantasyGameBundle.wav,Fantasy Game Bundle/Footsteps/Walks/Water/FEETHmn_Water footsteps walk_GfxSounds_FantasyGameBundle.wav,424124,ff11ba6e2cd283fb0c9719fbd6934bb20c57f24606f34727e413fd3240436476,Footsteps,2,96000,24
audio/Footsteps/Walks/Wood/FEETHmn_Wood footsteps walk 2_GfxSounds_FantasyGameBundle.wav,Fantasy Game Bundle/Footsteps/Walks/Wood/FEETHmn_Wood footsteps walk 2_GfxSounds_FantasyGameBundle.wav,243896,972fe324b5d7345edc54c058b3438df72a5041ad7c7b902562249d50a4f57a04,Footsteps,2,96000,24
audio/Footsteps/Walks/Wood/FEETHmn_Wood footsteps walk 3_GfxSounds_FantasyGameBundle.wav,Fantasy Game Bundle/Footsteps/Walks/Wood/FEETHmn_Wood footsteps walk 3_GfxSounds_FantasyGameBundle.wav,257042,c0eff79137a56ba79330b11f5730b32a27036ccf4c03ca4bfed79d167a2a880e,Footsteps,2,96000,24
audio/Footsteps/Walks/Wood/FEETHmn_Wood footsteps walk 4_GfxSounds_FantasyGameBundle.wav,Fantasy Game Bundle/Footsteps/Walks/Wood/FEETHmn_Wood footsteps walk 4_GfxSounds_FantasyGameBundle.wav,269654,46498deb36723d85ca3e3fd8b9517105beff0923fd0c3be8d58e97d3028da939,Footsteps,2,96000,24
audio/Footsteps/Walks/Wood/FEETHmn_Wood footsteps walk 5_GfxSounds_FantasyGameBundle.wav,Fantasy Game Bundle/Footsteps/Walks/Wood/FEETHmn_Wood footsteps walk 5_GfxSounds_FantasyGameBundle.wav,266276,220a02a4b5a0d562b7ed7479233293f6e4b41e21ac979c0c7074597bc494af88,Footsteps,2,96000,24
audio/Footsteps/Walks/Wood/FEETHmn_Wood footsteps walk_GfxSounds_FantasyGameBundle.wav,Fantasy Game Bundle/Footsteps/Walks/Wood/FEETHmn_Wood footsteps walk_GfxSounds_FantasyGameBundle.wav,247232,a1fb65b081ebc1859cf33516b48eb9c2e029832a059b43ba0e31ff989f421c26,Footsteps,2,96000,24
audio/Hero Voices/Hero Boy/VOXCry_Hero boy cry 2_GfxSounds_FantasyGameBundle.wav,Fantasy Game Bundle/Hero Voices/Hero Boy/VOXCry_Hero boy cry 2_GfxSounds_FantasyGameBundle.wav,2267960,0ed909f66fb832ba8bd4edb00acc567d64083266a6cf5d56dccbf046ae12fb3f,Hero Voices,2,48000,16
audio/Hero Voices/Hero Boy/VOXCry_Hero boy cry_GfxSounds_FantasyGameBundle.wav,Fantasy Game Bundle/Hero Voices/Hero Boy/VOXCry_Hero boy cry_GfxSounds_FantasyGameBundle.wav,1377472,d0627d8cc1468e008675600084e52f1c1bbdf40add1ea4abae57162eb68b5e78,Hero Voices,2,48000,16
audio/Hero Voices/Hero Boy/VOXEfrt_Hero boy effort grunt 2_GfxSounds_FantasyGameBundle.wav,Fantasy Game Bundle/Hero Voices/Hero Boy/VOXEfrt_Hero boy effort grunt 2_GfxSounds_FantasyGameBundle.wav,192288,ba78a4f716fe1e6c3160fb1a5bfc523c57628f4c03957d38e65e720c759c9a6f,Hero Voices,2,48000,16
audio/Hero Voices/Hero Boy/VOXEfrt_Hero boy effort grunt 3_GfxSounds_FantasyGameBundle.wav,Fantasy Game Bundle/Hero Voices/Hero Boy/VOXEfrt_Hero boy effort grunt 3_GfxSounds_FantasyGameBundle.wav,352448,f30c3f987ce1523652c46d7acae5432a99771e1b25908def8624315ddaa513ad,Hero Voices,2,48000,16
audio/Hero Voices/Hero Boy/VOXEfrt_Hero boy effort grunt_GfxSounds_FantasyGameBundle.wav,Fantasy Game Bundle/Hero Voices/Hero Boy/VOXEfrt_Hero boy effort grunt_GfxSounds_FantasyGameBundle.wav,352448,d6404a37edb8432493318a6a023b42213d1eb2d1ddd6d99c5d06b3293730367b,Hero Voices,2,48000,16
audio/Hero Voices/Hero Boy/VOXEfrt_Hero boy heavy breathing 2_GfxSounds_FantasyGameBundle.wav,Fantasy Game Bundle/Hero Voices/Hero Boy/VOXEfrt_Hero boy heavy breathing 2_GfxSounds_FantasyGameBundle.wav,794492,51b0a05c9556bda53326cdf349e2737c9dc703f1387fb7a024c5dbecef94dde3,Hero Voices,2,48000,16
audio/Hero Voices/Hero Boy/VOXEfrt_Hero boy heavy breathing 3_GfxSounds_FantasyGameBundle.wav,Fantasy Game Bundle/Hero Voices/Hero Boy/VOXEfrt_Hero boy heavy breathing 3_GfxSounds_FantasyGameBundle.wav,474168,5c1c4d7f192229d69430f0aacec6f2eb930b5f3c24eb65e73f8010acbd63d829,Hero Voices,2,48000,16
audio/Hero Voices/Hero Boy/VOXEfrt_Hero boy heavy breathing_GfxSounds_FantasyGameBundle.wav,Fantasy Game Bundle/Hero Voices/Hero Boy/VOXEfrt_Hero boy heavy breathing_GfxSounds_FantasyGameBundle.wav,557452,d3e9b7daa742a43a8db0ffd8d910901af0d84f1dbde31c95b8275a89bc17dab8,Hero Voices,2,48000,16
audio/Hero Voices/Hero Boy/VOXLaff_Hero boy laugh 2_GfxSounds_FantasyGameBundle.wav,Fantasy Game Bundle/Hero Voices/Hero Boy/VOXLaff_Hero boy laugh 2_GfxSounds_FantasyGameBundle.wav,397292,87a14ac125a0915451eae503265ddcd0ab6bf4441c0ff933149e7ff5f30cd96e,Hero Voices,2,48000,16
audio/Hero Voices/Hero Boy/VOXLaff_Hero boy laugh_GfxSounds_FantasyGameBundle.wav,Fantasy Game Bundle/Hero Voices/Hero Boy/VOXLaff_Hero boy laugh_GfxSounds_FantasyGameBundle.wav,410108,6804943bc453a261a3aa9052d4d18cfe82e9added3dd1fd24967bb1f3a6f644e,Hero Voices,2,48000,16
audio/Hero Voices/Hero Boy/VOXMisc_Hero boy pain grunt 2_GfxSounds_FantasyGameBundle.wav,Fantasy Game Bundle/Hero Voices/Hero Boy/VOXMisc_Hero boy pain grunt 2_GfxSounds_FantasyGameBundle.wav,179472,58a59996b06fa077117ea20767e0cec831f959f4415cd6665ec89068e0526b98,Hero Voices,2,48000,16
audio/Hero Voices/Hero Boy/VOXMisc_Hero boy pain grunt 3_GfxSounds_FantasyGameBundle.wav,Fantasy Game Bundle/Hero Voices/Hero Boy/VOXMisc_Hero boy pain grunt 3_GfxSounds_FantasyGameBundle.wav,211508,1fca4cf8a74058f91cb9dedfa4aa7057942c17f8de4ea9c8fcbf02efd2757f7a,Hero Voices,2,48000,16
audio/Hero Voices/Hero Boy/VOXMisc_Hero boy pain grunt_GfxSounds_FantasyGameBundle.wav,Fantasy Game Bundle/Hero Voices/Hero Boy/VOXMisc_Hero boy pain grunt_GfxSounds_FantasyGameBundle.wav,205100,3bf133cb7c2b90d48089dcf6626955d416ea336ff0ffb22612cb276a2d6b8679,Hero Voices,2,48000,16
audio/Hero Voices/Hero Boy/VOXReac_Hero boy scared gasp 2_GfxSounds_FantasyGameBundle.wav,Fantasy Game Bundle/Hero Voices/Hero Boy/VOXReac_Hero boy scared gasp 2_GfxSounds_FantasyGameBundle.wav,147444,12f190a30aa20b2a00f86fd240c2f9986f2b07e74e058f640fe74e2b17e5db7f,Hero Voices,2,48000,16
audio/Hero Voices/Hero Boy/VOXReac_Hero boy scared gasp_GfxSounds_FantasyGameBundle.wav,Fantasy Game Bundle/Hero Voices/Hero Boy/VOXReac_Hero boy scared gasp_GfxSounds_FantasyGameBundle.wav,160256,56743cb3a025d865c78caa2303a5d52f02f62c8b1494c23e42f6215d08e06266,Hero Voices,2,48000,16
audio/Hero Voices/Hero Boy/VOXReac_Hero boy surprised sigh 2_GfxSounds_FantasyGameBundle.wav,Fantasy Game Bundle/Hero Voices/Hero Boy/VOXReac_Hero boy surprised sigh 2_GfxSounds_FantasyGameBundle.wav,185880,a4910b835dd980de5761c7f084d0151e811454b43a97d553f627ed26be95cc18,Hero Voices,2,48000,16
audio/Hero Voices/Hero Boy/VOXReac_Hero boy surprised sigh 3_GfxSounds_FantasyGameBundle.wav,Fantasy Game Bundle/Hero Voices/Hero Boy/VOXReac_Hero boy surprised sigh 3_GfxSounds_FantasyGameBundle.wav,185880,7b1a29cf9399034e94d7e1b42c9c5c4e537d8c6f0392ba8e88e424abc8fc12a3,Hero Voices,2,48000,16
audio/Hero Voices/Hero Boy/VOXReac_Hero boy surprised sigh_GfxSounds_FantasyGameBundle.wav,Fantasy Game Bundle/Hero Voices/Hero Boy/VOXReac_Hero boy surprised sigh_GfxSounds_FantasyGameBundle.wav,185880,c28c512a1b1b735e965ddd29884dd27e071e1e221b5408e365c686fb0520cc21,Hero Voices,2,48000,16
audio/Hero Voices/Hero Boy/VOXScrm_Hero boy attack shout 2_GfxSounds_FantasyGameBundle.wav,Fantasy Game Bundle/Hero Voices/Hero Boy/VOXScrm_Hero boy attack shout 2_GfxSounds_FantasyGameBundle.wav,256352,d341bf8dff1ae3c791931cb4b3bf2c893307208c4b481cc7d0219a637a123793,Hero Voices,2,48000,16
audio/Hero Voices/Hero Boy/VOXScrm_Hero boy attack shout 3_GfxSounds_FantasyGameBundle.wav,Fantasy Game Bundle/Hero Voices/Hero Boy/VOXScrm_Hero boy attack shout 3_GfxSounds_FantasyGameBundle.wav,128220,3c5cd1daf91d754e7c766f2e163bf99e7b906a6fefc53a3659e31c1e054abc97,Hero Voices,2,48000,16
audio/Hero Voices/Hero Boy/VOXScrm_Hero boy attack shout 4_GfxSounds_FantasyGameBundle.wav,Fantasy Game Bundle/Hero Voices/Hero Boy/VOXScrm_Hero boy attack shout 4_GfxSounds_FantasyGameBundle.wav,121816,c04b4650be838f9e063cc63ec1412804836f281e843cd7bcaecac53a8a49d1e7,Hero Voices,2,48000,16
audio/Hero Voices/Hero Boy/VOXScrm_Hero boy attack shout_GfxSounds_FantasyGameBundle.wav,Fantasy Game Bundle/Hero Voices/Hero Boy/VOXScrm_Hero boy attack shout_GfxSounds_FantasyGameBundle.wav,224320,77942d4521a115019b9679460aef7e9bb62478d934186324d58ca2ea8d0db12d,Hero Voices,2,48000,16
audio/Hero Voices/Heroine/VOXCry_Heroine cry 2_GfxSounds_FantasyGameBundle.wav,Fantasy Game Bundle/Hero Voices/Heroine/VOXCry_Heroine cry 2_GfxSounds_FantasyGameBundle.wav,1210908,f3caf478a276765a4b3939a2c3ff7fb3b6a3ed5e582e408d3220881644bcbd6a,Hero Voices,2,48000,16
audio/Hero Voices/Heroine/VOXCry_Heroine cry_GfxSounds_FantasyGameBundle.wav,Fantasy Game Bundle/Hero Voices/Heroine/VOXCry_Heroine cry_GfxSounds_FantasyGameBundle.wav,845740,948b060c6b6a9c71daf14336454dbcfab7ff9ff1f04bbafa00b34b6c0e78fa19,Hero Voices,2,48000,16
audio/Hero Voices/Heroine/VOXEfrt_Heroine effort grunt 2_GfxSounds_FantasyGameBundle.wav,Fantasy Game Bundle/Hero Voices/Heroine/VOXEfrt_Heroine effort grunt 2_GfxSounds_FantasyGameBundle.wav,281972,906d0add21ab65bb387fc4896ade613850d9764f1a3b958f4533068ae1ab6b29,Hero Voices,2,48000,16
audio/Hero Voices/Heroine/VOXEfrt_Heroine effort grunt 3_GfxSounds_FantasyGameBundle.wav,Fantasy Game Bundle/Hero Voices/Heroine/VOXEfrt_Heroine effort grunt 3_GfxSounds_FantasyGameBundle.wav,269160,fa9f1b193754e6213bb5789cf5eec33003ad5e3c5399f5032b740b875de76dcb,Hero Voices,2,48000,16
audio/Hero Voices/Heroine/VOXEfrt_Heroine effort grunt_GfxSounds_FantasyGameBundle.wav,Fantasy Game Bundle/Hero Voices/Heroine/VOXEfrt_Heroine effort grunt_GfxSounds_FantasyGameBundle.wav,301192,d29e64bdfa1ac6e8475f0d82eb24484041ec6708f501200722df13d7199079ad,Hero Voices,2,48000,16
audio/Hero Voices/Heroine/VOXEfrt_Heroine heavy breathing 2_GfxSounds_FantasyGameBundle.wav,Fantasy Game Bundle/Hero Voices/Heroine/VOXEfrt_Heroine heavy breathing 2_GfxSounds_FantasyGameBundle.wav,775266,e1637e81e357ffbfc12391913e8bd442da42ec6c9b4c740287511882e5b444af,Hero Voices,2,48000,16
audio/Hero Voices/Heroine/VOXEfrt_Heroine heavy breathing 3_GfxSounds_FantasyGameBundle.wav,Fantasy Game Bundle/Hero Voices/Heroine/VOXEfrt_Heroine heavy breathing 3_GfxSounds_FantasyGameBundle.wav,839336,9ddf2bec110d9813f5ef802a25175b3d5a4d78793862cd3ccd6ed1d6f5ded864,Hero Voices,2,48000,16
audio/Hero Voices/Heroine/VOXEfrt_Heroine heavy breathing_GfxSounds_FantasyGameBundle.wav,Fantasy Game Bundle/Hero Voices/Heroine/VOXEfrt_Heroine heavy breathing_GfxSounds_FantasyGameBundle.wav,813708,d5691670e003ddc82f62548a14bee6812a64aebbaa16e9da183b54641a4718bd,Hero Voices,2,48000,16
audio/Hero Voices/Heroine/VOXLaff_Heroine cute giggle 2_GfxSounds_FantasyGameBundle.wav,Fantasy Game Bundle/Hero Voices/Heroine/VOXLaff_Heroine cute giggle 2_GfxSounds_FantasyGameBundle.wav,256348,24aa55c523ab35609d1df2ab1e2ca43d84e4e397ca5cc34eee7d6cd66fcce643,Hero Voices,2,48000,16
audio/Hero Voices/Heroine/VOXLaff_Heroine cute giggle 3_GfxSounds_FantasyGameBundle.wav,Fantasy Game Bundle/Hero Voices/Heroine/VOXLaff_Heroine cute giggle 3_GfxSounds_FantasyGameBundle.wav,339632,a908e5ce7a36ed9cd92699118893c802b3b4d9962dfb9581381dfd6faff7d72c,Hero Voices,2,48000,16
audio/Hero Voices/Heroine/VOXLaff_Heroine cute giggle_GfxSounds_FantasyGameBundle.wav,Fantasy Game Bundle/Hero Voices/Heroine/VOXLaff_Heroine cute giggle_GfxSounds_FantasyGameBundle.wav,275568,9db9c856e78e0c91979c0c0dcc82592bf5fd36445a0f92ded6b392f13a9a7953,Hero Voices,2,48000,16
audio/Hero Voices/Heroine/VOXMisc_Heroine pain grunt 2_GfxSounds_FantasyGameBundle.wav,Fantasy Game Bundle/Hero Voices/Heroine/VOXMisc_Heroine pain grunt 2_GfxSounds_FantasyGameBundle.wav,249948,0a442bdbca8e6043e9aea03bc8ca6296f5a6c64049365918b65942ca32dbd37f,Hero Voices,2,48000,16
audio/Hero Voices/Heroine/VOXMisc_Heroine pain grunt 3_GfxSounds_FantasyGameBundle.wav,Fantasy Game Bundle/Hero Voices/Heroine/VOXMisc_Heroine pain grunt 3_GfxSounds_FantasyGameBundle.wav,217916,5f15f1a0d0c199f95826565b2ee7a64c8c1c3be557f1cb91e7abd23cfdd27b8e,Hero Voices,2,48000,16
audio/Hero Voices/Heroine/VOXMisc_Heroine pain grunt_GfxSounds_FantasyGameBundle.wav,Fantasy Game Bundle/Hero Voices/Heroine/VOXMisc_Heroine pain grunt_GfxSounds_FantasyGameBundle.wav,249944,c2cefe89ff9184b4ad63aa7bb37d087b96ac2fbd660e8c7e775065500dd6e668,Hero Voices,2,48000,16
audio/Hero Voices/Heroine/VOXReac_Heroine surprised sigh 2_GfxSounds_FantasyGameBundle.wav,Fantasy Game Bundle/Hero Voices/Heroine/VOXReac_Heroine surprised sigh 2_GfxSounds_FantasyGameBundle.wav,185876,115c185cf223dc64c3c8789039d290049763725313494ba4b2035528638235c4,Hero Voices,2,48000,16
audio/Hero Voices/Heroine/VOXReac_Heroine surprised sigh 3_GfxSounds_FantasyGameBundle.wav,Fantasy Game Bundle/Hero Voices/Heroine/VOXReac_Heroine surprised sigh 3_GfxSounds_FantasyGameBundle.wav,211500,65b46af6b09d9d60609116f05c9a6e825fcec52dfb319bb015e89e87ff20b31a,Hero Voices,2,48000,16
audio/Hero Voices/Heroine/VOXReac_Heroine surprised sigh_GfxSounds_FantasyGameBundle.wav,Fantasy Game Bundle/Hero Voices/Heroine/VOXReac_Heroine surprised sigh_GfxSounds_FantasyGameBundle.wav,153848,d7d56114f39612f80e0d69dad6c4ce633884481db4bee219f9994571f215ced6,Hero Voices,2,48000,16
audio/Magic Spells/Alchemy and Spellbooks/MAGMisc_Large spellbook page turn 2_GfxSounds_FantasyGameBundle.wav,Fantasy Game Bundle/Magic Spells/Alchemy and Spellbooks/MAGMisc_Large spellbook page turn 2_GfxSounds_FantasyGameBundle.wav,323816,a9b1aa04a5ca6b62ffa7ab3284073b1ac7641f2f24fa4384bef598b879a7f78f,Magic Spells,2,44100,16
audio/Magic Spells/Alchemy and Spellbooks/MAGMisc_Large spellbook page turn 3_GfxSounds_FantasyGameBundle.wav,Fantasy Game Bundle/Magic Spells/Alchemy and Spellbooks/MAGMisc_Large spellbook page turn 3_GfxSounds_FantasyGameBundle.wav,294388,6e83f4822298efe3ad9ad26344381c792a9d355927ca676af8a5fbdc7ded3e9e,Magic Spells,2,44100,16
audio/Magic Spells/Alchemy and Spellbooks/MAGMisc_Large spellbook page turn_GfxSounds_FantasyGameBundle.wav,Fantasy Game Bundle/Magic Spells/Alchemy and Spellbooks/MAGMisc_Large spellbook page turn_GfxSounds_FantasyGameBundle.wav,270840,2b747bb387456b42c8a5e84a3432cb038e2b2a19dfcec57b26a672d2c022416b,Magic Spells,2,44100,16
audio/Magic Spells/Alchemy and Spellbooks/MAGMisc_Potion bottle shake 2_GfxSounds_FantasyGameBundle.wav,Fantasy Game Bundle/Magic Spells/Alchemy and Spellbooks/MAGMisc_Potion bottle shake 2_GfxSounds_FantasyGameBundle.wav,323816,09d3635f24aff88325dd203fd6bb712fda0d0d20474888a532ae56cd85265bf5,Magic Spells,2,44100,16
audio/Magic Spells/Alchemy and Spellbooks/MAGMisc_Potion bottle shake_GfxSounds_FantasyGameBundle.wav,Fantasy Game Bundle/Magic Spells/Alchemy and Spellbooks/MAGMisc_Potion bottle shake_GfxSounds_FantasyGameBundle.wav,264956,7bec16b41d4a74905415aa5902a9527f7ef0e1e2948d997b5c268ebf47668f29,Magic Spells,2,44100,16
audio/Magic Spells/Alchemy and Spellbooks/MAGMisc_Potion bubble pop 2_GfxSounds_FantasyGameBundle.wav,Fantasy Game Bundle/Magic Spells/Alchemy and Spellbooks/MAGMisc_Potion bubble pop 2_GfxSounds_FantasyGameBundle.wav,135464,50eff49a7b60649dd20be1c0343c8ba10d206a13bda9a7d72c26311e68d0a43f,Magic Spells,2,44100,16
audio/Magic Spells/Alchemy and Spellbooks/MAGMisc_Potion bubble pop_GfxSounds_FantasyGameBundle.wav,Fantasy Game Bundle/Magic Spells/Alchemy and Spellbooks/MAGMisc_Potion bubble pop_GfxSounds_FantasyGameBundle.wav,111924,6045c363b83906ab5a2dcf165bd0a46809d21956d0bf25b1b9839c4ad381637c,Magic Spells,2,44100,16
audio/Magic Spells/Alchemy and Spellbooks/MAGMisc_Potion cork close_GfxSounds_FantasyGameBundle.wav,Fantasy Game Bundle/Magic Spells/Alchemy and Spellbooks/MAGMisc_Potion cork close_GfxSounds_FantasyGameBundle.wav,194328,4d092d18bfdec867b66f67b515a4d179993b7e0075b31011891b9340c8534b08,Magic Spells,2,44100,16
audio/Magic Spells/Alchemy and Spellbooks/MAGMisc_Potion cork open_GfxSounds_FantasyGameBundle.wav,Fantasy Game Bundle/Magic Spells/Alchemy and Spellbooks/MAGMisc_Potion cork open_GfxSounds_FantasyGameBundle.wav,111924,9e3125f315a1ca5cb4d974526d160b4bc7114b29e2c2a2af07ceacb690cbe142,Magic Spells,2,44100,16
audio/Magic Spells/Alchemy and Spellbooks/MAGMisc_Potion drink_GfxSounds_FantasyGameBundle.wav,Fantasy Game Bundle/Magic Spells/Alchemy and Spellbooks/MAGMisc_Potion drink_GfxSounds_FantasyGameBundle.wav,88380,1c22333d415a1c9dad0fda3aa2eec09251292585c373d762e26e3afdbc650e4e,Magic Spells,2,44100,16
audio/Magic Spells/Alchemy and Spellbooks/MAGMisc_Potion drinking gulp_GfxSounds_FantasyGameBundle.wav,Fantasy Game Bundle/Magic Spells/Alchemy and Spellbooks/MAGMisc_Potion drinking gulp_GfxSounds_FantasyGameBundle.wav,465076,f2ae7e9a4e00dd4c6e09f117a196452e01cc2cf794a0e06ed704cb7e1318a379,Magic Spells,2,44100,16
audio/Magic Spells/Alchemy and Spellbooks/MAGMisc_Potion gulp_GfxSounds_FantasyGameBundle.wav,Fantasy Game Bundle/Magic Spells/Alchemy and Spellbooks/MAGMisc_Potion gulp_GfxSounds_FantasyGameBundle.wav,135468,a543d526300e5a8a216bdb204c2b225c1fe92398c92c1cd0dba02d0ce5858978,Magic Spells,2,44100,16
audio/Magic Spells/Alchemy and Spellbooks/MAGMisc_Potion ingredients mixing 2_GfxSounds_FantasyGameBundle.wav,Fantasy Game Bundle/Magic Spells/Alchemy and Spellbooks/MAGMisc_Potion ingredients mixing 2_GfxSounds_FantasyGameBundle.wav,1006576,277f244976742a72a0762ed4bd6a85256a18b76eab472c3d86fdc6192176943a,Magic Spells,2,44100,16
audio/Magic Spells/Alchemy and Spellbooks/MAGMisc_Potion ingredients mixing_GfxSounds_FantasyGameBundle.wav,Fantasy Game Bundle/Magic Spells/Alchemy and Spellbooks/MAGMisc_Potion ingredients mixing_GfxSounds_FantasyGameBundle.wav,647540,91658fb089844a4785fc4f51e0404b959265425a949298d559c5fb72e0186df8,Magic Spells,2,44100,16
audio/Magic Spells/Alchemy and Spellbooks/MAGMisc_Potion magic spell 2_GfxSounds_FantasyGameBundle.wav,Fantasy Game Bundle/Magic Spells/Alchemy and Spellbooks/MAGMisc_Potion magic spell 2_GfxSounds_FantasyGameBundle.wav,294384,8eb1890d8c29f73ba3dee5df5b43494752f59f35e9f9b4a1dc2468aa84a7cea2,Magic Spells,2,44100,16
audio/Magic Spells/Alchemy and Spellbooks/MAGMisc_Potion magic spell_GfxSounds_FantasyGameBundle.wav,Fantasy Game Bundle/Magic Spells/Alchemy and Spellbooks/MAGMisc_Potion magic spell_GfxSounds_FantasyGameBundle.wav,359132,ed41f73dad09f060a45671eccd489192d5c4ded112f76d2ec48afe7a980f1bbd,Magic Spells,2,44100,16
audio/Magic Spells/Alchemy and Spellbooks/MAGMisc_Rune switch click 2_GfxSounds_FantasyGameBundle.wav,Fantasy Game Bundle/Magic Spells/Alchemy and Spellbooks/MAGMisc_Rune switch click 2_GfxSounds_FantasyGameBundle.wav,165416,a82844b7b08130e928a7fa3f56dfaad5ac490774843ac834fa2aa35bc988de0f,Magic Spells,2,48000,24
audio/Magic Spells/Alchemy and Spellbooks/MAGMisc_Rune switch click 3_GfxSounds_FantasyGameBundle.wav,Fantasy Game Bundle/Magic Spells/Alchemy and Spellbooks/MAGMisc_Rune switch click 3_GfxSounds_FantasyGameBundle.wav,165416,18310d4e7db9640226f51b33e926c2f5b9e84d5d64712833faa5403b939c43d1,Magic Spells,2,48000,24
audio/Magic Spells/Alchemy and Spellbooks/MAGMisc_Rune switch click_GfxSounds_FantasyGameBundle.wav,Fantasy Game Bundle/Magic Spells/Alchemy and Spellbooks/MAGMisc_Rune switch click_GfxSounds_FantasyGameBundle.wav,165416,ba33de93175ae0e63c1c929e8afd9b62117229e6d030cbf4eea065b21b021a1c,Magic Spells,2,48000,24
audio/Magic Spells/Alchemy and Spellbooks/MAGMisc_Spellbook close_GfxSounds_FantasyGameBundle.wav,Fantasy Game Bundle/Magic Spells/Alchemy and Spellbooks/MAGMisc_Spellbook close_GfxSounds_FantasyGameBundle.wav,70724,afc772cf611506974dc065abb782876aa08d47220e38c687b59e3a7567103688,Magic Spells,2,44100,16
audio/Magic Spells/Alchemy and Spellbooks/MAGMisc_Spellbook open_GfxSounds_FantasyGameBundle.wav,Fantasy Game Bundle/Magic Spells/Alchemy and Spellbooks/MAGMisc_Spellbook open_GfxSounds_FantasyGameBundle.wav,47180,7c10fb749f9e0f52681e63d678cc86a27d7890695a90fb51ed9979dc74e471db,Magic Spells,2,44100,16
audio/Magic Spells/Alchemy and Spellbooks/MAGMisc_Spellbook page flick 2_GfxSounds_FantasyGameBundle.wav,Fantasy Game Bundle/Magic Spells/Alchemy and Spellbooks/MAGMisc_Spellbook page flick 2_GfxSounds_FantasyGameBundle.wav,417992,0719edc6584afec70fe706dd17e4b9b3f470bfd52cdffa0e1766f86568eaa4d4,Magic Spells,2,44100,16
audio/Magic Spells/Alchemy and Spellbooks/MAGMisc_Spellbook page flick_GfxSounds_FantasyGameBundle.wav,Fantasy Game Bundle/Magic Spells/Alchemy and Spellbooks/MAGMisc_Spellbook page flick_GfxSounds_FantasyGameBundle.wav,400332,fff307960bd8990c0cd6dd117b05665ebf9649bccc2ab658044b0fbcca61d8ff,Magic Spells,2,44100,16
audio/Magic Spells/Alchemy and Spellbooks/MAGMisc_Spellbook page turn 2_GfxSounds_FantasyGameBundle.wav,Fantasy Game Bundle/Magic Spells/Alchemy and Spellbooks/MAGMisc_Spellbook page turn 2_GfxSounds_FantasyGameBundle.wav,106036,f4da83cc92d5dc9268b6f0609fdf4d8e73a836f18851b779ce806675f02d89c9,Magic Spells,2,44100,16
audio/Magic Spells/Alchemy and Spellbooks/MAGMisc_Spellbook page turn_GfxSounds_FantasyGameBundle.wav,Fantasy Game Bundle/Magic Spells/Alchemy and Spellbooks/MAGMisc_Spellbook page turn_GfxSounds_FantasyGameBundle.wav,141352,03e960b048e560bfa61a24e0fd48756e8db65fcc756136ea145f192582859ce2,Magic Spells,2,44100,16
audio/Magic Spells/Alchemy and Spellbooks/MAGMisc_Spellbook set down 2_GfxSounds_FantasyGameBundle.wav,Fantasy Game Bundle/Magic Spells/Alchemy and Spellbooks/MAGMisc_Spellbook set down 2_GfxSounds_FantasyGameBundle.wav,106036,92b882e3925df0fab785ba5236a4f3eabb35c00d1b7cc72ad8862df5a5005397,Magic Spells,2,44100,16
audio/Magic Spells/Alchemy and Spellbooks/MAGMisc_Spellbook set down 3_GfxSounds_FantasyGameBundle.wav,Fantasy Game Bundle/Magic Spells/Alchemy and Spellbooks/MAGMisc_Spellbook set down 3_GfxSounds_FantasyGameBundle.wav,176672,1d3c8a43bab3328741296cf60bcb7b984f8d9d6570ce16652c9a41bd8ed4c253,Magic Spells,2,44100,16
audio/Magic Spells/Alchemy and Spellbooks/MAGMisc_Spellbook set down 4_GfxSounds_FantasyGameBundle.wav,Fantasy Game Bundle/Magic Spells/Alchemy and Spellbooks/MAGMisc_Spellbook set down 4_GfxSounds_FantasyGameBundle.wav,159012,c1d29b9f5c48a39d5cc22d0d433cc1a631ee8392fa0217e9c58ef52dd0c6f430,Magic Spells,2,44100,16
audio/Magic Spells/Alchemy and Spellbooks/MAGMisc_Spellbook set down_GfxSounds_FantasyGameBundle.wav,Fantasy Game Bundle/Magic Spells/Alchemy and Spellbooks/MAGMisc_Spellbook set down_GfxSounds_FantasyGameBundle.wav,82492,2b9f942f7a9fb986467ded324f2bd77344713345a26cb05604bb171c01dc0656,Magic Spells,2,44100,16
audio/Magic Spells/Alchemy and Spellbooks/MAGMisc_Wand sparkle 2_GfxSounds_FantasyGameBundle.wav,Fantasy Game Bundle/Magic Spells/Alchemy and Spellbooks/MAGMisc_Wand sparkle 2_GfxSounds_FantasyGameBundle.wav,1576064,8acfb17884c6e330f4fe931ae72d802846a6c005023806673021c757f3e1d81a,Magic Spells,2,48000,24
audio/Magic Spells/Alchemy and Spellbooks/MAGMisc_Wand sparkle 3_GfxSounds_FantasyGameBundle.wav,Fantasy Game Bundle/Magic Spells/Alchemy and Spellbooks/MAGMisc_Wand sparkle 3_GfxSounds_FantasyGameBundle.wav,1566458,31c165a192e539d859cf52b1bfa24413a0f25fc6268f5c7d23f9812b25ae7c6e,Magic Spells,2,48000,24
audio/Magic Spells/Alchemy and Spellbooks/MAGMisc_Wand sparkle 4_GfxSounds_FantasyGameBundle.wav,Fantasy Game Bundle/Magic Spells/Alchemy and Spellbooks/MAGMisc_Wand sparkle 4_GfxSounds_FantasyGameBundle.wav,1633724,9ea8c4729f04fde15b70bc3325901c87598dec61465381483aa357c97c9b5f27,Magic Spells,2,48000,24
audio/Magic Spells/Alchemy and Spellbooks/MAGMisc_Wand sparkle_GfxSounds_FantasyGameBundle.wav,Fantasy Game Bundle/Magic Spells/Alchemy and Spellbooks/MAGMisc_Wand sparkle_GfxSounds_FantasyGameBundle.wav,1979666,a4d4752d56a57d4a46e5a457a7e657bcb554a56cb12c54baf770508923c35576,Magic Spells,2,48000,24
audio/Magic Spells/Alchemy and Spellbooks/MAGMisc_Witch cauldron boil 2_GfxSounds_FantasyGameBundle.wav,Fantasy Game Bundle/Magic Spells/Alchemy and Spellbooks/MAGMisc_Witch cauldron boil 2_GfxSounds_FantasyGameBundle.wav,1518652,69630cbb209e69044d1abc620f60fc624f1e3a88e4682d6565ae6bcd237c381b,Magic Spells,2,44100,16
audio/Magic Spells/Alchemy and Spellbooks/MAGMisc_Witch cauldron boil_GfxSounds_FantasyGameBundle.wav,Fantasy Game Bundle/Magic Spells/Alchemy and Spellbooks/MAGMisc_Witch cauldron boil_GfxSounds_FantasyGameBundle.wav,1265556,0a6b4fb8d19c5d383549272b926dd6e52726ab02ef9719a2fde681d2de826c66,Magic Spells,2,44100,16
audio/Magic Spells/Alchemy and Spellbooks/MAGMisc_Witch fire cauldron 2_GfxSounds_FantasyGameBundle.wav,Fantasy Game Bundle/Magic Spells/Alchemy and Spellbooks/MAGMisc_Witch fire cauldron 2_GfxSounds_FantasyGameBundle.wav,1436250,c951dcf6c0bcc08d374c0729576e78b292a39fc1923353a727eb498f79b511f2,Magic Spells,2,44100,16
audio/Magic Spells/Alchemy and Spellbooks/MAGMisc_Witch fire cauldron_GfxSounds_FantasyGameBundle.wav,Fantasy Game Bundle/Magic Spells/Alchemy and Spellbooks/MAGMisc_Witch fire cauldron_GfxSounds_FantasyGameBundle.wav,247300,4d109fd306e50f0d524b2b4286f10ec6661eed312b136b70ff8120dcbcd5776f,Magic Spells,2,44100,16
audio/Magic Spells/Alchemy and Spellbooks/MAGMisc_Witch potion preparation_GfxSounds_FantasyGameBundle.wav,Fantasy Game Bundle/Magic Spells/Alchemy and Spellbooks/MAGMisc_Witch potion preparation_GfxSounds_FantasyGameBundle.wav,1512760,a9b5a796ffff878e6bffbb54e1022096d74af1e10618fae11d722744a0c60478,Magic Spells,2,44100,16
audio/Magic Spells/Arcane Summoning/MAGSpel_Arcane energy pulse_GfxSounds_FantasyGameBundle.wav,Fantasy Game Bundle/Magic Spells/Arcane Summoning/MAGSpel_Arcane energy pulse_GfxSounds_FantasyGameBundle.wav,8072156,f7e8e6e798423e666b74695fd80fba9ccdf610266764fa1a0476101d5bb24dfb,Magic Spells,2,48000,24
audio/Magic Spells/Arcane Summoning/MAGSpel_Arcane summoning spell 2_GfxSounds_FantasyGameBundle.wav,Fantasy Game Bundle/Magic Spells/Arcane Summoning/MAGSpel_Arcane summoning spell 2_GfxSounds_FantasyGameBundle.wav,2159144,a9e31a751f73ec432271e8bc773a8099c1d3d1e816dfbc6ccba0ec8c3dd40570,Magic Spells,2,48000,24
audio/Magic Spells/Arcane Summoning/MAGSpel_Arcane summoning spell 3_GfxSounds_FantasyGameBundle.wav,Fantasy Game Bundle/Magic Spells/Arcane Summoning/MAGSpel_Arcane summoning spell 3_GfxSounds_FantasyGameBundle.wav,2028068,1aed4001aaaccca50be31fa5a464094c6fda65b13acbae2833d9bdf444eff4e2,Magic Spells,2,48000,24
audio/Magic Spells/Arcane Summoning/MAGSpel_Arcane summoning spell 4_GfxSounds_FantasyGameBundle.wav,Fantasy Game Bundle/Magic Spells/Arcane Summoning/MAGSpel_Arcane summoning spell 4_GfxSounds_FantasyGameBundle.wav,3456080,75f0ad8c7b4497be11424e65e5e74b49b89adb64e0b91efe7bdf3ad68b2006db,Magic Spells,2,48000,24
audio/Magic Spells/Arcane Summoning/MAGSpel_Arcane summoning spell_GfxSounds_FantasyGameBundle.wav,Fantasy Game Bundle/Magic Spells/Arcane Summoning/MAGSpel_Arcane summoning spell_GfxSounds_FantasyGameBundle.wav,1392080,072e9765fc19e97155581f39c698cc484e8e6810bd171534599072105880e92a,Magic Spells,2,48000,24
audio/Magic Spells/Arcane Summoning/MAGSpel_Druid summoning spell 2_GfxSounds_FantasyGameBundle.wav,Fantasy Game Bundle/Magic Spells/Arcane Summoning/MAGSpel_Druid summoning spell 2_GfxSounds_FantasyGameBundle.wav,315274,124d967321a7b603443eedf1ec850866ffbe8708c035e851362baf108a1f7107,Magic Spells,2,28800,16
audio/Magic Spells/Arcane Summoning/MAGSpel_Druid summoning spell 3_GfxSounds_FantasyGameBundle.wav,Fantasy Game Bundle/Magic Spells/Arcane Summoning/MAGSpel_Druid summoning spell 3_GfxSounds_FantasyGameBundle.wav,342182,25b4353890c4b3dcf2b05536401b80c7a0f3485741389814190a2b6277ed9873,Magic Spells,2,28800,16
audio/Magic Spells/Arcane Summoning/MAGSpel_Druid summoning spell 4_GfxSounds_FantasyGameBundle.wav,Fantasy Game Bundle/Magic Spells/Arcane Summoning/MAGSpel_Druid summoning spell 4_GfxSounds_FantasyGameBundle.wav,403682,626db3ff877d1fa0d505f244f35343f44c704427e95db544dc9ce10e1a0ceacb,Magic Spells,2,28800,16
audio/Magic Spells/Arcane Summoning/MAGSpel_Druid summoning spell_GfxSounds_FantasyGameBundle.wav,Fantasy Game Bundle/Magic Spells/Arcane Summoning/MAGSpel_Druid summoning spell_GfxSounds_FantasyGameBundle.wav,453654,5439af569ea41c0344620ef0ab34154a9fea49434f3778f9abe734d540d5e3a0,Magic Spells,2,28800,16
audio/Magic Spells/Arcane Summoning/MAGSpel_Lightning lance cast_GfxSounds_FantasyGameBundle.wav,Fantasy Game Bundle/Magic Spells/Arcane Summoning/MAGSpel_Lightning lance cast_GfxSounds_FantasyGameBundle.wav,273630,31baee326cc9ffe0b6e8a3f1f9a49424cb6a1061405ee0391f64385ab667c81c,Magic Spells,2,33600,16
audio/Magic Spells/Dark Necromancy/MAGEvil_Dark magic spell 2_GfxSounds_FantasyGameBundle.wav,Fantasy Game Bundle/Magic Spells/Dark Necromancy/MAGEvil_Dark magic spell 2_GfxSounds_FantasyGameBundle.wav,676594,812d5eb3a5bca1f69cccabac4dbcdd6958cd6c18bc412d122e104e7d89716488,Magic Spells,2,38400,16
audio/Magic Spells/Dark Necromancy/MAGEvil_Dark magic spell 3_GfxSounds_FantasyGameBundle.wav,Fantasy Game Bundle/Magic Spells/Dark Necromancy/MAGEvil_Dark magic spell 3_GfxSounds_FantasyGameBundle.wav,492094,bcbf385343e31b329e46f258681bdcbdef93fdd776672790b5d853e0d8632d29,Magic Spells,2,38400,16
audio/Magic Spells/Dark Necromancy/MAGEvil_Dark magic spell 4_GfxSounds_FantasyGameBundle.wav,Fantasy Game Bundle/Magic Spells/Dark Necromancy/MAGEvil_Dark magic spell 4_GfxSounds_FantasyGameBundle.wav,1584134,55ab1b1549d63a57e5428cbd278438b7e313d9c151cbc1cfd16866be6c8f0808,Magic Spells,2,48000,24
audio/Magic Spells/Dark Necromancy/MAGEvil_Dark magic spell 5_GfxSounds_FantasyGameBundle.wav,Fantasy Game Bundle/Magic Spells/Dark Necromancy/MAGEvil_Dark magic spell 5_GfxSounds_FantasyGameBundle.wav,864080,532876676d49492596fc8a3e6e1f2ca4023c68a3c74247262d9b2d87440f73ef,Magic Spells,2,48000,24
audio/Magic Spells/Dark Necromancy/MAGEvil_Dark magic spell 6_GfxSounds_FantasyGameBundle.wav,Fantasy Game Bundle/Magic Spells/Dark Necromancy/MAGEvil_Dark magic spell 6_GfxSounds_FantasyGameBundle.wav,1296044,4f6beddd7dc49a294eaac09e18c069c0eac6bb9bd0cd10427104f2cb42f06ab2,Magic Spells,2,48000,24
audio/Magic Spells/Dark Necromancy/MAGEvil_Dark magic spell 7_GfxSounds_FantasyGameBundle.wav,Fantasy Game Bundle/Magic Spells/Dark Necromancy/MAGEvil_Dark magic spell 7_GfxSounds_FantasyGameBundle.wav,1224098,9b260f71b21e74daff04b55860393c5b0c57fbf0e029cdda054e7ba8ad68bc16,Magic Spells,2,48000,24
audio/Magic Spells/Dark Necromancy/MAGEvil_Dark magic spell_GfxSounds_FantasyGameBundle.wav,Fantasy Game Bundle/Magic Spells/Dark Necromancy/MAGEvil_Dark magic spell_GfxSounds_FantasyGameBundle.wav,579218,5a6f4d54092c7d3b70df87690161b64ae652e06040257f4ba9adf16cc632974b,Magic Spells,2,38400,16
audio/Magic Spells/Dark Necromancy/MAGEvil_Large dark orb_GfxSounds_FantasyGameBundle.wav,Fantasy Game Bundle/Magic Spells/Dark Necromancy/MAGEvil_Large dark orb_GfxSounds_FantasyGameBundle.wav,381262,27fbef1fc5832f5bbf1709a079c8c058a1e0a8edbf52717c81346e0d00cbd1f6,Magic Spells,2,33600,16
audio/Magic Spells/Dark Necromancy/MAGEvil_Life drain spell_GfxSounds_FantasyGameBundle.wav,Fantasy Game Bundle/Magic Spells/Dark Necromancy/MAGEvil_Life drain spell_GfxSounds_FantasyGameBundle.wav,215334,e87dfae999809043ab138a1427e03dc7bf1b4ce2d27ba10853f2cedff8b221fe,Magic Spells,2,33600,16
audio/Magic Spells/Dark Necromancy/MAGEvil_Small dark orb_GfxSounds_FantasyGameBundle.wav,Fantasy Game Bundle/Magic Spells/Dark Necromancy/MAGEvil_Small dark orb_GfxSounds_FantasyGameBundle.wav,242242,c380e4b5ac064fedec175518c6f456fa287c3c9bed0c941b890e10b4d91b450b,Magic Spells,2,33600,16
audio/Magic Spells/Dark Necromancy/MAGEvil_Sorcery cast_GfxSounds_FantasyGameBundle.wav,Fantasy Game Bundle/Magic Spells/Dark Necromancy/MAGEvil_Sorcery cast_GfxSounds_FantasyGameBundle.wav,679172,4fd32cdf0a1531dd4af40fd0be9091c15c8bcc9f9bde3d898adfdf617dc76c68,Magic Spells,2,48000,16
audio/Magic Spells/Dark Necromancy/MAGEvil_Sorcery curse mark_GfxSounds_FantasyGameBundle.wav,Fantasy Game Bundle/Magic Spells/Dark Necromancy/MAGEvil_Sorcery curse mark_GfxSounds_FantasyGameBundle.wav,448540,44f996e142df221d81dfdba2b4d4212034fcb6e20b221879fb0879a809edcdff,Magic Spells,2,48000,16
audio/Magic Spells/Dark Necromancy/MAGEvil_Sorcery dark orb_GfxSounds_FantasyGameBundle.wav,Fantasy Game Bundle/Magic Spells/Dark Necromancy/MAGEvil_Sorcery dark orb_GfxSounds_FantasyGameBundle.wav,743236,d308169d04018f9224986ae5bc9693ae5ae222c2ecae05fec2c33d50d814e8b6,Magic Spells,2,48000,16
audio/Magic Spells/Dark Necromancy/MAGEvil_Sorcery shadow whispers_GfxSounds_FantasyGameBundle.wav,Fantasy Game Bundle/Magic Spells/Dark Necromancy/MAGEvil_Sorcery shadow whispers_GfxSounds_FantasyGameBundle.wav,480572,6f433683416f1c2d8ed01cf2fc494b5ee61e82260960f6064617fc0c90b88bfe,Magic Spells,2,48000,16
audio/Magic Spells/Elemental Magic/Elemental Earth Nature/MAGElem_Earth spell earth shaking_GfxSounds_FantasyGameBundle.wav,Fantasy Game Bundle/Magic Spells/Elemental Magic/Elemental Earth Nature/MAGElem_Earth spell earth shaking_GfxSounds_FantasyGameBundle.wav,1512004,52f8ce052972bd57b6aa9a285be538dfe2cede31528a40110687dd4df7617059,Magic Spells,2,48000,16
audio/Magic Spells/Elemental Magic/Elemental Earth Nature/MAGElem_Earth spell ground shield_GfxSounds_FantasyGameBundle.wav,Fantasy Game Bundle/Magic Spells/Elemental Magic/Elemental Earth Nature/MAGElem_Earth spell ground shield_GfxSounds_FantasyGameBundle.wav,711200,410c77eb18fe53ad052cc50641cb2215ecca55ac60717fe01c42fb7efe17edc6,Magic Spells,2,48000,16
audio/Magic Spells/Elemental Magic/Elemental Earth Nature/MAGElem_Earth spell large impact_GfxSounds_FantasyGameBundle.wav,Fantasy Game Bundle/Magic Spells/Elemental Magic/Elemental Earth Nature/MAGElem_Earth spell large impact_GfxSounds_FantasyGameBundle.wav,647140,a23a18ed0abc98391e07edade9448bd06d08ac3cea85fb124974d38b75a79e54,Magic Spells,2,48000,16
audio/Magic Spells/Elemental Magic/Elemental Earth Nature/MAGElem_Earth spell small impact_GfxSounds_FantasyGameBundle.wav,Fantasy Game Bundle/Magic Spells/Elemental Magic/Elemental Earth Nature/MAGElem_Earth spell small impact_GfxSounds_FantasyGameBundle.wav,493388,cdecac61c51306544343ae27255a7078e81932a7bf9388134aefd046c5f87a2d,Magic Spells,2,48000,16
audio/Magic Spells/Elemental Magic/Elemental Earth Nature/MAGElem_Earth spell terrain manipulation 2_GfxSounds_FantasyGameBundle.wav,Fantasy Game Bundle/Magic Spells/Elemental Magic/Elemental Earth Nature/MAGElem_Earth spell terrain manipulation 2_GfxSounds_FantasyGameBundle.wav,2184672,2806b34dcc257af7a2f24c7080d0f9cb177b7bb9f96f7c47ea49330d5ea2bb8d,Magic Spells,2,48000,16
audio/Magic Spells/Elemental Magic/Elemental Earth Nature/MAGElem_Earth spell terrain manipulation_GfxSounds_FantasyGameBundle.wav,Fantasy Game Bundle/Magic Spells/Elemental Magic/Elemental Earth Nature/MAGElem_Earth spell terrain manipulation_GfxSounds_FantasyGameBundle.wav,422916,fe9acd459e7b715fa9e36bff1ce9808a32ed2a87b4642ccdefb547f06215e5d5,Magic Spells,2,48000,16
audio/Magic Spells/Elemental Magic/Elemental Earth Nature/MAGElem_Magical forest growth 2_GfxSounds_FantasyGameBundle.wav,Fantasy Game Bundle/Magic Spells/Elemental Magic/Elemental Earth Nature/MAGElem_Magical forest growth 2_GfxSounds_FantasyGameBundle.wav,2736152,b15899479c1bcc959a416128b2a164ea0122ae569eeaa9c2ec0c843b59a41b6e,Magic Spells,2,48000,24
audio/Magic Spells/Elemental Magic/Elemental Earth Nature/MAGElem_Magical forest growth 3_GfxSounds_FantasyGameBundle.wav,Fantasy Game Bundle/Magic Spells/Elemental Magic/Elemental Earth Nature/MAGElem_Magical forest growth 3_GfxSounds_FantasyGameBundle.wav,2016080,c188b858b3b32ca5da1324a14755efee15327949a714fa9c306016e18bc97e99,Magic Spells,2,48000,24
audio/Magic Spells/Elemental Magic/Elemental Earth Nature/MAGElem_Magical forest growth 4_GfxSounds_FantasyGameBundle.wav,Fantasy Game Bundle/Magic Spells/Elemental Magic/Elemental Earth Nature/MAGElem_Magical forest growth 4_GfxSounds_FantasyGameBundle.wav,2790080,668d2e3a9210090bece058dec5cb7ab3c203ece62df9bd5133fba0fc6339ff41,Magic Spells,2,48000,24
audio/Magic Spells/Elemental Magic/Elemental Earth Nature/MAGElem_Magical forest growth_GfxSounds_FantasyGameBundle.wav,Fantasy Game Bundle/Magic Spells/Elemental Magic/Elemental Earth Nature/MAGElem_Magical forest growth_GfxSounds_FantasyGameBundle.wav,3915080,e8f520af028d37719bd23bb6bc20c3c1a09d6c85fe533bf53b9e8e6f6f0178b0,Magic Spells,2,48000,24
audio/Magic Spells/Elemental Magic/Elemental Earth Nature/MAGElem_Nature spell boulder smash_GfxSounds_FantasyGameBundle.wav,Fantasy Game Bundle/Magic Spells/Elemental Magic/Elemental Earth Nature/MAGElem_Nature spell boulder smash_GfxSounds_FantasyGameBundle.wav,1191684,c18bbd963f8764a948b7bec042209deaf25aae53d14ede5e7bf8c276cf7959bb,Magic Spells,2,48000,16
audio/Magic Spells/Elemental Magic/Elemental Earth Nature/MAGElem_Nature spell earth splitter_GfxSounds_FantasyGameBundle.wav,Fantasy Game Bundle/Magic Spells/Elemental Magic/Elemental Earth Nature/MAGElem_Nature spell earth splitter_GfxSounds_FantasyGameBundle.wav,1383872,71d3a4d754766b7156ad76791e8d422b566f0c1dccfe24ae2fa8c7947c8efe9c,Magic Spells,2,48000,16
audio/Magic Spells/Elemental Magic/Elemental Earth Nature/MAGElem_Nature spell entangling roots 2_GfxSounds_FantasyGameBundle.wav,Fantasy Game Bundle/Magic Spells/Elemental Magic/Elemental Earth Nature/MAGElem_Nature spell entangling roots 2_GfxSounds_FantasyGameBundle.wav,397288,899967651300bfc025ca7214a4b17ec4cbedae8b6233e4450956e92dce689acc,Magic Spells,2,48000,16
audio/Magic Spells/Elemental Magic/Elemental Earth Nature/MAGElem_Nature spell entangling roots_GfxSounds_FantasyGameBundle.wav,Fantasy Game Bundle/Magic Spells/Elemental Magic/Elemental Earth Nature/MAGElem_Nature spell entangling roots_GfxSounds_FantasyGameBundle.wav,679172,91efa20eef39e133be7da759a02d3eaed692d42a4e7d07f3f885e3055cd7e80d,Magic Spells,2,48000,16
audio/Magic Spells/Elemental Magic/Elemental Earth Nature/MAGElem_Nature spell nature manipulation_GfxSounds_FantasyGameBundle.wav,Fantasy Game Bundle/Magic Spells/Elemental Magic/Elemental Earth Nature/MAGElem_Nature spell nature manipulation_GfxSounds_FantasyGameBundle.wav,967460,b4b7ae150824ea9e5cefc7cb492dab541b6bd3c71ef6ae596d0990cf07bcd2c9,Magic Spells,2,48000,16
audio/Magic Spells/Elemental Magic/Elemental Earth Nature/MAGElem_Nature spell wood spikes_GfxSounds_FantasyGameBundle.wav,Fantasy Game Bundle/Magic Spells/Elemental Magic/Elemental Earth Nature/MAGElem_Nature spell wood spikes_GfxSounds_FantasyGameBundle.wav,474168,01584caad53b2837bc19e50a5a6be99783efc9e3d33269280b8a440ef268237a,Magic Spells,2,48000,16
audio/Magic Spells/Elemental Magic/Elemental Fire/MAGElem_Fire spell double attack_GfxSounds_FantasyGameBundle.wav,Fantasy Game Bundle/Magic Spells/Elemental Magic/Elemental Fire/MAGElem_Fire spell double attack_GfxSounds_FantasyGameBundle.wav,595888,b0d7d9210f4ed14cb3601c6f339b04a12d47a227d4de10687bdc30d1be357cd8,Magic Spells,2,48000,16
audio/Magic Spells/Elemental Magic/Elemental Fire/MAGElem_Fire spell firewall_GfxSounds_FantasyGameBundle.wav,Fantasy Game Bundle/Magic Spells/Elemental Magic/Elemental Fire/MAGElem_Fire spell firewall_GfxSounds_FantasyGameBundle.wav,903392,7bd42d02bfd7d90185394c2d0b1f45829a1200046a03ff43b803ad2f63bffbea,Magic Spells,2,48000,16
audio/Magic Spells/Elemental Magic/Elemental Fire/MAGElem_Fire spell short attack 2_GfxSounds_FantasyGameBundle.wav,Fantasy Game Bundle/Magic Spells/Elemental Magic/Elemental Fire/MAGElem_Fire spell short attack 2_GfxSounds_FantasyGameBundle.wav,627920,d825b0f09101f527685bbc95b2393dfbc3bef462d8c3597707f33d05b4bdf91a,Magic Spells,2,48000,16
audio/Magic Spells/Elemental Magic/Elemental Fire/MAGElem_Fire spell short attack 3_GfxSounds_FantasyGameBundle.wav,Fantasy Game Bundle/Magic Spells/Elemental Magic/Elemental Fire/MAGElem_Fire spell short attack 3_GfxSounds_FantasyGameBundle.wav,730420,540229828bcb0b75876389e412d1f7bee6db60efd4894005f20cface9dbfd76f,Magic Spells,2,48000,16
audio/Magic Spells/Elemental Magic/Elemental Fire/MAGElem_Fire spell short attack_GfxSounds_FantasyGameBundle.wav,Fantasy Game Bundle/Magic Spells/Elemental Magic/Elemental Fire/MAGElem_Fire spell short attack_GfxSounds_FantasyGameBundle.wav,346036,b2ce1791965e0c15cc9d94506f982326425843021a6748b48b0379bc699e66e9,Magic Spells,2,48000,16
audio/Magic Spells/Elemental Magic/Elemental Fire/MAGElem_Fireball cast impact 2_GfxSounds_FantasyGameBundle.wav,Fantasy Game Bundle/Magic Spells/Elemental Magic/Elemental Fire/MAGElem_Fireball cast impact 2_GfxSounds_FantasyGameBundle.wav,233270,22328767d2872034de049d7c59a8fb8cc6e5d1113518e9e0eb936d1803df99aa,Magic Spells,2,33600,16
audio/Magic Spells/Elemental Magic/Elemental Fire/MAGElem_Fireball cast impact 3_GfxSounds_FantasyGameBundle.wav,Fantasy Game Bundle/Magic Spells/Elemental Magic/Elemental Fire/MAGElem_Fireball cast impact 3_GfxSounds_FantasyGameBundle.wav,394444,0394ebead99ac8453c069a294a21d54b9ed367e2c59b16097cb81eea6c9c16f5,Magic Spells,2,44100,16
audio/Magic Spells/Elemental Magic/Elemental Fire/MAGElem_Fireball cast impact_GfxSounds_FantasyGameBundle.wav,Fantasy Game Bundle/Magic Spells/Elemental Magic/Elemental Fire/MAGElem_Fireball cast impact_GfxSounds_FantasyGameBundle.wav,251210,b40a54a8538f1977e4838b135bc42ea0b82220360e4b2313eaa94440c4438678,Magic Spells,2,33600,16
audio/Magic Spells/Elemental Magic/Elemental Fire/MAGElem_Heavy flame whoosh 2_GfxSounds_FantasyGameBundle.wav,Fantasy Game Bundle/Magic Spells/Elemental Magic/Elemental Fire/MAGElem_Heavy flame whoosh 2_GfxSounds_FantasyGameBundle.wav,176668,55263c688155e89694a3c65a775d87d998e28cf9eaa0c3f8793511a3e344a50a,Magic Spells,2,44100,16
audio/Magic Spells/Elemental Magic/Elemental Fire/MAGElem_Heavy flame whoosh 3_GfxSounds_FantasyGameBundle.wav,Fantasy Game Bundle/Magic Spells/Elemental Magic/Elemental Fire/MAGElem_Heavy flame whoosh 3_GfxSounds_FantasyGameBundle.wav,164896,f8f4b4e6f0104cc35264cc3e9c9f8bbd6cdd6c55c96e3dbbc1ff99770549f1df,Magic Spells,2,44100,16
audio/Magic Spells/Elemental Magic/Elemental Fire/MAGElem_Heavy flame whoosh 4_GfxSounds_FantasyGameBundle.wav,Fantasy Game Bundle/Magic Spells/Elemental Magic/Elemental Fire/MAGElem_Heavy flame whoosh 4_GfxSounds_FantasyGameBundle.wav,341472,a2926287caaf30fb347de9a831cb7f2867fc487fe93c13ddf458a54bc1349d1b,Magic Spells,2,44100,16
audio/Magic Spells/Elemental Magic/Elemental Fire/MAGElem_Heavy flame whoosh_GfxSounds_FantasyGameBundle.wav,Fantasy Game Bundle/Magic Spells/Elemental Magic/Elemental Fire/MAGElem_Heavy flame whoosh_GfxSounds_FantasyGameBundle.wav,164896,bdcffdc84e9f81081b20785b9b82126eafda79a3f481f2db78af1db7884eb5a8,Magic Spells,2,44100,16
audio/Magic Spells/Elemental Magic/Elemental Fire/MAGElem_Wizard dragon breath spell_GfxSounds_FantasyGameBundle.wav,Fantasy Game Bundle/Magic Spells/Elemental Magic/Elemental Fire/MAGElem_Wizard dragon breath spell_GfxSounds_FantasyGameBundle.wav,1109336,630d026959ac4f908d5952837374736b707c32d0bf52512329be063fa95425f2,Magic Spells,2,48000,24
audio/Magic Spells/Elemental Magic/Elemental Fire/MAGElem_Wizard fire chant_GfxSounds_FantasyGameBundle.wav,Fantasy Game Bundle/Magic Spells/Elemental Magic/Elemental Fire/MAGElem_Wizard fire chant_GfxSounds_FantasyGameBundle.wav,903374,fe50b33da726461f9a40ee0a4b43f6cfdfe11ec156ce0851fcf3e324b89a2649,Magic Spells,2,48000,24
audio/Magic Spells/Elemental Magic/Elemental Fire/MAGElem_Wizard infernal flames_GfxSounds_FantasyGameBundle.wav,Fantasy Game Bundle/Magic Spells/Elemental Magic/Elemental Fire/MAGElem_Wizard infernal flames_GfxSounds_FantasyGameBundle.wav,970664,79507b8d39930845c9ff55cf0a5b316a9d78027b426aad8b837243522c71796a,Magic Spells,2,48000,24
audio/Magic Spells/Elemental Magic/Elemental Fire/MAGElem_Wizard wyrm fire spell_GfxSounds_FantasyGameBundle.wav,Fantasy Game Bundle/Magic Spells/Elemental Magic/Elemental Fire/MAGElem_Wizard wyrm fire spell_GfxSounds_FantasyGameBundle.wav,785222,1764c7724f59581399feba3549b7c9dcb905543004d473a634c4f10f867170fc,Magic Spells,2,48000,24
audio/Magic Spells/Elemental Magic/Elemental Ice/MAGElem_Ice spell cast hit 2_GfxSounds_FantasyGameBundle.wav,Fantasy Game Bundle/Magic Spells/Elemental Magic/Elemental Ice/MAGElem_Ice spell cast hit 2_GfxSounds_FantasyGameBundle.wav,376774,d680c4f3fbf9ddf7cdffb1d4d418d70c4b7058ee5de539163d08195fdcf3d40f,Magic Spells,2,33600,16
audio/Magic Spells/Elemental Magic/Elemental Ice/MAGElem_Ice spell cast hit_GfxSounds_FantasyGameBundle.wav,Fantasy Game Bundle/Magic Spells/Elemental Magic/Elemental Ice/MAGElem_Ice spell cast hit_GfxSounds_FantasyGameBundle.wav,318474,096d84b43d2fa3c51181dcca5f28a65bdd83f92787fe7d0d738e2acb8d7ca7f9,Magic Spells,2,33600,16
audio/Magic Spells/Elemental Magic/Elemental Ice/MAGElem_Ice spell freezing_GfxSounds_FantasyGameBundle.wav,Fantasy Game Bundle/Magic Spells/Elemental Magic/Elemental Ice/MAGElem_Ice spell freezing_GfxSounds_FantasyGameBundle.wav,730424,8c7a19e34059471f9f6570d294dde19f12a6d4dbc9ac9cf23459f0eb63e7f581,Magic Spells,2,48000,16
audio/Magic Spells/Elemental Magic/Elemental Ice/MAGElem_Ice spell ice manipulation_GfxSounds_FantasyGameBundle.wav,Fantasy Game Bundle/Magic Spells/Elemental Magic/Elemental Ice/MAGElem_Ice spell ice manipulation_GfxSounds_FantasyGameBundle.wav,1037932,14ada5ea706e708d2bd92d52e00f79f6f63a4f99fba51ff8469785018bdb2811,Magic Spells,2,48000,16
audio/Magic Spells/Elemental Magic/Elemental Ice/MAGElem_Ice spell large impact 2_GfxSounds_FantasyGameBundle.wav,Fantasy Game Bundle/Magic Spells/Elemental Magic/Elemental Ice/MAGElem_Ice spell large impact 2_GfxSounds_FantasyGameBundle.wav,365256,6176b747e6c54e5f82893ba441f5d62eefe25849828c8a4601028965b14c45c3,Magic Spells,2,48000,16
audio/Magic Spells/Elemental Magic/Elemental Ice/MAGElem_Ice spell large impact_GfxSounds_FantasyGameBundle.wav,Fantasy Game Bundle/Magic Spells/Elemental Magic/Elemental Ice/MAGElem_Ice spell large impact_GfxSounds_FantasyGameBundle.wav,589484,ca22ff200fc82cf4caf2ad80e4a186d9778b35000c3d43955598b289fdcc03d2,Magic Spells,2,48000,16
audio/Magic Spells/Elemental Magic/Elemental Ice/MAGElem_Ice spell small impact 2_GfxSounds_FantasyGameBundle.wav,Fantasy Game Bundle/Magic Spells/Elemental Magic/Elemental Ice/MAGElem_Ice spell small impact 2_GfxSounds_FantasyGameBundle.wav,365256,bd93f03ffcbc59677da505688e5ac110566dfad37b0a5d7c8c093fecb64ff50e,Magic Spells,2,48000,16
audio/Magic Spells/Elemental Magic/Elemental Ice/MAGElem_Ice spell small impact_GfxSounds_FantasyGameBundle.wav,Fantasy Game Bundle/Magic Spells/Elemental Magic/Elemental Ice/MAGElem_Ice spell small impact_GfxSounds_FantasyGameBundle.wav,589480,ef460875043a6795f32b6faf08aaba2ad11607224c739a000ad3114f03f32906,Magic Spells,2,48000,16
audio/Magic Spells/Elemental Magic/Elemental Water/MAGElem_Water spell large impact 2_GfxSounds_FantasyGameBundle.wav,Fantasy Game Bundle/Magic Spells/Elemental Magic/Elemental Water/MAGElem_Water spell large impact 2_GfxSounds_FantasyGameBundle.wav,717608,c1b48e585f0ca68ae2ae6f4596732caeb7379f39868b9196bb09cc90cc82805c,Magic Spells,2,48000,16
audio/Magic Spells/Elemental Magic/Elemental Water/MAGElem_Water spell large impact_GfxSounds_FantasyGameBundle.wav,Fantasy Game Bundle/Magic Spells/Elemental Magic/Elemental Water/MAGElem_Water spell large impact_GfxSounds_FantasyGameBundle.wav,756048,fb188a76ab75c82834b9b4d0fd33fc65a666aad6c821aa6f7ab9eeb7b9219215,Magic Spells,2,48000,16
audio/Magic Spells/Elemental Magic/Elemental Water/MAGElem_Water spell magic sphere_GfxSounds_FantasyGameBundle.wav,Fantasy Game Bundle/Magic Spells/Elemental Magic/Elemental Water/MAGElem_Water spell magic sphere_GfxSounds_FantasyGameBundle.wav,672764,ae4df210dfb662941dade533c7125087eca0e8e967b08d5f9c032e9e7de563e5,Magic Spells,2,48000,16
audio/Magic Spells/Elemental Magic/Elemental Water/MAGElem_Water spell small impact_GfxSounds_FantasyGameBundle.wav,Fantasy Game Bundle/Magic Spells/Elemental Magic/Elemental Water/MAGElem_Water spell small impact_GfxSounds_FantasyGameBundle.wav,461352,7e913a620b27a3bc1ecd0a5ef96df9f4e1a312d345e435abd024c88009d9c447,Magic Spells,2,48000,16
audio/Magic Spells/Elemental Magic/Elemental Water/MAGElem_Water spell water manipulation_GfxSounds_FantasyGameBundle.wav,Fantasy Game Bundle/Magic Spells/Elemental Magic/Elemental Water/MAGElem_Water spell water manipulation_GfxSounds_FantasyGameBundle.wav,1787476,2543e867cf563546c17f3e8669c26c9f5826666cbc4063b7a6b69b58c68581c2,Magic Spells,2,48000,16
audio/Magic Spells/Fairy Whimsical/MAGPoof_Whimsical magic poof 2_GfxSounds_FantasyGameBundle.wav,Fantasy Game Bundle/Magic Spells/Fairy Whimsical/MAGPoof_Whimsical magic poof 2_GfxSounds_FantasyGameBundle.wav,1296044,4f6beddd7dc49a294eaac09e18c069c0eac6bb9bd0cd10427104f2cb42f06ab2,Magic Spells,2,48000,24
audio/Magic Spells/Fairy Whimsical/MAGPoof_Whimsical magic poof 3_GfxSounds_FantasyGameBundle.wav,Fantasy Game Bundle/Magic Spells/Fairy Whimsical/MAGPoof_Whimsical magic poof 3_GfxSounds_FantasyGameBundle.wav,864080,532876676d49492596fc8a3e6e1f2ca4023c68a3c74247262d9b2d87440f73ef,Magic Spells,2,48000,24
audio/Magic Spells/Fairy Whimsical/MAGPoof_Whimsical magic poof 4_GfxSounds_FantasyGameBundle.wav,Fantasy Game Bundle/Magic Spells/Fairy Whimsical/MAGPoof_Whimsical magic poof 4_GfxSounds_FantasyGameBundle.wav,1584134,55ab1b1549d63a57e5428cbd278438b7e313d9c151cbc1cfd16866be6c8f0808,Magic Spells,2,48000,24
audio/Magic Spells/Fairy Whimsical/MAGPoof_Whimsical magic poof_GfxSounds_FantasyGameBundle.wav,Fantasy Game Bundle/Magic Spells/Fairy Whimsical/MAGPoof_Whimsical magic poof_GfxSounds_FantasyGameBundle.wav,1224098,9b260f71b21e74daff04b55860393c5b0c57fbf0e029cdda054e7ba8ad68bc16,Magic Spells,2,48000,24
audio/Magic Spells/Fairy Whimsical/MAGShim_Fairy arrival 2_GfxSounds_FantasyGameBundle.wav,Fantasy Game Bundle/Magic Spells/Fairy Whimsical/MAGShim_Fairy arrival 2_GfxSounds_FantasyGameBundle.wav,1873964,a797954def90648f8d1a5d679581f7a639fd2abf130e52caac61321a016a2323,Magic Spells,2,48000,24
audio/Magic Spells/Fairy Whimsical/MAGShim_Fairy arrival 3_GfxSounds_FantasyGameBundle.wav,Fantasy Game Bundle/Magic Spells/Fairy Whimsical/MAGShim_Fairy arrival 3_GfxSounds_FantasyGameBundle.wav,1873964,c0dc2b665f5ba256b6e35b8079976c66fb24a02f8191a0fa9bd03f3f33b119e7,Magic Spells,2,48000,24
audio/Magic Spells/Fairy Whimsical/MAGShim_Fairy arrival 4_GfxSounds_FantasyGameBundle.wav,Fantasy Game Bundle/Magic Spells/Fairy Whimsical/MAGShim_Fairy arrival 4_GfxSounds_FantasyGameBundle.wav,1864358,218886aeaf24eaae11cb4a93e9693cea238d1042484b68e9a9e02f6ed1e1d543,Magic Spells,2,48000,24
audio/Magic Spells/Fairy Whimsical/MAGShim_Fairy arrival_GfxSounds_FantasyGameBundle.wav,Fantasy Game Bundle/Magic Spells/Fairy Whimsical/MAGShim_Fairy arrival_GfxSounds_FantasyGameBundle.wav,1806698,fad7bbbdcb6ad4f08c434ca37c67d90540f75fa05fdb57ef21690c67b6826ab6,Magic Spells,2,48000,24
audio/Magic Spells/Fairy Whimsical/MAGShim_Fairy chimes 2_GfxSounds_FantasyGameBundle.wav,Fantasy Game Bundle/Magic Spells/Fairy Whimsical/MAGShim_Fairy chimes 2_GfxSounds_FantasyGameBundle.wav,2162256,1ee5cf78e4a7056259e21a348040181a1475b8dbd58f61dc9179c82fefb15927,Magic Spells,2,48000,24
audio/Magic Spells/Fairy Whimsical/MAGShim_Fairy chimes 3_GfxSounds_FantasyGameBundle.wav,Fantasy Game Bundle/Magic Spells/Fairy Whimsical/MAGShim_Fairy chimes 3_GfxSounds_FantasyGameBundle.wav,2018112,3ffa29b8c021d2ea254546ccc7957a04be449004363f60df460cf13ec26493f0,Magic Spells,2,48000,24
audio/Magic Spells/Fairy Whimsical/MAGShim_Fairy chimes_GfxSounds_FantasyGameBundle.wav,Fantasy Game Bundle/Magic Spells/Fairy Whimsical/MAGShim_Fairy chimes_GfxSounds_FantasyGameBundle.wav,2219916,28a72e363c8170989c9c0bd02b3b3af92bc7bdd8349ae6141238aa484b1af9af,Magic Spells,2,48000,24
audio/Magic Spells/Fairy Whimsical/MAGShim_Fairy dust sparkles 2_GfxSounds_FantasyGameBundle.wav,Fantasy Game Bundle/Magic Spells/Fairy Whimsical/MAGShim_Fairy dust sparkles 2_GfxSounds_FantasyGameBundle.wav,932226,34bdb297bbad798117d91f27349056aae53b2a3b0bb6d06930ac07b04afd6e49,Magic Spells,2,48000,24
audio/Magic Spells/Fairy Whimsical/MAGShim_Fairy dust sparkles 3_GfxSounds_FantasyGameBundle.wav,Fantasy Game Bundle/Magic Spells/Fairy Whimsical/MAGShim_Fairy dust sparkles 3_GfxSounds_FantasyGameBundle.wav,643938,523cbb9fdbde28999fc7e0b0bef6161a4f1d4e68a82fce757b1b85c71a46a208,Magic Spells,2,48000,24
audio/Magic Spells/Fairy Whimsical/MAGShim_Fairy dust sparkles 4_GfxSounds_FantasyGameBundle.wav,Fantasy Game Bundle/Magic Spells/Fairy Whimsical/MAGShim_Fairy dust sparkles 4_GfxSounds_FantasyGameBundle.wav,643938,0cd5888047cbae7b2b21beb7e1410692e4060014407d2638b4fb9fba50222969,Magic Spells,2,48000,24
audio/Magic Spells/Fairy Whimsical/MAGShim_Fairy dust sparkles_GfxSounds_FantasyGameBundle.wav,Fantasy Game Bundle/Magic Spells/Fairy Whimsical/MAGShim_Fairy dust sparkles_GfxSounds_FantasyGameBundle.wav,903402,fde3654aeb7c3a0631a9b317cd5b36b1f6eaf44e69dde72c40da0cd9fb6b67b4,Magic Spells,2,48000,24
audio/Magic Spells/Fairy Whimsical/MAGShim_Fairy magic touch 2_GfxSounds_FantasyGameBundle.wav,Fantasy Game Bundle/Magic Spells/Fairy Whimsical/MAGShim_Fairy magic touch 2_GfxSounds_FantasyGameBundle.wav,682376,584f0cb693415e812629b9989fd1d292ea786866dbc02fc494d3045f7f6c4178,Magic Spells,2,48000,24
audio/Magic Spells/Fairy Whimsical/MAGShim_Fairy magic touch 3_GfxSounds_FantasyGameBundle.wav,Fantasy Game Bundle/Magic Spells/Fairy Whimsical/MAGShim_Fairy magic touch 3_GfxSounds_FantasyGameBundle.wav,634322,b590334fa7db356aa8f9ab81a93fa4693b4b82163cde1d9e64a2b589e8066a28,Magic Spells,2,48000,24
audio/Magic Spells/Fairy Whimsical/MAGShim_Fairy magic touch 4_GfxSounds_FantasyGameBundle.wav,Fantasy Game Bundle/Magic Spells/Fairy Whimsical/MAGShim_Fairy magic touch 4_GfxSounds_FantasyGameBundle.wav,595886,c955935d4c36cf1fcbd96b53086879cd7fe4893052559d669a778e67301d913b,Magic Spells,2,48000,24
audio/Magic Spells/Fairy Whimsical/MAGShim_Fairy magic touch_GfxSounds_FantasyGameBundle.wav,Fantasy Game Bundle/Magic Spells/Fairy Whimsical/MAGShim_Fairy magic touch_GfxSounds_FantasyGameBundle.wav,663158,9d44ef0b73020e5b8187c15e3f0c8ae13d42740a25b9d46840980099c7500b0c,Magic Spells,2,48000,24
audio/Magic Spells/Fairy Whimsical/WINGCrea_Fairy wing flutter 2_GfxSounds_FantasyGameBundle.wav,Fantasy Game Bundle/Magic Spells/Fairy Whimsical/WINGCrea_Fairy wing flutter 2_GfxSounds_FantasyGameBundle.wav,1729820,8bb698aefffca20555c5c09c552ed23d3a39134d82ee876ec0475d2c0288a84f,Magic Spells,2,48000,24
audio/Magic Spells/Fairy Whimsical/WINGCrea_Fairy wing flutter 3_GfxSounds_FantasyGameBundle.wav,Fantasy Game Bundle/Magic Spells/Fairy Whimsical/WINGCrea_Fairy wing flutter 3_GfxSounds_FantasyGameBundle.wav,1873964,e2a2bbfe7d99215102729a00c031565ebc891fb249786e5009bd1ff46cdf8cda,Magic Spells,2,48000,24
audio/Magic Spells/Fairy Whimsical/WINGCrea_Fairy wing flutter 4_GfxSounds_FantasyGameBundle.wav,Fantasy Game Bundle/Magic Spells/Fairy Whimsical/WINGCrea_Fairy wing flutter 4_GfxSounds_FantasyGameBundle.wav,1931624,a90377b03a9df5e629b8a53e91aa815bca41e7f3e6d66af7968e787ec29bf9e0,Magic Spells,2,48000,24
audio/Magic Spells/Fairy Whimsical/WINGCrea_Fairy wing flutter_GfxSounds_FantasyGameBundle.wav,Fantasy Game Bundle/Magic Spells/Fairy Whimsical/WINGCrea_Fairy wing flutter_GfxSounds_FantasyGameBundle.wav,1922012,b0bb1f4f6b388fd990c4327f59831940043e54984d288b607608329c2a8d02f2,Magic Spells,2,48000,24
audio/Magic Spells/Holy Divine/MAGAngl_Divine blessing 2_GfxSounds_FantasyGameBundle.wav,Fantasy Game Bundle/Magic Spells/Holy Divine/MAGAngl_Divine blessing 2_GfxSounds_FantasyGameBundle.wav,1037928,4570da36fec7d99db0b9dcb32c69016d898a77cb4e11fe4280890458ebbf43f8,Magic Spells,2,48000,16
audio/Magic Spells/Holy Divine/MAGAngl_Divine blessing 3_GfxSounds_FantasyGameBundle.wav,Fantasy Game Bundle/Magic Spells/Holy Divine/MAGAngl_Divine blessing 3_GfxSounds_FantasyGameBundle.wav,1037932,95091395d6bf20803bffbd98cf9def92254b990c4929d5139ede6340bfb709be,Magic Spells,2,48000,16
audio/Magic Spells/Holy Divine/MAGAngl_Divine blessing 4_GfxSounds_FantasyGameBundle.wav,Fantasy Game Bundle/Magic Spells/Holy Divine/MAGAngl_Divine blessing 4_GfxSounds_FantasyGameBundle.wav,1153244,1eee174ae44c487f90daced812df64bc38ba8fa512ddd2a8049583d2c8ff442d,Magic Spells,2,48000,16
audio/Magic Spells/Holy Divine/MAGAngl_Divine blessing 5_GfxSounds_FantasyGameBundle.wav,Fantasy Game Bundle/Magic Spells/Holy Divine/MAGAngl_Divine blessing 5_GfxSounds_FantasyGameBundle.wav,781672,4ef0307b9a38d655c1707da3e8b1a5a1c453f06c314f1a8ebe6becd5197f3a75,Magic Spells,2,48000,16
audio/Magic Spells/Holy Divine/MAGAngl_Divine blessing 6_GfxSounds_FantasyGameBundle.wav,Fantasy Game Bundle/Magic Spells/Holy Divine/MAGAngl_Divine blessing 6_GfxSounds_FantasyGameBundle.wav,1217308,8c10fd64aba54eca650d6f8fe91d41648548b69f48ea479739bf1d505077ac1e,Magic Spells,2,48000,16
audio/Magic Spells/Holy Divine/MAGAngl_Divine blessing 7_GfxSounds_FantasyGameBundle.wav,Fantasy Game Bundle/Magic Spells/Holy Divine/MAGAngl_Divine blessing 7_GfxSounds_FantasyGameBundle.wav,890584,1410d7e552e7cd3a689ba8fd56572a5f239a95d3cd1c839481524e8d3b8817c7,Magic Spells,2,48000,16
audio/Magic Spells/Holy Divine/MAGAngl_Divine blessing_GfxSounds_FantasyGameBundle.wav,Fantasy Game Bundle/Magic Spells/Holy Divine/MAGAngl_Divine blessing_GfxSounds_FantasyGameBundle.wav,1089180,c15f92fa00cbc5510cb7046a335458774de38778fa2f67bff04ab1b2bbd1c02b,Magic Spells,2,48000,16
audio/Magic Spells/Holy Divine/MAGAngl_Holy attack spell 2_GfxSounds_FantasyGameBundle.wav,Fantasy Game Bundle/Magic Spells/Holy Divine/MAGAngl_Holy attack spell 2_GfxSounds_FantasyGameBundle.wav,2681172,c3bb74b1c32727a9db7f4dc212c053612d90e8cf8e2d59cfcc4e7d893a978e11,Magic Spells,2,48000,24
audio/Magic Spells/Holy Divine/MAGAngl_Holy attack spell_GfxSounds_FantasyGameBundle.wav,Fantasy Game Bundle/Magic Spells/Holy Divine/MAGAngl_Holy attack spell_GfxSounds_FantasyGameBundle.wav,2008500,27b38cefd80f74b85e1d52dc833a8ed362bedd29160247c5428814f212baa06d,Magic Spells,2,48000,24
audio/Magic Spells/Holy Divine/MAGAngl_Holy spell healing circle_GfxSounds_FantasyGameBundle.wav,Fantasy Game Bundle/Magic Spells/Holy Divine/MAGAngl_Holy spell healing circle_GfxSounds_FantasyGameBundle.wav,1556848,c423116bd308eb32dbb98ec1fab6e076e82fded4689ebb6a9f7a858f27035e3d,Magic Spells,2,48000,16
audio/Magic Spells/Holy Divine/MAGAngl_Holy spell incantation_GfxSounds_FantasyGameBundle.wav,Fantasy Game Bundle/Magic Spells/Holy Divine/MAGAngl_Holy spell incantation_GfxSounds_FantasyGameBundle.wav,967456,dc75e9ff72a9ad47d095f4637b37806708a15b20103c15b702aba509dd84ef5f,Magic Spells,2,48000,16
audio/Magic Spells/Holy Divine/MAGAngl_Holy spell long attack_GfxSounds_FantasyGameBundle.wav,Fantasy Game Bundle/Magic Spells/Holy Divine/MAGAngl_Holy spell long attack_GfxSounds_FantasyGameBundle.wav,980272,fc622940d477535c6990260bde8f2e5daeabefa3756a55ae34ef10f6270646d2,Magic Spells,2,48000,16
audio/Magic Spells/Holy Divine/MAGAngl_Holy spell magical sphere 2_GfxSounds_FantasyGameBundle.wav,Fantasy Game Bundle/Magic Spells/Holy Divine/MAGAngl_Holy spell magical sphere 2_GfxSounds_FantasyGameBundle.wav,704796,6cad3dec8df7fe0966dcfaf5f09fda7a1f0668e79e470fb4d929b7e5f6b98391,Magic Spells,2,48000,16
audio/Magic Spells/Holy Divine/MAGAngl_Holy spell magical sphere_GfxSounds_FantasyGameBundle.wav,Fantasy Game Bundle/Magic Spells/Holy Divine/MAGAngl_Holy spell magical sphere_GfxSounds_FantasyGameBundle.wav,884176,f9849a06d20d4aad50945593c714e6ae931e499db7c72a6aedb4b5ddcbe5f6c8,Magic Spells,2,48000,16
audio/Magic Spells/Holy Divine/MAGAngl_Holy spell seraphic wings_GfxSounds_FantasyGameBundle.wav,Fantasy Game Bundle/Magic Spells/Holy Divine/MAGAngl_Holy spell seraphic wings_GfxSounds_FantasyGameBundle.wav,826520,55e55aaef135899af977c6d9997af8684e5069e630bbb3e0d1229f4e96542390,Magic Spells,2,48000,16
audio/Magic Spells/Holy Divine/MAGAngl_Holy spell short attack_GfxSounds_FantasyGameBundle.wav,Fantasy Game Bundle/Magic Spells/Holy Divine/MAGAngl_Holy spell short attack_GfxSounds_FantasyGameBundle.wav,422916,572ff44c1a4739f47adbef368fc059e1b1376712a43efe419d4d5c0d8d66bf67,Magic Spells,2,48000,16
audio/Magic Spells/Holy Divine/MAGAngl_Magic healing spell 2_GfxSounds_FantasyGameBundle.wav,Fantasy Game Bundle/Magic Spells/Holy Divine/MAGAngl_Magic healing spell 2_GfxSounds_FantasyGameBundle.wav,1970060,c3b260e6b02f264d2d517f9a7afde90acfb9c4d129868ed00feaa90f22e36506,Magic Spells,2,48000,24
audio/Magic Spells/Holy Divine/MAGAngl_Magic healing spell_GfxSounds_FantasyGameBundle.wav,Fantasy Game Bundle/Magic Spells/Holy Divine/MAGAngl_Magic healing spell_GfxSounds_FantasyGameBundle.wav,1806698,8d8496ef0f0052d25a77615091d1041684c882c9f53ab326ba9930fd57744a66,Magic Spells,2,48000,24
audio/Magic Spells/Magic Explosions Impacts/EXPLDsgn_Huge magic explosion 2_GfxSounds_FantasyGameBundle.wav,Fantasy Game Bundle/Magic Spells/Magic Explosions Impacts/EXPLDsgn_Huge magic explosion 2_GfxSounds_FantasyGameBundle.wav,2940632,d9901ffdc40cd9f0b8f8de33935e47d6b4f7e472f0cd74781c3e4454ae770dcc,Magic Spells,2,48000,24
audio/Magic Spells/Magic Explosions Impacts/EXPLDsgn_Huge magic explosion 3_GfxSounds_FantasyGameBundle.wav,Fantasy Game Bundle/Magic Spells/Magic Explosions Impacts/EXPLDsgn_Huge magic explosion 3_GfxSounds_FantasyGameBundle.wav,3507596,dae029a92d7c3f5978abf5284592b0328fe1b57bcc58092d74eb0280eaacc8bc,Magic Spells,2,48000,24
audio/Magic Spells/Magic Explosions Impacts/EXPLDsgn_Huge magic explosion_GfxSounds_FantasyGameBundle.wav,Fantasy Game Bundle/Magic Spells/Magic Explosions Impacts/EXPLDsgn_Huge magic explosion_GfxSounds_FantasyGameBundle.wav,2229518,ce941d8192d750efe5f74601146abb4bc4046267a50ff7880ffc7ae434ad55b0,Magic Spells,2,48000,24
audio/Magic Spells/Magic Portals/MAGMisc_Dark suspense transition_GfxSounds_FantasyGameBundle.wav,Fantasy Game Bundle/Magic Spells/Magic Portals/MAGMisc_Dark suspense transition_GfxSounds_FantasyGameBundle.wav,951440,22132f0e456bf93cd3607565a096314bee58dead83dff6ebc4dbe70cbc054051,Magic Spells,2,48000,24
audio/Magic Spells/Magic Portals/MAGMisc_Time portal warp 2_GfxSounds_FantasyGameBundle.wav,Fantasy Game Bundle/Magic Spells/Magic Portals/MAGMisc_Time portal warp 2_GfxSounds_FantasyGameBundle.wav,1332624,e4e90e84c2433967d815111c5edb80526726051fe838b03508ac577db50c1b0e,Magic Spells,2,48000,16
audio/Magic Spells/Magic Portals/MAGMisc_Time portal warp 3_GfxSounds_FantasyGameBundle.wav,Fantasy Game Bundle/Magic Spells/Magic Portals/MAGMisc_Time portal warp 3_GfxSounds_FantasyGameBundle.wav,1358248,e221733537c18083b1d41b2a4a054c32d77e9b9354544d8033bfa6081fe0223f,Magic Spells,2,48000,16
audio/Magic Spells/Magic Portals/MAGMisc_Time portal warp 4_GfxSounds_FantasyGameBundle.wav,Fantasy Game Bundle/Magic Spells/Magic Portals/MAGMisc_Time portal warp 4_GfxSounds_FantasyGameBundle.wav,1447940,149e40523e839b0e8e9d41ff1d1197eb59fa12352f7257ce661ce1ea4bc99166,Magic Spells,2,48000,16
audio/Magic Spells/Magic Portals/MAGMisc_Time portal warp_GfxSounds_FantasyGameBundle.wav,Fantasy Game Bundle/Magic Spells/Magic Portals/MAGMisc_Time portal warp_GfxSounds_FantasyGameBundle.wav,1242932,a58aeaa0f7c2831efd38dbbc705b0988a42e5e574950944c3eeca48035576249,Magic Spells,2,48000,16
audio/Magic Spells/Magic Portals/MAGShim_Magic shimmer transition 2_GfxSounds_FantasyGameBundle.wav,Fantasy Game Bundle/Magic Spells/Magic Portals/MAGShim_Magic shimmer transition 2_GfxSounds_FantasyGameBundle.wav,2522396,0134eea5b1f43e3d7eba8ce7f956bebd79064b6085eb4b410401cd45a4dbc0a0,Magic Spells,2,48000,24
audio/Magic Spells/Magic Portals/MAGShim_Magic shimmer transition 3_GfxSounds_FantasyGameBundle.wav,Fantasy Game Bundle/Magic Spells/Magic Portals/MAGShim_Magic shimmer transition 3_GfxSounds_FantasyGameBundle.wav,3132080,5f4aeb748386deed49ce8e9a2a75685836f4f024e6ff93a2557709885052a5ee,Magic Spells,2,48000,24
audio/Magic Spells/Magic Portals/MAGShim_Magic shimmer transition 4_GfxSounds_FantasyGameBundle.wav,Fantasy Game Bundle/Magic Spells/Magic Portals/MAGShim_Magic shimmer transition 4_GfxSounds_FantasyGameBundle.wav,3024080,a2038d1e041d9eebc5caa3ee7e3ee972a8dab3213a8a5afdc5f98efcd9dbed3a,Magic Spells,2,48000,24
audio/Magic Spells/Magic Portals/MAGShim_Magic shimmer transition 5_GfxSounds_FantasyGameBundle.wav,Fantasy Game Bundle/Magic Spells/Magic Portals/MAGShim_Magic shimmer transition 5_GfxSounds_FantasyGameBundle.wav,3306062,91a7b69aee1897ffd8308e93907661207146f251e2d3fa97df3dbe2eb76d11e5,Magic Spells,2,48000,24
audio/Magic Spells/Magic Portals/MAGShim_Magic shimmer transition_GfxSounds_FantasyGameBundle.wav,Fantasy Game Bundle/Magic Spells/Magic Portals/MAGShim_Magic shimmer transition_GfxSounds_FantasyGameBundle.wav,2478014,2c40b800adcc8e34688cd3df7f0e4eec9442a0ed5caf03a5dffbe39d10e27332,Magic Spells,2,48000,24
audio/Music Stingers/Bard Melodies/MUSCLoop_Bard mandolin cheerful melody loop_GfxSounds_FantasyGameBundle.wav,Fantasy Game Bundle/Music Stingers/Bard Melodies/MUSCLoop_Bard mandolin cheerful melody loop_GfxSounds_FantasyGameBundle.wav,1383872,604a5f9b24dc4c808cbd028538daf9d39d5160f142b40edb2e179d7f05b796d1,Music Stingers,2,48000,16
audio/Music Stingers/Bard Melodies/MUSCLoop_Bard mandolin dramatic melody loop_GfxSounds_FantasyGameBundle.wav,Fantasy Game Bundle/Music Stingers/Bard Melodies/MUSCLoop_Bard mandolin dramatic melody loop_GfxSounds_FantasyGameBundle.wav,1383876,8906168c9e47bd0ba6774dacf11c3c12b0aaf6d27a082397d7f75f60f53299e6,Music Stingers,2,48000,16
audio/Music Stingers/Bard Melodies/MUSCLoop_Bard mandolin dreamy melody loop_GfxSounds_FantasyGameBundle.wav,Fantasy Game Bundle/Music Stingers/Bard Melodies/MUSCLoop_Bard mandolin dreamy melody loop_GfxSounds_FantasyGameBundle.wav,1845132,4b61ab70ae8b6468aeb178583e5b90b0c71172a1171423cb7b2d9b87899b9070,Music Stingers,2,48000,16
audio/Music Stingers/Bard Melodies/MUSCLoop_Bard mandolin eerie melody loop_GfxSounds_FantasyGameBundle.wav,Fantasy Game Bundle/Music Stingers/Bard Melodies/MUSCLoop_Bard mandolin eerie melody loop_GfxSounds_FantasyGameBundle.wav,2306396,fb71ae22c21e5bb087aa4a826efe1b6c51a09d4f07584eaed433cda16be6811e,Music Stingers,2,48000,16
audio/Music Stingers/Bard Melodies/MUSCLoop_Bard mandolin festive melody loop_GfxSounds_FantasyGameBundle.wav,Fantasy Game Bundle/Music Stingers/Bard Melodies/MUSCLoop_Bard mandolin festive melody loop_GfxSounds_FantasyGameBundle.wav,1537628,46ea289f844b61710a41c65d7ee7086be3e2bac0a50318b6d3621a0af1e8fb85,Music Stingers,2,48000,16
audio/Music Stingers/Bard Melodies/MUSCLoop_Bard mandolin sad melody loop_GfxSounds_FantasyGameBundle.wav,Fantasy Game Bundle/Music Stingers/Bard Melodies/MUSCLoop_Bard mandolin sad melody loop_GfxSounds_FantasyGameBundle.wav,2306396,aab6813d3884b7f08254c93aec9ef639f8c3a93d7ede43c577576bada3ed9b8e,Music Stingers,2,48000,16
audio/Music Stingers/Chest Reward Stingers/MUSCStngr_Chest reward ancient rune_GfxSounds_FantasyGameBundle.wav,Fantasy Game Bundle/Music Stingers/Chest Reward Stingers/MUSCStngr_Chest reward ancient rune_GfxSounds_FantasyGameBundle.wav,1105196,caa003850c4a0215649138b10dff910fcb9eef45240614c0fdeaf3ee70d589f8,Music Stingers,2,48000,24
audio/Music Stingers/Chest Reward Stingers/MUSCStngr_Chest reward epic 2_GfxSounds_FantasyGameBundle.wav,Fantasy Game Bundle/Music Stingers/Chest Reward Stingers/MUSCStngr_Chest reward epic 2_GfxSounds_FantasyGameBundle.wav,1191686,c0f306402372c643fa8fd16e9a254524c05f2b2679dcb94f7fcf20fa83a7740e,Music Stingers,2,48000,24
audio/Music Stingers/Chest Reward Stingers/MUSCStngr_Chest reward epic_GfxSounds_FantasyGameBundle.wav,Fantasy Game Bundle/Music Stingers/Chest Reward Stingers/MUSCStngr_Chest reward epic_GfxSounds_FantasyGameBundle.wav,1652942,03f105fdf122413301cc03dce524d9561a065bbe7309981063a1c7fece98e6ba,Music Stingers,2,48000,24
audio/Music Stingers/Chest Reward Stingers/MUSCStngr_Chest reward fail 2_GfxSounds_FantasyGameBundle.wav,Fantasy Game Bundle/Music Stingers/Chest Reward Stingers/MUSCStngr_Chest reward fail 2_GfxSounds_FantasyGameBundle.wav,326820,24c573409bd729dc8feb57ea11fb235534e0e274134b37e1f6f5783f584497d6,Music Stingers,2,48000,16
audio/Music Stingers/Chest Reward Stingers/MUSCStngr_Chest reward fail_GfxSounds_FantasyGameBundle.wav,Fantasy Game Bundle/Music Stingers/Chest Reward Stingers/MUSCStngr_Chest reward fail_GfxSounds_FantasyGameBundle.wav,339632,a95fb276d1b823dd81ea284216442fdfc79805376715a252d9d9349d18c30f27,Music Stingers,2,48000,16
audio/Music Stingers/Chest Reward Stingers/MUSCStngr_Chest reward fantasy_GfxSounds_FantasyGameBundle.wav,Fantasy Game Bundle/Music Stingers/Chest Reward Stingers/MUSCStngr_Chest reward fantasy_GfxSounds_FantasyGameBundle.wav,1047536,55a2e22d2bd142349d6e23863f916a823550b748d860f1455aa6432c740d81fb,Music Stingers,2,48000,24
audio/Music Stingers/Chest Reward Stingers/MUSCStngr_Chest reward flute_GfxSounds_FantasyGameBundle.wav,Fantasy Game Bundle/Music Stingers/Chest Reward Stingers/MUSCStngr_Chest reward flute_GfxSounds_FantasyGameBundle.wav,1134026,cce9d363aecca95c37f138a12ae8a102f0d4bbadcd819a7c5cd574d8fd53dde5,Music Stingers,2,48000,24
audio/Music Stingers/Chest Reward Stingers/MUSCStngr_Chest reward magic jungle_GfxSounds_FantasyGameBundle.wav,Fantasy Game Bundle/Music Stingers/Chest Reward Stingers/MUSCStngr_Chest reward magic jungle_GfxSounds_FantasyGameBundle.wav,1182074,3a3654607dad2e4484b6b0101a2e188089c9e0ae5c1295f78cac75c423df0a71,Music Stingers,2,48000,24
audio/Music Stingers/Chest Reward Stingers/MUSCStngr_Chest reward string_GfxSounds_FantasyGameBundle.wav,Fantasy Game Bundle/Music Stingers/Chest Reward Stingers/MUSCStngr_Chest reward string_GfxSounds_FantasyGameBundle.wav,1009100,0d6d76f1f8fad12ca684d66c47d5a8171a53e3242bba5c1aaecbbd6ab843d1ae,Music Stingers,2,48000,24
audio/Music Stingers/Chest Reward Stingers/MUSCStngr_Chest reward tropical_GfxSounds_FantasyGameBundle.wav,Fantasy Game Bundle/Music Stingers/Chest Reward Stingers/MUSCStngr_Chest reward tropical_GfxSounds_FantasyGameBundle.wav,2066156,ed747060efa34fa76bdb601b97333545410a95aae9d28512c693c39f790aac09,Music Stingers,2,48000,24
audio/Music Stingers/Defeat Logo Stingers/MUSCStngr_Ancient rune defeat sting_GfxSounds_FantasyGameBundle.wav,Fantasy Game Bundle/Music Stingers/Defeat Logo Stingers/MUSCStngr_Ancient rune defeat sting_GfxSounds_FantasyGameBundle.wav,3642128,fda1909f85a19844afd89f1652ec1b71ccc4b2b4662a2745b0d6b950df29687b,Music Stingers,2,48000,24
audio/Music Stingers/Defeat Logo Stingers/MUSCStngr_Classic defeat sting_GfxSounds_FantasyGameBundle.wav,Fantasy Game Bundle/Music Stingers/Defeat Logo Stingers/MUSCStngr_Classic defeat sting_GfxSounds_FantasyGameBundle.wav,8064044,93bc7c55b8da12b8ed1d303a76fd95b3f423e7b5df1daacbc8a932e798c90025,Music Stingers,2,192000,32
audio/Music Stingers/Defeat Logo Stingers/MUSCStngr_Epic defeat sting 2_GfxSounds_FantasyGameBundle.wav,Fantasy Game Bundle/Music Stingers/Defeat Logo Stingers/MUSCStngr_Epic defeat sting 2_GfxSounds_FantasyGameBundle.wav,2469758,9b599bf564c62c4e82826fea8d98af45400c2bab3d3264b560198cec7b4c8a3d,Music Stingers,2,48000,24
audio/Music Stingers/Defeat Logo Stingers/MUSCStngr_Epic defeat sting_GfxSounds_FantasyGameBundle.wav,Fantasy Game Bundle/Music Stingers/Defeat Logo Stingers/MUSCStngr_Epic defeat sting_GfxSounds_FantasyGameBundle.wav,2287178,035d1f39473a0a4257e0bfd07489b15b3e0320ea289e1b7c8857f1e7a5efd86e,Music Stingers,2,48000,24
audio/Music Stingers/Defeat Logo Stingers/MUSCStngr_Fantasy defeat sting 2_GfxSounds_FantasyGameBundle.wav,Fantasy Game Bundle/Music Stingers/Defeat Logo Stingers/MUSCStngr_Fantasy defeat sting 2_GfxSounds_FantasyGameBundle.wav,3690176,ae64b58ed179f3ce349889b754e3743208d5d18b2e2b7c158c3776dee4f2d0a2,Music Stingers,2,48000,24
audio/Music Stingers/Defeat Logo Stingers/MUSCStngr_Fantasy defeat sting 3_GfxSounds_FantasyGameBundle.wav,Fantasy Game Bundle/Music Stingers/Defeat Logo Stingers/MUSCStngr_Fantasy defeat sting 3_GfxSounds_FantasyGameBundle.wav,3421106,f944da9ddc34180a0a06d64c8566cc08dea27a2e6eb6285608c861a00f2b496f,Music Stingers,2,48000,24
audio/Music Stingers/Defeat Logo Stingers/MUSCStngr_Fantasy defeat sting 4_GfxSounds_FantasyGameBundle.wav,Fantasy Game Bundle/Music Stingers/Defeat Logo Stingers/MUSCStngr_Fantasy defeat sting 4_GfxSounds_FantasyGameBundle.wav,2200688,417dc80b4e48578b2ab619cc53e4f2a5f5e7956ca88207ee447511c2df037482,Music Stingers,2,48000,24
audio/Music Stingers/Defeat Logo Stingers/MUSCStngr_Fantasy defeat sting_GfxSounds_FantasyGameBundle.wav,Fantasy Game Bundle/Music Stingers/Defeat Logo Stingers/MUSCStngr_Fantasy defeat sting_GfxSounds_FantasyGameBundle.wav,1182074,90e835523a7a425a3793788dce0e14e1e6f6089f046a9a5d7ea81d4c9370a2d3,Music Stingers,2,48000,24
audio/Music Stingers/Defeat Logo Stingers/MUSCStngr_Suspense logo sting 2_GfxSounds_FantasyGameBundle.wav,Fantasy Game Bundle/Music Stingers/Defeat Logo Stingers/MUSCStngr_Suspense logo sting 2_GfxSounds_FantasyGameBundle.wav,1854746,f02ef966e2d46957e8f18ca882084fb178f5d8e6df7ae9f30e1a048d829d29fc,Music Stingers,2,48000,24
audio/Music Stingers/Defeat Logo Stingers/MUSCStngr_Suspense logo sting 3_GfxSounds_FantasyGameBundle.wav,Fantasy Game Bundle/Music Stingers/Defeat Logo Stingers/MUSCStngr_Suspense logo sting 3_GfxSounds_FantasyGameBundle.wav,2950238,ea3406ab385efb3b60efcb22edaade1b2b40476895f73df9b05595848d6ef516,Music Stingers,2,48000,24
audio/Music Stingers/Defeat Logo Stingers/MUSCStngr_Suspense logo sting 4_GfxSounds_FantasyGameBundle.wav,Fantasy Game Bundle/Music Stingers/Defeat Logo Stingers/MUSCStngr_Suspense logo sting 4_GfxSounds_FantasyGameBundle.wav,2383274,aeec77a330ddd9e47c1cdd2faa2241db91def7b4572a9220d1175fc6f6c092d1,Music Stingers,2,48000,24
audio/Music Stingers/Defeat Logo Stingers/MUSCStngr_Suspense logo sting_GfxSounds_FantasyGameBundle.wav,Fantasy Game Bundle/Music Stingers/Defeat Logo Stingers/MUSCStngr_Suspense logo sting_GfxSounds_FantasyGameBundle.wav,2431316,7eb2e85867222ab9b67625d9fa5a991c1ea9528fa7a75e37ad5f91eb62d5bfc9,Music Stingers,2,48000,24
audio/Music Stingers/Magical Musical Accents/MUSCPluck_Enchanted harp glissando 2_GfxSounds_FantasyGameBundle.wav,Fantasy Game Bundle/Music Stingers/Magical Musical Accents/MUSCPluck_Enchanted harp glissando 2_GfxSounds_FantasyGameBundle.wav,1239728,540e3b74aef42c713d1ff6a30a81f79cada8f3ce7cd72e4cd4a54d588678dc88,Music Stingers,2,48000,24
audio/Music Stingers/Magical Musical Accents/MUSCPluck_Enchanted harp glissando 3_GfxSounds_FantasyGameBundle.wav,Fantasy Game Bundle/Music Stingers/Magical Musical Accents/MUSCPluck_Enchanted harp glissando 3_GfxSounds_FantasyGameBundle.wav,1153244,5ce3c04a7a56eed58661e9053de8978af9c7e9b1196fa1d8c4e10bdc17ff6545,Music Stingers,2,48000,24
audio/Music Stingers/Magical Musical Accents/MUSCPluck_Enchanted harp glissando_GfxSounds_FantasyGameBundle.wav,Fantasy Game Bundle/Music Stingers/Magical Musical Accents/MUSCPluck_Enchanted harp glissando_GfxSounds_FantasyGameBundle.wav,1258946,7a4ec82b070de3486ef8789a93c10a69da43c99c3dc256ac8d4c80bb86bdba7a,Music Stingers,2,48000,24
audio/Music Stingers/Reward Stingers/MUSCStngr_Ancient rune reward_GfxSounds_FantasyGameBundle.wav,Fantasy Game Bundle/Music Stingers/Reward Stingers/MUSCStngr_Ancient rune reward_GfxSounds_FantasyGameBundle.wav,884174,f16c6acc46b8b35ff919937b114b22a614083892e4616e97ca4621a488378f60,Music Stingers,2,48000,24
audio/Music Stingers/Reward Stingers/MUSCStngr_Epic reward_GfxSounds_FantasyGameBundle.wav,Fantasy Game Bundle/Music Stingers/Reward Stingers/MUSCStngr_Epic reward_GfxSounds_FantasyGameBundle.wav,768860,962dbff15f8bc4f560c602137d3aac8cd7f6baf71c6bba8beeda30a2f7dc362d,Music Stingers,2,48000,24
audio/Music Stingers/Reward Stingers/MUSCStngr_Fantasy reward_GfxSounds_FantasyGameBundle.wav,Fantasy Game Bundle/Music Stingers/Reward Stingers/MUSCStngr_Fantasy reward_GfxSounds_FantasyGameBundle.wav,1210898,899d136551cb7cf6fad71c5e504f6e16a0b3d7baea92448b92653d19b8875f97,Music Stingers,2,48000,24
audio/Music Stingers/Reward Stingers/MUSCStngr_Holy reward_GfxSounds_FantasyGameBundle.wav,Fantasy Game Bundle/Music Stingers/Reward Stingers/MUSCStngr_Holy reward_GfxSounds_FantasyGameBundle.wav,1431920,44fc6532129ee606a3b60aa84f804c12cc4fd62d90826c9dff478458115a9b10,Music Stingers,2,48000,24
audio/Music Stingers/Reward Stingers/MUSCStngr_Strings reward_GfxSounds_FantasyGameBundle.wav,Fantasy Game Bundle/Music Stingers/Reward Stingers/MUSCStngr_Strings reward_GfxSounds_FantasyGameBundle.wav,1374266,3395ce402b45eae5f6555804c4426518f4501e18b6008586e6250cd454b3894c,Music Stingers,2,48000,24
audio/UI Feedback/Adventure UI/UIClick_Adventure ui clear_GfxSounds_FantasyGameBundle.wav,Fantasy Game Bundle/UI Feedback/Adventure UI/UIClick_Adventure ui clear_GfxSounds_FantasyGameBundle.wav,711204,661699b31e911277ee0400377adb7dbce37afd9e498df4353803e9e34d2b5888,UI Feedback,2,48000,16
audio/UI Feedback/Adventure UI/UIClick_Adventure ui confirm_GfxSounds_FantasyGameBundle.wav,Fantasy Game Bundle/UI Feedback/Adventure UI/UIClick_Adventure ui confirm_GfxSounds_FantasyGameBundle.wav,307600,5ec1087e3cdaac1d60d814e28a83f44397e74a654713ba0326e97504c4107a78,UI Feedback,2,48000,16
audio/UI Feedback/Adventure UI/UIClick_Adventure ui select_GfxSounds_FantasyGameBundle.wav,Fantasy Game Bundle/UI Feedback/Adventure UI/UIClick_Adventure ui select_GfxSounds_FantasyGameBundle.wav,109000,a58fa6c6ef9b8c1306772d6352b9c49dae9ec7501f40639f502b354dbbc2eb92,UI Feedback,2,48000,16
audio/UI Feedback/Adventure UI/UIMvmt_Adventure ui error_GfxSounds_FantasyGameBundle.wav,Fantasy Game Bundle/UI Feedback/Adventure UI/UIMvmt_Adventure ui error_GfxSounds_FantasyGameBundle.wav,134624,ce204c0da62054769152a325f8fad17eca8b00233e0720228e5d6707cb045978,UI Feedback,2,48000,16
audio/UI Feedback/Adventure UI/UIMvmt_Adventure ui item unlock_GfxSounds_FantasyGameBundle.wav,Fantasy Game Bundle/UI Feedback/Adventure UI/UIMvmt_Adventure ui item unlock_GfxSounds_FantasyGameBundle.wav,217912,180b50bc76e35b4220ad73b8b54b1a5f8de38a4efab937ac4f07f0f705ff51bb,UI Feedback,2,48000,16
audio/UI Feedback/Adventure UI/UIMvmt_Adventure ui tab switch_GfxSounds_FantasyGameBundle.wav,Fantasy Game Bundle/UI Feedback/Adventure UI/UIMvmt_Adventure ui tab switch_GfxSounds_FantasyGameBundle.wav,160252,85d3b8f732b4f8d052f836cb48f4d53aa4114563f47e00f8cbd0f14b05053944,UI Feedback,2,48000,16
audio/UI Feedback/Buttons/UIClick_Button click 2_GfxSounds_FantasyGameBundle.wav,Fantasy Game Bundle/UI Feedback/Buttons/UIClick_Button click 2_GfxSounds_FantasyGameBundle.wav,123696,0969f7593173d73d1c78b278606db206d25869621276179d4d665ccebeedabcd,UI Feedback,2,44100,16
audio/UI Feedback/Buttons/UIClick_Button click_GfxSounds_FantasyGameBundle.wav,Fantasy Game Bundle/UI Feedback/Buttons/UIClick_Button click_GfxSounds_FantasyGameBundle.wav,106036,7a74e8bcea31c5deafd03bad1e73952513f8d61a0cd5134bdd8cf30859df9ea5,UI Feedback,2,44100,16
audio/UI Feedback/Buttons/UIClick_Switch off 2_GfxSounds_FantasyGameBundle.wav,Fantasy Game Bundle/UI Feedback/Buttons/UIClick_Switch off 2_GfxSounds_FantasyGameBundle.wav,111924,26f24a9b5adfaf8178ff0f2997984c9705b226ca26e1763ffccc2fb18a15da24,UI Feedback,2,44100,16
audio/UI Feedback/Buttons/UIClick_Switch off_GfxSounds_FantasyGameBundle.wav,Fantasy Game Bundle/UI Feedback/Buttons/UIClick_Switch off_GfxSounds_FantasyGameBundle.wav,70724,1237c8189a50b58a3974e9fd6ad16c36dbc0ec11632e159eec9daedd6f63419c,UI Feedback,2,44100,16
audio/UI Feedback/Buttons/UIClick_Switch on 2_GfxSounds_FantasyGameBundle.wav,Fantasy Game Bundle/UI Feedback/Buttons/UIClick_Switch on 2_GfxSounds_FantasyGameBundle.wav,70724,d62669206d7caedea8da0483a49deaeea14e44fde7176c0353e620613933f200,UI Feedback,2,44100,16
audio/UI Feedback/Buttons/UIClick_Switch on_GfxSounds_FantasyGameBundle.wav,Fantasy Game Bundle/UI Feedback/Buttons/UIClick_Switch on_GfxSounds_FantasyGameBundle.wav,70724,9154f64c35d03adcc5c41913efed07bb4e76d2ae21d4f2a0d7c51ec20e71b55e,UI Feedback,2,44100,16
audio/UI Feedback/Buttons/UIClick_Toggle switch 2_GfxSounds_FantasyGameBundle.wav,Fantasy Game Bundle/UI Feedback/Buttons/UIClick_Toggle switch 2_GfxSounds_FantasyGameBundle.wav,323812,9a828226b30eda378c3c0049242cbbecd9ecfd8c12009cad79a1533f37f4a1e3,UI Feedback,2,44100,16
audio/UI Feedback/Buttons/UIClick_Toggle switch_GfxSounds_FantasyGameBundle.wav,Fantasy Game Bundle/UI Feedback/Buttons/UIClick_Toggle switch_GfxSounds_FantasyGameBundle.wav,194324,a3a115b5669e95779b14186b6b193edd6cb2ec4b399c1dd9bf9d40bbc7ae5132,UI Feedback,2,44100,16
audio/UI Feedback/Classic UI/UIClick_Classic ui clear_GfxSounds_FantasyGameBundle.wav,Fantasy Game Bundle/UI Feedback/Classic UI/UIClick_Classic ui clear_GfxSounds_FantasyGameBundle.wav,192284,c173606a96138939cbbb04c45bae65c62c1b66f66165fa4399742e16a3a5b077,UI Feedback,2,48000,16
audio/UI Feedback/Classic UI/UIClick_Classic ui confirm_GfxSounds_FantasyGameBundle.wav,Fantasy Game Bundle/UI Feedback/Classic UI/UIClick_Classic ui confirm_GfxSounds_FantasyGameBundle.wav,96188,fd1bd6071f6f7b0cc1dbd28270d01e2c37562feccaaacc085c915f00f6df374a,UI Feedback,2,48000,24
audio/UI Feedback/Classic UI/UIClick_Classic ui select_GfxSounds_FantasyGameBundle.wav,Fantasy Game Bundle/UI Feedback/Classic UI/UIClick_Classic ui select_GfxSounds_FantasyGameBundle.wav,115412,c6d1ad71df733e8442a16ad89e608bc37659e8078d21de2e899545021e2aa7db,UI Feedback,2,48000,24
audio/UI Feedback/Classic UI/UIMvmt_Classic ui error_GfxSounds_FantasyGameBundle.wav,Fantasy Game Bundle/UI Feedback/Classic UI/UIMvmt_Classic ui error_GfxSounds_FantasyGameBundle.wav,125018,fc93997f09b75a9507b1a9632d88397467d376f953e7eff4d92d9b12bdab0ee6,UI Feedback,2,48000,24
audio/UI Feedback/Classic UI/UIMvmt_Classic ui item unlock_GfxSounds_FantasyGameBundle.wav,Fantasy Game Bundle/UI Feedback/Classic UI/UIMvmt_Classic ui item unlock_GfxSounds_FantasyGameBundle.wav,160252,94b2910a6eb6e0622530895e17c8d740ece18ed63ad16861bfd718d91423992a,UI Feedback,2,48000,16
audio/UI Feedback/Classic UI/UIMvmt_Classic ui tab switch_GfxSounds_FantasyGameBundle.wav,Fantasy Game Bundle/UI Feedback/Classic UI/UIMvmt_Classic ui tab switch_GfxSounds_FantasyGameBundle.wav,48140,f6603820f81d1e8e39f13c902906fc526e9d2e8f280ceea52b0858f4a9553a08,UI Feedback,2,48000,24
audio/UI Feedback/Fantasy UI/UIClick_Fantasy ui clear_GfxSounds_FantasyGameBundle.wav,Fantasy Game Bundle/UI Feedback/Fantasy UI/UIClick_Fantasy ui clear_GfxSounds_FantasyGameBundle.wav,378072,d193f697b2a156a61d5dd479fa2780dc847f89251744daaf00950997ce59ab2a,UI Feedback,2,48000,16
audio/UI Feedback/Fantasy UI/UIClick_Fantasy ui confirm_GfxSounds_FantasyGameBundle.wav,Fantasy Game Bundle/UI Feedback/Fantasy UI/UIClick_Fantasy ui confirm_GfxSounds_FantasyGameBundle.wav,493384,06771fa0df9148529685b6bc315e90a85616a8f92abf6604078ddbdec1c5eab8,UI Feedback,2,48000,16
audio/UI Feedback/Fantasy UI/UIClick_Fantasy ui select_GfxSounds_FantasyGameBundle.wav,Fantasy Game Bundle/UI Feedback/Fantasy UI/UIClick_Fantasy ui select_GfxSounds_FantasyGameBundle.wav,109000,6fb3af91e063e3e3bb6f6c66d9ee127622306c73a2598628711112e22ebb3c8b,UI Feedback,2,48000,16
audio/UI Feedback/Fantasy UI/UIMvmt_Fantasy ui error_GfxSounds_FantasyGameBundle.wav,Fantasy Game Bundle/UI Feedback/Fantasy UI/UIMvmt_Fantasy ui error_GfxSounds_FantasyGameBundle.wav,179472,a8838fb597a7e3ad4f028874e8beae2fe7806fb06d241d43566d4ba8c1dedaf6,UI Feedback,2,48000,16
audio/UI Feedback/Fantasy UI/UIMvmt_Fantasy ui item unlock_GfxSounds_FantasyGameBundle.wav,Fantasy Game Bundle/UI Feedback/Fantasy UI/UIMvmt_Fantasy ui item unlock_GfxSounds_FantasyGameBundle.wav,775268,926afb1f88bc82ec7fcf8f65de9333bfde23196c7beac6a48e22c2235287cd93,UI Feedback,2,48000,16
audio/UI Feedback/Fantasy UI/UIMvmt_Fantasy ui tab switch_GfxSounds_FantasyGameBundle.wav,Fantasy Game Bundle/UI Feedback/Fantasy UI/UIMvmt_Fantasy ui tab switch_GfxSounds_FantasyGameBundle.wav,166656,8137aef0be697ab892a0856eb3d1cb3906056ac39d87266adfc9f443034ab899,UI Feedback,2,48000,16
audio/UI Feedback/Progression Rewards/UIAlert_Bonus reward 2_GfxSounds_FantasyGameBundle.wav,Fantasy Game Bundle/UI Feedback/Progression Rewards/UIAlert_Bonus reward 2_GfxSounds_FantasyGameBundle.wav,429324,f2b0455a6b2a25f9cb57999f13cad8e2cec5e01ad1d96c518047a6daa8a9bda7,UI Feedback,2,48000,16
audio/UI Feedback/Progression Rewards/UIAlert_Bonus reward 3_GfxSounds_FantasyGameBundle.wav,Fantasy Game Bundle/UI Feedback/Progression Rewards/UIAlert_Bonus reward 3_GfxSounds_FantasyGameBundle.wav,429320,029c8491bb0c6eb372ca3c16a2f472d77dc727a38f43c78b1ca1c1cb91a505ef,UI Feedback,2,48000,16
audio/UI Feedback/Progression Rewards/UIAlert_Bonus reward_GfxSounds_FantasyGameBundle.wav,Fantasy Game Bundle/UI Feedback/Progression Rewards/UIAlert_Bonus reward_GfxSounds_FantasyGameBundle.wav,230724,bc6cb6d1feb1f54038baf481a53d07b5ba5b61673fb6659811a03aea8c31d396,UI Feedback,2,48000,16
audio/UI Feedback/Progression Rewards/UIAlert_Crafting power up 2_GfxSounds_FantasyGameBundle.wav,Fantasy Game Bundle/UI Feedback/Progression Rewards/UIAlert_Crafting power up 2_GfxSounds_FantasyGameBundle.wav,820220,0cb70ab4ed54d31ed6a39716ea7593efbb11c759bf713bb57bb4b408de0d9546,UI Feedback,2,48000,24
audio/UI Feedback/Progression Rewards/UIAlert_Crafting power up 3_GfxSounds_FantasyGameBundle.wav,Fantasy Game Bundle/UI Feedback/Progression Rewards/UIAlert_Crafting power up 3_GfxSounds_FantasyGameBundle.wav,495080,c775c65089fd37cef779282307001512fe850b9da7a7a7fcb5c7707c7f84c101,UI Feedback,2,48000,24
audio/UI Feedback/Progression Rewards/UIAlert_Crafting power up_GfxSounds_FantasyGameBundle.wav,Fantasy Game Bundle/UI Feedback/Progression Rewards/UIAlert_Crafting power up_GfxSounds_FantasyGameBundle.wav,675080,0d5582d86487e34a1f98d1607b9388e2822cc3958a06461a34a54e3638f37685,UI Feedback,2,48000,24
audio/UI Feedback/Progression Rewards/UIAlert_Puzzle achievement 2_GfxSounds_FantasyGameBundle.wav,Fantasy Game Bundle/UI Feedback/Progression Rewards/UIAlert_Puzzle achievement 2_GfxSounds_FantasyGameBundle.wav,685754,77170dba5e27eaf48d8ef72f4649d9ea0a657bc060c5fb3049dc20bed5a38f50,UI Feedback,2,48000,24
audio/UI Feedback/Progression Rewards/UIAlert_Puzzle achievement 3_GfxSounds_FantasyGameBundle.wav,Fantasy Game Bundle/UI Feedback/Progression Rewards/UIAlert_Puzzle achievement 3_GfxSounds_FantasyGameBundle.wav,877598,d891b71a3f4d302e9bf1966f1ad03385f5058bc1736108cf393d3b02256d81be,UI Feedback,2,48000,24
audio/UI Feedback/Progression Rewards/UIAlert_Puzzle achievement_GfxSounds_FantasyGameBundle.wav,Fantasy Game Bundle/UI Feedback/Progression Rewards/UIAlert_Puzzle achievement_GfxSounds_FantasyGameBundle.wav,1035080,cd237aa61b2ca3cde00ba0857482e2b270159edba40d19c73641dcfb77c9a837,UI Feedback,2,48000,24
audio/UI Feedback/Progression Rewards/UIAlert_Quest complete reward 2_GfxSounds_FantasyGameBundle.wav,Fantasy Game Bundle/UI Feedback/Progression Rewards/UIAlert_Quest complete reward 2_GfxSounds_FantasyGameBundle.wav,397288,93ba6aae33d2ec7acf9af8e9259e040e2e83eb57e8c6fd19d27279cbbf5102a3,UI Feedback,2,48000,16
audio/UI Feedback/Progression Rewards/UIAlert_Quest complete reward 3_GfxSounds_FantasyGameBundle.wav,Fantasy Game Bundle/UI Feedback/Progression Rewards/UIAlert_Quest complete reward 3_GfxSounds_FantasyGameBundle.wav,493384,2e037c13f813b75f09a6d8db2f0c6992f8d5fcc7f9653506dcf0a42ea4b30323,UI Feedback,2,48000,16
audio/UI Feedback/Progression Rewards/UIAlert_Quest complete reward_GfxSounds_FantasyGameBundle.wav,Fantasy Game Bundle/UI Feedback/Progression Rewards/UIAlert_Quest complete reward_GfxSounds_FantasyGameBundle.wav,480572,d574b15793aa9441e31605a171a6ec27102e2eba85c5548a4c5c3767158b4b64,UI Feedback,2,48000,16
audio/UI Feedback/Shop Merchant/UIClick_Merchant sale chime 2_GfxSounds_FantasyGameBundle.wav,Fantasy Game Bundle/UI Feedback/Shop Merchant/UIClick_Merchant sale chime 2_GfxSounds_FantasyGameBundle.wav,576080,bd22d450e9109232bd21c1281aef4e5eeac55c8382b70dce3d99651640122d41,UI Feedback,2,48000,24
audio/UI Feedback/Shop Merchant/UIClick_Merchant sale chime 3_GfxSounds_FantasyGameBundle.wav,Fantasy Game Bundle/UI Feedback/Shop Merchant/UIClick_Merchant sale chime 3_GfxSounds_FantasyGameBundle.wav,687728,9ef4a5c48348bcdc79344b07a39b1fb9f3e4c1a7149dd20fb57e522c64ceb916,UI Feedback,2,48000,24
audio/UI Feedback/Shop Merchant/UIClick_Merchant sale chime 4_GfxSounds_FantasyGameBundle.wav,Fantasy Game Bundle/UI Feedback/Shop Merchant/UIClick_Merchant sale chime 4_GfxSounds_FantasyGameBundle.wav,396074,765acab0fb192df4d341d40e3c68ee6546dda62a454006efac8bd85c835664e3,UI Feedback,2,48000,24
audio/UI Feedback/Shop Merchant/UIClick_Merchant sale chime 5_GfxSounds_FantasyGameBundle.wav,Fantasy Game Bundle/UI Feedback/Shop Merchant/UIClick_Merchant sale chime 5_GfxSounds_FantasyGameBundle.wav,548522,f9aea71e886ef53ada7b5777c4481405a3d386520824000b851d5c6a6f3d4419,UI Feedback,2,48000,24
audio/UI Feedback/Shop Merchant/UIClick_Merchant sale chime_GfxSounds_FantasyGameBundle.wav,Fantasy Game Bundle/UI Feedback/Shop Merchant/UIClick_Merchant sale chime_GfxSounds_FantasyGameBundle.wav,596042,1010032c11983dc787107c18570c7f42feed16086c74f55827a9e0f6b7521573,UI Feedback,2,48000,24
audio/UI Feedback/Shop Merchant/UIClick_Shop purchase chime 2_GfxSounds_FantasyGameBundle.wav,Fantasy Game Bundle/UI Feedback/Shop Merchant/UIClick_Shop purchase chime 2_GfxSounds_FantasyGameBundle.wav,288380,8fe74d573837c2e5cb5d603e53b4e009611b5951e1c5629bcd4b5a4158228748,UI Feedback,2,48000,24
audio/UI Feedback/Shop Merchant/UIClick_Shop purchase chime 3_GfxSounds_FantasyGameBundle.wav,Fantasy Game Bundle/UI Feedback/Shop Merchant/UIClick_Shop purchase chime 3_GfxSounds_FantasyGameBundle.wav,326822,57dfeebc977e2f96c59ad6536f8bea5cc073790ce51ee2162c5f81ec04ba5e44,UI Feedback,2,48000,24
audio/UI Feedback/Shop Merchant/UIClick_Shop purchase chime 4_GfxSounds_FantasyGameBundle.wav,Fantasy Game Bundle/UI Feedback/Shop Merchant/UIClick_Shop purchase chime 4_GfxSounds_FantasyGameBundle.wav,317210,af6792bce703b8d5133c8a93ee828aee9f35b7750bccbc7ed068c319a4751d99,UI Feedback,2,48000,24
audio/UI Feedback/Shop Merchant/UIClick_Shop purchase chime_GfxSounds_FantasyGameBundle.wav,Fantasy Game Bundle/UI Feedback/Shop Merchant/UIClick_Shop purchase chime_GfxSounds_FantasyGameBundle.wav,230720,50b2de159b032a1c92277f44cfac4e3cf0ba21c57b3577f0e91a594e0dae89c2,UI Feedback,2,48000,24
